transaction_id,user_id,amount,transaction_type,status
1,325,96111,DEBIT,FAILED
2,150,12080,CREDIT,SUCCESS
3,113,71734,CREDIT,FAILED
4,119,95743,CREDIT,SUCCESS
5,169,27997,CREDIT,SUCCESS
6,203,46898,CREDIT,FAILED
7,306,75234,DEBIT,SUCCESS
8,174,53856,CREDIT,SUCCESS
9,438,80683,DEBIT,FAILED
10,424,63722,DEBIT,SUCCESS
11,420,66615,DEBIT,SUCCESS
12,498,58560,DEBIT,SUCCESS
13,111,51900,CREDIT,SUCCESS
14,147,43015,DEBIT,SUCCESS
15,473,48686,CREDIT,SUCCESS
16,390,77686,DEBIT,SUCCESS
17,100,15867,CREDIT,FAILED
18,142,12143,CREDIT,FAILED
19,430,64852,CREDIT,SUCCESS
20,440,65143,DEBIT,SUCCESS
21,392,6078,CREDIT,SUCCESS
22,263,82893,DEBIT,FAILED
23,197,82171,CREDIT,FAILED
24,401,96059,DEBIT,SUCCESS
25,109,76379,DEBIT,SUCCESS
26,174,27861,DEBIT,SUCCESS
27,460,92561,CREDIT,SUCCESS
28,249,62105,DEBIT,SUCCESS
29,377,65451,DEBIT,FAILED
30,436,57427,CREDIT,SUCCESS
31,485,16774,CREDIT,SUCCESS
32,252,45238,DEBIT,SUCCESS
33,177,72198,CREDIT,SUCCESS
34,312,98528,DEBIT,SUCCESS
35,438,33311,CREDIT,SUCCESS
36,290,87603,DEBIT,SUCCESS
37,269,21352,CREDIT,SUCCESS
38,426,66430,DEBIT,SUCCESS
39,395,87870,DEBIT,FAILED
40,420,6463,DEBIT,SUCCESS
41,488,25165,DEBIT,SUCCESS
42,318,80263,CREDIT,FAILED
43,464,92636,DEBIT,SUCCESS
44,141,76963,DEBIT,SUCCESS
45,182,39812,CREDIT,SUCCESS
46,280,91019,CREDIT,SUCCESS
47,476,61832,CREDIT,SUCCESS
48,325,10454,DEBIT,FAILED
49,487,93072,DEBIT,SUCCESS
50,456,19163,DEBIT,SUCCESS
51,408,76276,CREDIT,SUCCESS
52,355,73814,DEBIT,SUCCESS
53,315,45915,CREDIT,FAILED
54,486,99693,CREDIT,FAILED
55,181,7828,CREDIT,SUCCESS
56,181,72697,DEBIT,SUCCESS
57,206,90537,CREDIT,SUCCESS
58,169,30738,DEBIT,SUCCESS
59,286,86492,DEBIT,FAILED
60,486,96385,CREDIT,FAILED
61,418,62941,DEBIT,SUCCESS
62,115,19321,CREDIT,SUCCESS
63,445,47308,CREDIT,SUCCESS
64,261,33178,DEBIT,FAILED
65,474,38910,DEBIT,FAILED
66,292,34832,CREDIT,FAILED
67,206,22182,CREDIT,SUCCESS
68,341,21021,DEBIT,SUCCESS
69,329,72915,CREDIT,SUCCESS
70,453,10102,CREDIT,SUCCESS
71,153,39408,CREDIT,SUCCESS
72,472,35198,DEBIT,SUCCESS
73,135,11859,DEBIT,SUCCESS
74,369,81018,CREDIT,SUCCESS
75,216,28550,CREDIT,SUCCESS
76,355,16590,DEBIT,SUCCESS
77,267,95604,CREDIT,SUCCESS
78,115,96534,CREDIT,SUCCESS
79,336,34304,CREDIT,SUCCESS
80,236,10586,DEBIT,SUCCESS
81,327,51600,CREDIT,FAILED
82,251,83719,CREDIT,SUCCESS
83,102,16646,CREDIT,SUCCESS
84,456,93211,CREDIT,FAILED
85,419,33721,CREDIT,SUCCESS
86,269,27392,DEBIT,SUCCESS
87,349,2588,CREDIT,SUCCESS
88,326,12198,CREDIT,SUCCESS
89,319,67565,DEBIT,SUCCESS
90,449,68117,CREDIT,FAILED
91,368,30006,CREDIT,FAILED
92,366,37449,CREDIT,SUCCESS
93,336,55004,CREDIT,FAILED
94,292,15812,DEBIT,SUCCESS
95,248,61013,DEBIT,SUCCESS
96,409,42306,DEBIT,SUCCESS
97,442,5611,DEBIT,SUCCESS
98,232,51554,CREDIT,SUCCESS
99,442,20189,CREDIT,SUCCESS
100,280,45992,DEBIT,SUCCESS
101,127,45031,DEBIT,SUCCESS
102,132,15100,CREDIT,SUCCESS
103,252,80310,CREDIT,SUCCESS
104,194,58202,DEBIT,FAILED
105,472,80396,DEBIT,SUCCESS
106,363,62844,CREDIT,FAILED
107,199,87726,CREDIT,SUCCESS
108,162,23448,CREDIT,SUCCESS
109,374,5952,CREDIT,SUCCESS
110,423,51248,DEBIT,SUCCESS
111,204,6490,CREDIT,FAILED
112,486,85533,CREDIT,SUCCESS
113,477,80479,DEBIT,SUCCESS
114,397,31851,DEBIT,FAILED
115,262,87858,CREDIT,SUCCESS
116,247,33982,DEBIT,SUCCESS
117,250,94585,CREDIT,SUCCESS
118,183,31299,DEBIT,FAILED
119,270,59415,CREDIT,SUCCESS
120,445,86285,CREDIT,FAILED
121,171,32184,DEBIT,SUCCESS
122,362,66583,DEBIT,SUCCESS
123,452,29815,DEBIT,SUCCESS
124,475,38154,CREDIT,FAILED
125,101,81130,DEBIT,FAILED
126,407,84473,DEBIT,SUCCESS
127,125,14542,CREDIT,SUCCESS
128,131,55182,CREDIT,FAILED
129,421,99409,DEBIT,SUCCESS
130,165,68971,DEBIT,SUCCESS
131,471,60011,DEBIT,SUCCESS
132,331,6048,CREDIT,SUCCESS
133,448,38228,DEBIT,FAILED
134,290,66257,DEBIT,SUCCESS
135,346,76882,CREDIT,SUCCESS
136,277,62340,CREDIT,FAILED
137,476,38823,CREDIT,SUCCESS
138,205,22563,DEBIT,SUCCESS
139,381,81578,CREDIT,FAILED
140,159,66187,CREDIT,SUCCESS
141,483,30525,DEBIT,SUCCESS
142,425,95803,CREDIT,FAILED
143,370,18999,CREDIT,FAILED
144,466,94505,CREDIT,SUCCESS
145,481,20170,CREDIT,FAILED
146,480,61380,CREDIT,SUCCESS
147,284,8847,DEBIT,SUCCESS
148,255,27703,DEBIT,SUCCESS
149,461,43914,CREDIT,SUCCESS
150,217,73853,CREDIT,SUCCESS
151,296,2993,CREDIT,SUCCESS
152,165,58751,DEBIT,SUCCESS
153,355,7107,DEBIT,SUCCESS
154,426,94190,CREDIT,SUCCESS
155,343,98600,CREDIT,SUCCESS
156,242,65635,DEBIT,SUCCESS
157,200,80264,CREDIT,SUCCESS
158,386,3489,DEBIT,SUCCESS
159,448,45457,CREDIT,FAILED
160,105,9427,CREDIT,FAILED
161,252,6329,CREDIT,FAILED
162,374,12403,CREDIT,SUCCESS
163,178,96760,DEBIT,SUCCESS
164,201,24754,DEBIT,SUCCESS
165,418,2957,CREDIT,SUCCESS
166,364,80916,DEBIT,FAILED
167,206,44930,CREDIT,SUCCESS
168,139,55396,DEBIT,SUCCESS
169,475,25545,CREDIT,SUCCESS
170,405,88024,CREDIT,SUCCESS
171,403,78020,CREDIT,SUCCESS
172,175,32978,CREDIT,SUCCESS
173,337,74387,CREDIT,FAILED
174,381,52326,CREDIT,SUCCESS
175,475,43303,CREDIT,SUCCESS
176,249,89340,DEBIT,SUCCESS
177,481,63618,CREDIT,SUCCESS
178,134,95393,CREDIT,SUCCESS
179,493,49775,DEBIT,SUCCESS
180,438,9597,DEBIT,SUCCESS
181,246,81046,DEBIT,SUCCESS
182,428,73880,DEBIT,SUCCESS
183,251,53791,DEBIT,SUCCESS
184,145,49671,CREDIT,FAILED
185,102,1477,CREDIT,FAILED
186,357,75476,CREDIT,SUCCESS
187,110,79876,DEBIT,SUCCESS
188,491,90133,CREDIT,SUCCESS
189,411,75041,CREDIT,SUCCESS
190,448,46105,CREDIT,FAILED
191,215,69525,CREDIT,SUCCESS
192,215,34811,CREDIT,FAILED
193,140,81153,CREDIT,FAILED
194,392,30479,CREDIT,SUCCESS
195,294,3966,DEBIT,SUCCESS
196,258,11018,DEBIT,FAILED
197,147,96912,DEBIT,SUCCESS
198,278,39312,DEBIT,SUCCESS
199,123,50137,CREDIT,SUCCESS
200,120,63358,DEBIT,SUCCESS
201,424,95841,CREDIT,SUCCESS
202,174,11523,CREDIT,SUCCESS
203,413,8458,DEBIT,SUCCESS
204,166,3080,DEBIT,FAILED
205,401,56572,DEBIT,SUCCESS
206,486,76215,CREDIT,FAILED
207,444,88848,CREDIT,SUCCESS
208,258,64463,DEBIT,FAILED
209,373,93662,DEBIT,FAILED
210,113,38150,CREDIT,SUCCESS
211,235,36163,CREDIT,SUCCESS
212,226,89752,CREDIT,SUCCESS
213,453,8798,CREDIT,FAILED
214,336,16176,DEBIT,SUCCESS
215,356,28723,DEBIT,SUCCESS
216,289,83282,DEBIT,SUCCESS
217,188,93674,CREDIT,SUCCESS
218,260,29634,DEBIT,SUCCESS
219,166,82384,DEBIT,SUCCESS
220,209,25179,CREDIT,FAILED
221,324,14483,CREDIT,FAILED
222,474,32259,DEBIT,FAILED
223,313,6191,DEBIT,FAILED
224,416,92319,DEBIT,SUCCESS
225,301,93055,DEBIT,FAILED
226,273,11461,CREDIT,SUCCESS
227,450,10334,CREDIT,FAILED
228,312,87666,CREDIT,SUCCESS
229,299,34020,DEBIT,SUCCESS
230,422,38974,DEBIT,SUCCESS
231,376,51447,DEBIT,FAILED
232,180,45590,DEBIT,SUCCESS
233,229,7677,DEBIT,SUCCESS
234,498,6858,CREDIT,FAILED
235,299,53118,DEBIT,SUCCESS
236,152,36886,CREDIT,SUCCESS
237,498,14103,DEBIT,SUCCESS
238,280,49333,CREDIT,SUCCESS
239,203,37440,CREDIT,SUCCESS
240,298,65770,CREDIT,FAILED
241,269,37270,CREDIT,SUCCESS
242,304,19822,CREDIT,SUCCESS
243,388,38058,CREDIT,SUCCESS
244,275,4103,DEBIT,SUCCESS
245,239,46503,DEBIT,FAILED
246,182,48053,DEBIT,SUCCESS
247,430,80204,CREDIT,SUCCESS
248,249,34634,DEBIT,FAILED
249,500,18536,CREDIT,SUCCESS
250,314,78628,DEBIT,SUCCESS
251,216,93846,DEBIT,SUCCESS
252,173,84514,CREDIT,FAILED
253,359,59514,CREDIT,SUCCESS
254,320,4825,DEBIT,FAILED
255,465,76681,CREDIT,FAILED
256,327,35252,DEBIT,FAILED
257,384,99393,CREDIT,SUCCESS
258,153,84908,DEBIT,SUCCESS
259,274,57999,DEBIT,SUCCESS
260,247,64833,DEBIT,SUCCESS
261,231,9373,DEBIT,FAILED
262,227,77379,CREDIT,SUCCESS
263,315,83193,DEBIT,SUCCESS
264,211,22603,DEBIT,FAILED
265,240,54292,CREDIT,SUCCESS
266,400,28731,CREDIT,SUCCESS
267,226,11227,DEBIT,SUCCESS
268,106,42711,DEBIT,SUCCESS
269,327,88761,DEBIT,SUCCESS
270,267,1266,CREDIT,SUCCESS
271,224,40853,CREDIT,SUCCESS
272,345,55686,CREDIT,SUCCESS
273,279,59180,DEBIT,SUCCESS
274,490,73928,DEBIT,SUCCESS
275,201,25260,CREDIT,FAILED
276,297,57851,CREDIT,SUCCESS
277,493,57489,DEBIT,FAILED
278,226,59014,CREDIT,FAILED
279,231,20961,DEBIT,SUCCESS
280,154,49943,DEBIT,FAILED
281,467,46809,CREDIT,SUCCESS
282,402,60094,DEBIT,SUCCESS
283,259,59279,CREDIT,FAILED
284,483,11979,CREDIT,SUCCESS
285,310,3910,DEBIT,SUCCESS
286,131,75657,CREDIT,SUCCESS
287,300,35351,DEBIT,SUCCESS
288,122,96847,DEBIT,FAILED
289,196,89134,DEBIT,SUCCESS
290,296,53082,DEBIT,SUCCESS
291,251,44376,CREDIT,FAILED
292,160,26265,CREDIT,SUCCESS
293,448,90819,CREDIT,SUCCESS
294,339,33174,DEBIT,FAILED
295,420,96469,DEBIT,FAILED
296,367,91905,DEBIT,SUCCESS
297,222,84160,DEBIT,SUCCESS
298,229,67327,DEBIT,SUCCESS
299,137,67085,CREDIT,SUCCESS
300,172,46237,DEBIT,FAILED
301,323,14669,DEBIT,FAILED
302,284,4419,CREDIT,SUCCESS
303,105,52764,DEBIT,SUCCESS
304,179,40964,CREDIT,SUCCESS
305,431,3542,CREDIT,SUCCESS
306,140,6584,DEBIT,SUCCESS
307,382,9873,CREDIT,SUCCESS
308,204,88789,CREDIT,FAILED
309,430,76623,DEBIT,SUCCESS
310,339,54259,DEBIT,SUCCESS
311,221,88935,DEBIT,SUCCESS
312,285,9032,CREDIT,SUCCESS
313,348,44616,CREDIT,FAILED
314,284,44896,CREDIT,SUCCESS
315,287,87153,DEBIT,SUCCESS
316,440,26018,DEBIT,SUCCESS
317,252,3216,DEBIT,SUCCESS
318,433,78303,CREDIT,SUCCESS
319,419,93705,CREDIT,FAILED
320,144,50088,CREDIT,SUCCESS
321,244,24655,DEBIT,SUCCESS
322,463,72469,CREDIT,SUCCESS
323,491,32826,DEBIT,FAILED
324,228,64787,CREDIT,SUCCESS
325,148,86358,CREDIT,SUCCESS
326,252,31925,CREDIT,SUCCESS
327,472,70208,DEBIT,SUCCESS
328,338,20590,DEBIT,FAILED
329,486,25714,DEBIT,SUCCESS
330,365,92187,CREDIT,SUCCESS
331,335,43219,CREDIT,FAILED
332,448,98191,DEBIT,FAILED
333,419,96300,DEBIT,SUCCESS
334,338,66861,CREDIT,SUCCESS
335,471,72892,DEBIT,SUCCESS
336,393,56396,CREDIT,SUCCESS
337,155,9193,DEBIT,SUCCESS
338,270,36113,DEBIT,SUCCESS
339,170,71546,CREDIT,SUCCESS
340,254,1234,DEBIT,SUCCESS
341,357,83198,DEBIT,SUCCESS
342,403,72296,DEBIT,SUCCESS
343,471,13631,CREDIT,SUCCESS
344,468,52110,DEBIT,SUCCESS
345,425,98325,DEBIT,FAILED
346,439,28824,DEBIT,SUCCESS
347,155,25112,DEBIT,SUCCESS
348,145,79404,CREDIT,SUCCESS
349,217,13817,CREDIT,SUCCESS
350,446,33980,DEBIT,SUCCESS
351,159,45888,DEBIT,SUCCESS
352,494,28060,CREDIT,SUCCESS
353,386,55416,DEBIT,SUCCESS
354,407,29638,DEBIT,FAILED
355,119,92678,CREDIT,SUCCESS
356,148,77711,CREDIT,SUCCESS
357,487,37474,CREDIT,FAILED
358,210,92651,DEBIT,SUCCESS
359,451,92867,DEBIT,FAILED
360,430,12661,CREDIT,SUCCESS
361,145,49059,CREDIT,SUCCESS
362,170,61397,CREDIT,SUCCESS
363,128,9812,CREDIT,SUCCESS
364,274,53048,CREDIT,FAILED
365,303,42151,CREDIT,FAILED
366,344,65099,DEBIT,SUCCESS
367,180,72165,DEBIT,FAILED
368,413,33274,DEBIT,SUCCESS
369,264,30690,CREDIT,SUCCESS
370,154,16292,DEBIT,SUCCESS
371,390,54563,DEBIT,FAILED
372,251,90735,CREDIT,SUCCESS
373,393,26396,CREDIT,SUCCESS
374,122,73501,DEBIT,SUCCESS
375,453,69622,CREDIT,FAILED
376,269,91765,DEBIT,SUCCESS
377,299,25491,DEBIT,SUCCESS
378,129,92454,CREDIT,SUCCESS
379,280,50383,DEBIT,SUCCESS
380,110,89469,DEBIT,SUCCESS
381,252,30871,CREDIT,SUCCESS
382,481,15014,CREDIT,SUCCESS
383,477,80976,DEBIT,SUCCESS
384,200,80871,DEBIT,FAILED
385,450,72773,DEBIT,SUCCESS
386,449,18194,CREDIT,SUCCESS
387,240,72317,CREDIT,SUCCESS
388,184,91099,CREDIT,SUCCESS
389,141,39874,CREDIT,SUCCESS
390,202,60996,DEBIT,SUCCESS
391,423,62359,CREDIT,SUCCESS
392,300,38809,DEBIT,SUCCESS
393,423,16748,CREDIT,SUCCESS
394,353,94282,CREDIT,SUCCESS
395,285,2275,CREDIT,SUCCESS
396,131,81973,DEBIT,SUCCESS
397,485,1055,DEBIT,SUCCESS
398,408,91861,DEBIT,FAILED
399,233,87769,CREDIT,SUCCESS
400,265,75804,DEBIT,FAILED
401,461,64468,DEBIT,SUCCESS
402,290,69671,CREDIT,SUCCESS
403,499,62688,CREDIT,SUCCESS
404,143,43729,DEBIT,SUCCESS
405,431,98381,CREDIT,SUCCESS
406,437,57740,CREDIT,FAILED
407,429,64807,DEBIT,SUCCESS
408,121,40948,DEBIT,SUCCESS
409,328,64105,DEBIT,SUCCESS
410,379,35010,CREDIT,FAILED
411,491,8219,DEBIT,SUCCESS
412,118,41951,CREDIT,FAILED
413,142,14220,CREDIT,SUCCESS
414,151,37991,CREDIT,SUCCESS
415,292,74560,CREDIT,SUCCESS
416,113,86129,DEBIT,SUCCESS
417,398,66667,CREDIT,SUCCESS
418,221,8978,CREDIT,SUCCESS
419,322,92686,CREDIT,SUCCESS
420,159,77672,DEBIT,SUCCESS
421,453,67385,DEBIT,SUCCESS
422,358,71879,CREDIT,SUCCESS
423,420,51862,CREDIT,FAILED
424,480,88176,DEBIT,SUCCESS
425,245,1284,CREDIT,SUCCESS
426,351,76418,CREDIT,SUCCESS
427,113,14840,DEBIT,SUCCESS
428,165,39346,DEBIT,FAILED
429,154,99818,DEBIT,FAILED
430,368,13047,CREDIT,SUCCESS
431,280,57269,CREDIT,SUCCESS
432,243,43688,DEBIT,SUCCESS
433,273,92831,DEBIT,SUCCESS
434,169,54738,DEBIT,FAILED
435,493,9524,DEBIT,SUCCESS
436,153,58019,CREDIT,SUCCESS
437,197,71735,DEBIT,SUCCESS
438,269,74040,CREDIT,SUCCESS
439,292,93552,CREDIT,SUCCESS
440,266,11621,CREDIT,FAILED
441,262,81421,DEBIT,SUCCESS
442,352,55027,DEBIT,FAILED
443,495,61349,DEBIT,FAILED
444,216,83755,DEBIT,FAILED
445,299,35559,CREDIT,SUCCESS
446,387,30491,DEBIT,FAILED
447,493,20704,DEBIT,SUCCESS
448,457,56613,CREDIT,SUCCESS
449,100,22386,CREDIT,FAILED
450,143,54437,CREDIT,SUCCESS
451,344,64654,DEBIT,SUCCESS
452,105,41827,DEBIT,SUCCESS
453,283,19028,CREDIT,FAILED
454,292,43576,DEBIT,FAILED
455,263,34912,CREDIT,SUCCESS
456,276,47343,CREDIT,SUCCESS
457,340,48386,CREDIT,SUCCESS
458,135,32996,DEBIT,FAILED
459,310,51591,CREDIT,SUCCESS
460,446,23029,CREDIT,SUCCESS
461,339,90796,DEBIT,SUCCESS
462,276,74071,CREDIT,SUCCESS
463,416,10133,CREDIT,SUCCESS
464,190,99126,CREDIT,SUCCESS
465,148,9870,DEBIT,FAILED
466,107,52170,DEBIT,FAILED
467,342,49767,DEBIT,FAILED
468,241,80322,DEBIT,FAILED
469,109,92680,CREDIT,FAILED
470,456,90737,CREDIT,SUCCESS
471,232,23281,DEBIT,SUCCESS
472,104,41161,CREDIT,SUCCESS
473,265,15165,DEBIT,SUCCESS
474,117,59185,CREDIT,SUCCESS
475,454,72734,DEBIT,FAILED
476,273,1019,CREDIT,FAILED
477,171,92745,CREDIT,SUCCESS
478,497,96910,DEBIT,FAILED
479,252,96298,CREDIT,SUCCESS
480,318,1908,DEBIT,SUCCESS
481,211,63020,CREDIT,FAILED
482,158,35136,DEBIT,FAILED
483,487,61229,CREDIT,SUCCESS
484,206,70363,DEBIT,SUCCESS
485,481,18571,DEBIT,SUCCESS
486,412,84646,CREDIT,SUCCESS
487,160,75560,CREDIT,SUCCESS
488,162,10682,DEBIT,SUCCESS
489,272,97762,DEBIT,SUCCESS
490,216,30574,CREDIT,FAILED
491,431,6133,DEBIT,SUCCESS
492,372,94603,DEBIT,SUCCESS
493,109,32289,DEBIT,FAILED
494,364,58668,CREDIT,SUCCESS
495,379,34706,CREDIT,SUCCESS
496,169,58221,CREDIT,SUCCESS
497,412,18141,CREDIT,SUCCESS
498,318,95734,DEBIT,SUCCESS
499,241,78923,CREDIT,SUCCESS
500,359,24387,CREDIT,SUCCESS
501,220,70673,DEBIT,SUCCESS
502,150,69696,DEBIT,SUCCESS
503,358,41670,DEBIT,SUCCESS
504,328,23377,DEBIT,SUCCESS
505,460,98073,DEBIT,SUCCESS
506,463,17571,CREDIT,FAILED
507,201,72547,DEBIT,SUCCESS
508,395,80013,CREDIT,FAILED
509,161,91287,DEBIT,FAILED
510,354,18650,CREDIT,SUCCESS
511,165,87061,CREDIT,SUCCESS
512,210,34062,DEBIT,SUCCESS
513,468,37090,CREDIT,SUCCESS
514,481,75283,CREDIT,SUCCESS
515,415,88016,DEBIT,SUCCESS
516,131,10558,DEBIT,SUCCESS
517,151,62639,DEBIT,SUCCESS
518,227,46710,CREDIT,FAILED
519,476,32163,DEBIT,FAILED
520,254,94376,CREDIT,SUCCESS
521,234,79181,CREDIT,FAILED
522,112,24087,CREDIT,SUCCESS
523,349,41542,CREDIT,SUCCESS
524,473,9429,DEBIT,FAILED
525,194,59565,DEBIT,FAILED
526,485,57700,DEBIT,SUCCESS
527,122,76107,CREDIT,SUCCESS
528,467,16783,DEBIT,SUCCESS
529,500,20478,CREDIT,FAILED
530,121,65411,DEBIT,SUCCESS
531,156,49417,DEBIT,FAILED
532,369,31091,CREDIT,SUCCESS
533,231,42540,DEBIT,FAILED
534,105,75504,CREDIT,SUCCESS
535,127,23140,DEBIT,SUCCESS
536,358,68715,CREDIT,SUCCESS
537,241,62739,CREDIT,SUCCESS
538,253,81962,DEBIT,SUCCESS
539,460,9391,DEBIT,SUCCESS
540,499,52870,DEBIT,SUCCESS
541,106,91333,CREDIT,SUCCESS
542,464,42640,CREDIT,SUCCESS
543,290,60497,CREDIT,SUCCESS
544,283,53487,DEBIT,SUCCESS
545,349,66365,CREDIT,SUCCESS
546,325,2322,DEBIT,SUCCESS
547,164,72715,DEBIT,SUCCESS
548,467,70352,CREDIT,SUCCESS
549,306,28492,CREDIT,FAILED
550,203,68979,DEBIT,SUCCESS
551,348,36961,DEBIT,SUCCESS
552,376,88986,DEBIT,FAILED
553,424,16396,DEBIT,SUCCESS
554,283,90290,DEBIT,SUCCESS
555,231,74459,DEBIT,SUCCESS
556,371,97955,CREDIT,SUCCESS
557,419,76162,DEBIT,SUCCESS
558,436,95083,DEBIT,SUCCESS
559,147,22709,DEBIT,SUCCESS
560,242,59289,CREDIT,FAILED
561,150,64400,CREDIT,SUCCESS
562,417,48515,DEBIT,SUCCESS
563,340,40428,CREDIT,SUCCESS
564,278,35305,DEBIT,SUCCESS
565,411,14770,DEBIT,SUCCESS
566,473,62145,DEBIT,FAILED
567,393,21885,CREDIT,SUCCESS
568,213,37713,DEBIT,SUCCESS
569,262,30088,CREDIT,SUCCESS
570,478,40591,DEBIT,SUCCESS
571,440,1914,DEBIT,SUCCESS
572,198,21413,CREDIT,SUCCESS
573,375,12672,DEBIT,SUCCESS
574,416,4384,CREDIT,FAILED
575,156,10835,DEBIT,SUCCESS
576,282,71095,CREDIT,FAILED
577,352,44305,CREDIT,FAILED
578,449,20343,DEBIT,SUCCESS
579,484,5801,DEBIT,SUCCESS
580,156,45603,CREDIT,SUCCESS
581,394,80274,DEBIT,SUCCESS
582,331,82720,CREDIT,SUCCESS
583,458,27417,DEBIT,SUCCESS
584,320,86331,CREDIT,SUCCESS
585,213,6600,CREDIT,SUCCESS
586,224,4284,DEBIT,FAILED
587,498,77132,DEBIT,SUCCESS
588,481,48600,DEBIT,SUCCESS
589,268,10369,DEBIT,SUCCESS
590,124,7248,DEBIT,SUCCESS
591,405,59123,CREDIT,FAILED
592,446,17178,DEBIT,SUCCESS
593,242,59939,DEBIT,FAILED
594,281,95882,DEBIT,SUCCESS
595,146,39587,CREDIT,SUCCESS
596,136,12239,DEBIT,SUCCESS
597,278,79470,DEBIT,SUCCESS
598,190,23138,DEBIT,SUCCESS
599,413,1657,DEBIT,SUCCESS
600,237,54482,CREDIT,FAILED
601,352,40441,DEBIT,FAILED
602,178,36738,CREDIT,SUCCESS
603,494,58289,CREDIT,SUCCESS
604,203,66907,CREDIT,SUCCESS
605,197,7673,CREDIT,SUCCESS
606,257,29488,CREDIT,SUCCESS
607,303,18244,CREDIT,SUCCESS
608,446,50245,CREDIT,FAILED
609,270,37596,DEBIT,FAILED
610,226,51871,CREDIT,SUCCESS
611,168,10699,CREDIT,SUCCESS
612,243,47305,DEBIT,SUCCESS
613,482,29759,CREDIT,FAILED
614,121,27883,DEBIT,SUCCESS
615,400,70038,DEBIT,FAILED
616,156,39316,CREDIT,SUCCESS
617,210,60999,DEBIT,SUCCESS
618,473,70257,DEBIT,FAILED
619,135,53326,CREDIT,SUCCESS
620,383,55663,DEBIT,SUCCESS
621,351,81739,CREDIT,SUCCESS
622,240,88794,DEBIT,SUCCESS
623,346,92154,CREDIT,SUCCESS
624,213,76296,CREDIT,SUCCESS
625,373,4212,DEBIT,FAILED
626,366,83647,CREDIT,FAILED
627,404,68367,DEBIT,SUCCESS
628,129,9678,DEBIT,SUCCESS
629,352,52806,DEBIT,SUCCESS
630,108,62061,DEBIT,SUCCESS
631,126,32597,DEBIT,SUCCESS
632,214,92718,DEBIT,FAILED
633,367,82864,CREDIT,SUCCESS
634,124,17495,CREDIT,SUCCESS
635,207,46759,CREDIT,SUCCESS
636,489,46957,CREDIT,SUCCESS
637,156,70699,CREDIT,SUCCESS
638,208,48894,DEBIT,SUCCESS
639,204,47345,DEBIT,SUCCESS
640,266,91308,DEBIT,SUCCESS
641,256,34961,CREDIT,SUCCESS
642,195,7422,CREDIT,FAILED
643,205,73073,DEBIT,SUCCESS
644,298,28951,CREDIT,SUCCESS
645,426,77819,CREDIT,FAILED
646,330,73754,CREDIT,SUCCESS
647,346,11623,CREDIT,SUCCESS
648,262,3374,DEBIT,SUCCESS
649,126,67992,CREDIT,SUCCESS
650,284,31739,DEBIT,SUCCESS
651,258,72919,CREDIT,SUCCESS
652,231,91186,CREDIT,FAILED
653,342,15934,CREDIT,SUCCESS
654,420,50440,DEBIT,SUCCESS
655,157,95415,CREDIT,SUCCESS
656,220,75359,DEBIT,SUCCESS
657,401,61974,CREDIT,SUCCESS
658,344,53989,DEBIT,SUCCESS
659,245,89566,DEBIT,SUCCESS
660,216,77325,DEBIT,SUCCESS
661,370,8234,DEBIT,SUCCESS
662,250,7276,CREDIT,SUCCESS
663,493,78807,CREDIT,SUCCESS
664,104,10468,CREDIT,SUCCESS
665,480,86539,DEBIT,SUCCESS
666,316,28542,CREDIT,SUCCESS
667,318,5901,CREDIT,SUCCESS
668,232,57425,DEBIT,FAILED
669,473,9362,DEBIT,SUCCESS
670,465,13550,DEBIT,SUCCESS
671,364,58196,DEBIT,SUCCESS
672,159,80098,CREDIT,SUCCESS
673,236,16131,DEBIT,SUCCESS
674,456,73327,DEBIT,FAILED
675,196,95053,CREDIT,SUCCESS
676,161,56830,DEBIT,FAILED
677,474,15402,CREDIT,SUCCESS
678,367,51081,CREDIT,SUCCESS
679,377,79828,CREDIT,SUCCESS
680,325,70398,CREDIT,SUCCESS
681,392,86125,CREDIT,SUCCESS
682,219,89094,DEBIT,SUCCESS
683,459,95676,CREDIT,SUCCESS
684,205,6293,CREDIT,FAILED
685,150,95531,CREDIT,SUCCESS
686,468,15504,DEBIT,SUCCESS
687,276,49397,CREDIT,FAILED
688,357,87807,CREDIT,SUCCESS
689,234,12399,CREDIT,FAILED
690,342,93330,CREDIT,SUCCESS
691,354,15408,CREDIT,SUCCESS
692,127,23063,CREDIT,SUCCESS
693,128,61915,DEBIT,FAILED
694,369,29772,DEBIT,FAILED
695,272,65640,CREDIT,SUCCESS
696,247,77265,CREDIT,SUCCESS
697,417,80042,DEBIT,FAILED
698,395,5550,DEBIT,SUCCESS
699,386,53472,CREDIT,SUCCESS
700,160,26813,CREDIT,FAILED
701,142,14454,DEBIT,SUCCESS
702,104,89589,DEBIT,SUCCESS
703,448,42698,DEBIT,SUCCESS
704,393,80992,DEBIT,SUCCESS
705,135,58139,CREDIT,FAILED
706,494,93273,CREDIT,SUCCESS
707,274,95330,DEBIT,SUCCESS
708,309,23978,CREDIT,SUCCESS
709,207,6979,DEBIT,SUCCESS
710,491,26950,CREDIT,SUCCESS
711,211,84138,DEBIT,SUCCESS
712,213,74120,DEBIT,FAILED
713,424,23734,DEBIT,FAILED
714,470,83930,CREDIT,SUCCESS
715,175,18950,CREDIT,SUCCESS
716,165,85782,CREDIT,SUCCESS
717,313,17462,CREDIT,FAILED
718,429,51816,DEBIT,SUCCESS
719,183,80221,DEBIT,SUCCESS
720,351,13244,CREDIT,FAILED
721,337,16553,DEBIT,FAILED
722,122,75220,DEBIT,SUCCESS
723,272,32494,DEBIT,SUCCESS
724,301,54078,DEBIT,SUCCESS
725,344,28635,CREDIT,SUCCESS
726,471,6963,DEBIT,SUCCESS
727,272,37518,CREDIT,SUCCESS
728,460,84343,CREDIT,FAILED
729,341,23005,CREDIT,SUCCESS
730,395,82587,DEBIT,FAILED
731,233,90757,DEBIT,FAILED
732,244,3552,CREDIT,SUCCESS
733,346,88949,CREDIT,SUCCESS
734,238,32765,CREDIT,SUCCESS
735,219,33251,DEBIT,SUCCESS
736,298,34065,CREDIT,SUCCESS
737,338,95906,CREDIT,SUCCESS
738,461,92354,DEBIT,SUCCESS
739,374,94974,DEBIT,SUCCESS
740,441,2715,CREDIT,SUCCESS
741,237,63314,CREDIT,SUCCESS
742,305,56885,CREDIT,FAILED
743,360,56101,DEBIT,SUCCESS
744,264,43845,CREDIT,FAILED
745,421,61850,CREDIT,SUCCESS
746,110,89692,DEBIT,SUCCESS
747,132,88682,DEBIT,SUCCESS
748,327,50526,CREDIT,SUCCESS
749,235,93797,CREDIT,SUCCESS
750,350,65792,CREDIT,SUCCESS
751,490,97066,CREDIT,FAILED
752,383,76503,CREDIT,SUCCESS
753,167,25754,CREDIT,FAILED
754,305,14354,CREDIT,FAILED
755,360,69519,DEBIT,SUCCESS
756,384,98706,DEBIT,SUCCESS
757,427,22504,CREDIT,SUCCESS
758,302,88487,CREDIT,FAILED
759,196,34705,DEBIT,SUCCESS
760,493,30334,CREDIT,SUCCESS
761,422,77055,DEBIT,SUCCESS
762,151,74876,CREDIT,SUCCESS
763,221,18685,DEBIT,SUCCESS
764,230,53496,DEBIT,SUCCESS
765,334,4124,DEBIT,SUCCESS
766,169,42794,DEBIT,SUCCESS
767,484,72304,DEBIT,FAILED
768,133,62460,CREDIT,SUCCESS
769,283,41546,CREDIT,SUCCESS
770,218,83735,CREDIT,SUCCESS
771,455,1314,CREDIT,SUCCESS
772,237,37622,CREDIT,SUCCESS
773,300,71724,CREDIT,SUCCESS
774,494,61904,CREDIT,SUCCESS
775,296,95222,CREDIT,SUCCESS
776,409,84572,DEBIT,SUCCESS
777,368,83703,DEBIT,SUCCESS
778,143,90757,DEBIT,SUCCESS
779,268,72960,DEBIT,SUCCESS
780,280,25181,DEBIT,SUCCESS
781,463,6495,CREDIT,SUCCESS
782,331,78392,CREDIT,SUCCESS
783,455,95260,CREDIT,SUCCESS
784,400,18361,DEBIT,SUCCESS
785,448,51267,DEBIT,SUCCESS
786,281,68380,DEBIT,SUCCESS
787,355,31875,DEBIT,SUCCESS
788,497,54072,DEBIT,SUCCESS
789,165,22851,DEBIT,SUCCESS
790,209,64048,CREDIT,FAILED
791,136,92847,DEBIT,SUCCESS
792,159,29690,CREDIT,SUCCESS
793,131,52918,DEBIT,SUCCESS
794,253,52675,DEBIT,FAILED
795,494,37983,CREDIT,SUCCESS
796,436,42264,CREDIT,SUCCESS
797,400,80108,CREDIT,SUCCESS
798,339,8991,DEBIT,SUCCESS
799,239,97159,DEBIT,SUCCESS
800,224,70943,DEBIT,SUCCESS
801,443,92706,DEBIT,SUCCESS
802,442,16381,DEBIT,FAILED
803,175,94645,CREDIT,SUCCESS
804,215,86434,CREDIT,SUCCESS
805,156,12432,DEBIT,SUCCESS
806,107,41395,CREDIT,FAILED
807,391,22896,CREDIT,SUCCESS
808,346,96078,DEBIT,FAILED
809,476,66089,DEBIT,SUCCESS
810,132,87782,DEBIT,FAILED
811,117,55602,CREDIT,SUCCESS
812,363,41408,CREDIT,FAILED
813,315,38680,CREDIT,FAILED
814,456,41385,DEBIT,FAILED
815,398,70747,DEBIT,SUCCESS
816,245,25844,DEBIT,SUCCESS
817,263,21221,CREDIT,FAILED
818,206,95817,DEBIT,SUCCESS
819,306,67345,CREDIT,SUCCESS
820,227,1244,CREDIT,SUCCESS
821,399,56609,CREDIT,FAILED
822,425,37816,CREDIT,SUCCESS
823,238,41599,CREDIT,SUCCESS
824,473,75012,CREDIT,FAILED
825,283,86813,CREDIT,SUCCESS
826,194,22020,DEBIT,SUCCESS
827,450,65865,CREDIT,SUCCESS
828,181,83228,CREDIT,FAILED
829,474,79974,DEBIT,FAILED
830,116,14144,CREDIT,SUCCESS
831,223,77178,CREDIT,SUCCESS
832,302,45023,DEBIT,SUCCESS
833,123,36045,CREDIT,SUCCESS
834,460,40811,DEBIT,FAILED
835,120,18163,CREDIT,FAILED
836,476,76344,CREDIT,SUCCESS
837,230,95791,CREDIT,SUCCESS
838,361,35062,CREDIT,SUCCESS
839,323,28478,DEBIT,SUCCESS
840,311,70332,DEBIT,FAILED
841,231,61917,DEBIT,SUCCESS
842,435,98844,CREDIT,SUCCESS
843,424,3167,CREDIT,FAILED
844,406,21938,DEBIT,SUCCESS
845,187,37974,DEBIT,SUCCESS
846,294,49786,DEBIT,SUCCESS
847,258,10602,CREDIT,SUCCESS
848,262,26333,CREDIT,FAILED
849,500,9628,CREDIT,SUCCESS
850,369,58429,DEBIT,SUCCESS
851,491,26824,CREDIT,SUCCESS
852,370,99375,DEBIT,SUCCESS
853,245,61291,CREDIT,FAILED
854,282,2404,CREDIT,SUCCESS
855,251,56008,DEBIT,SUCCESS
856,174,59369,DEBIT,SUCCESS
857,405,91091,DEBIT,SUCCESS
858,147,15985,CREDIT,SUCCESS
859,141,71673,DEBIT,SUCCESS
860,241,41772,CREDIT,SUCCESS
861,119,33426,DEBIT,SUCCESS
862,246,25415,DEBIT,SUCCESS
863,374,32309,CREDIT,FAILED
864,259,95620,DEBIT,SUCCESS
865,106,47657,DEBIT,SUCCESS
866,279,64745,DEBIT,SUCCESS
867,290,20963,CREDIT,SUCCESS
868,227,44151,DEBIT,SUCCESS
869,438,95309,CREDIT,SUCCESS
870,149,13252,DEBIT,FAILED
871,217,43319,DEBIT,SUCCESS
872,311,90830,CREDIT,SUCCESS
873,289,44573,CREDIT,FAILED
874,278,28724,CREDIT,FAILED
875,169,24152,DEBIT,SUCCESS
876,224,57977,DEBIT,SUCCESS
877,154,24168,DEBIT,SUCCESS
878,456,2730,CREDIT,SUCCESS
879,399,60275,DEBIT,SUCCESS
880,207,67969,CREDIT,SUCCESS
881,182,8557,CREDIT,SUCCESS
882,316,32000,DEBIT,SUCCESS
883,438,44618,DEBIT,FAILED
884,289,6815,DEBIT,SUCCESS
885,135,76392,CREDIT,SUCCESS
886,256,43936,CREDIT,SUCCESS
887,245,91824,DEBIT,SUCCESS
888,311,31467,DEBIT,SUCCESS
889,240,75987,DEBIT,SUCCESS
890,248,21493,CREDIT,SUCCESS
891,237,23305,DEBIT,SUCCESS
892,122,49578,DEBIT,SUCCESS
893,342,30577,CREDIT,SUCCESS
894,417,80767,CREDIT,SUCCESS
895,304,40029,CREDIT,SUCCESS
896,190,3142,DEBIT,SUCCESS
897,160,90173,CREDIT,SUCCESS
898,434,60570,CREDIT,SUCCESS
899,153,21889,CREDIT,SUCCESS
900,427,75828,DEBIT,SUCCESS
901,286,84082,CREDIT,SUCCESS
902,493,94389,CREDIT,SUCCESS
903,318,88215,CREDIT,SUCCESS
904,324,59755,DEBIT,SUCCESS
905,357,87072,CREDIT,SUCCESS
906,315,16253,CREDIT,SUCCESS
907,417,18400,CREDIT,SUCCESS
908,184,69008,DEBIT,SUCCESS
909,331,96971,CREDIT,SUCCESS
910,287,75868,DEBIT,SUCCESS
911,145,4534,DEBIT,SUCCESS
912,186,45041,CREDIT,SUCCESS
913,251,63331,CREDIT,SUCCESS
914,118,75401,CREDIT,SUCCESS
915,222,17962,DEBIT,SUCCESS
916,175,90798,DEBIT,SUCCESS
917,338,93683,DEBIT,SUCCESS
918,145,87263,CREDIT,FAILED
919,102,14703,DEBIT,SUCCESS
920,282,36625,CREDIT,SUCCESS
921,452,80751,CREDIT,SUCCESS
922,143,34410,DEBIT,FAILED
923,237,31045,DEBIT,SUCCESS
924,491,82058,DEBIT,SUCCESS
925,331,97363,DEBIT,SUCCESS
926,238,34354,CREDIT,FAILED
927,228,79188,CREDIT,SUCCESS
928,237,74135,CREDIT,FAILED
929,462,1494,DEBIT,SUCCESS
930,217,19232,CREDIT,SUCCESS
931,462,96559,DEBIT,SUCCESS
932,433,79513,CREDIT,SUCCESS
933,420,95033,CREDIT,FAILED
934,186,65740,DEBIT,SUCCESS
935,497,66252,CREDIT,SUCCESS
936,211,50941,DEBIT,SUCCESS
937,153,53555,DEBIT,SUCCESS
938,235,10814,DEBIT,SUCCESS
939,277,3576,DEBIT,SUCCESS
940,320,65582,DEBIT,FAILED
941,437,41237,DEBIT,FAILED
942,275,77408,DEBIT,SUCCESS
943,180,93473,DEBIT,FAILED
944,248,40384,DEBIT,FAILED
945,169,18929,DEBIT,FAILED
946,149,25445,CREDIT,SUCCESS
947,362,99698,CREDIT,SUCCESS
948,251,96906,CREDIT,SUCCESS
949,400,44599,CREDIT,FAILED
950,243,13438,DEBIT,FAILED
951,247,95748,DEBIT,SUCCESS
952,284,14323,DEBIT,FAILED
953,284,74318,CREDIT,FAILED
954,471,60656,CREDIT,SUCCESS
955,344,89236,DEBIT,FAILED
956,177,86170,CREDIT,FAILED
957,362,50317,CREDIT,SUCCESS
958,249,6681,DEBIT,FAILED
959,300,57827,CREDIT,FAILED
960,254,58281,DEBIT,SUCCESS
961,317,18177,DEBIT,SUCCESS
962,490,46052,CREDIT,SUCCESS
963,449,43651,DEBIT,SUCCESS
964,355,64424,CREDIT,SUCCESS
965,144,24530,DEBIT,SUCCESS
966,351,26843,DEBIT,FAILED
967,368,65924,CREDIT,SUCCESS
968,227,37247,CREDIT,FAILED
969,391,89122,DEBIT,SUCCESS
970,208,73027,DEBIT,SUCCESS
971,366,12115,CREDIT,FAILED
972,304,30297,CREDIT,SUCCESS
973,322,80688,CREDIT,SUCCESS
974,400,41799,CREDIT,SUCCESS
975,397,71879,DEBIT,SUCCESS
976,373,85094,DEBIT,SUCCESS
977,329,92211,CREDIT,SUCCESS
978,220,61940,DEBIT,FAILED
979,302,81360,CREDIT,SUCCESS
980,133,48801,CREDIT,SUCCESS
981,479,14387,DEBIT,SUCCESS
982,185,87543,CREDIT,FAILED
983,141,60912,DEBIT,FAILED
984,143,79969,CREDIT,FAILED
985,381,48238,CREDIT,SUCCESS
986,172,20851,CREDIT,SUCCESS
987,216,51932,CREDIT,SUCCESS
988,192,58709,DEBIT,SUCCESS
989,400,66891,DEBIT,SUCCESS
990,398,18560,DEBIT,SUCCESS
991,309,82174,CREDIT,SUCCESS
992,210,12209,CREDIT,SUCCESS
993,344,55489,DEBIT,SUCCESS
994,494,45267,DEBIT,FAILED
995,471,74747,CREDIT,SUCCESS
996,263,26325,CREDIT,SUCCESS
997,492,49739,CREDIT,FAILED
998,446,19212,DEBIT,FAILED
999,133,24820,CREDIT,SUCCESS
1000,295,22596,DEBIT,SUCCESS
1001,374,65139,CREDIT,SUCCESS
1002,464,69783,CREDIT,SUCCESS
1003,389,48930,CREDIT,SUCCESS
1004,453,90252,CREDIT,SUCCESS
1005,465,11751,DEBIT,SUCCESS
1006,476,16917,CREDIT,FAILED
1007,289,79723,DEBIT,FAILED
1008,310,24822,DEBIT,FAILED
1009,422,30410,CREDIT,SUCCESS
1010,280,14976,DEBIT,SUCCESS
1011,486,46748,CREDIT,SUCCESS
1012,129,60843,CREDIT,FAILED
1013,311,68193,DEBIT,SUCCESS
1014,377,96345,CREDIT,SUCCESS
1015,452,86041,DEBIT,SUCCESS
1016,310,74101,CREDIT,SUCCESS
1017,247,18573,CREDIT,SUCCESS
1018,183,26272,DEBIT,FAILED
1019,427,59834,CREDIT,FAILED
1020,195,24609,DEBIT,SUCCESS
1021,283,99632,CREDIT,SUCCESS
1022,489,2039,CREDIT,SUCCESS
1023,114,13571,DEBIT,SUCCESS
1024,157,43737,CREDIT,SUCCESS
1025,115,59178,CREDIT,SUCCESS
1026,171,11557,DEBIT,FAILED
1027,454,2289,DEBIT,FAILED
1028,467,95905,DEBIT,SUCCESS
1029,154,37542,CREDIT,FAILED
1030,313,54854,DEBIT,FAILED
1031,467,44145,DEBIT,SUCCESS
1032,146,32880,DEBIT,SUCCESS
1033,312,25650,DEBIT,FAILED
1034,444,65489,DEBIT,SUCCESS
1035,195,18815,DEBIT,SUCCESS
1036,177,77591,CREDIT,SUCCESS
1037,223,10553,CREDIT,SUCCESS
1038,219,10400,CREDIT,SUCCESS
1039,314,81620,DEBIT,SUCCESS
1040,202,41463,DEBIT,SUCCESS
1041,183,75999,DEBIT,FAILED
1042,332,23966,DEBIT,SUCCESS
1043,255,49772,CREDIT,FAILED
1044,485,91708,DEBIT,SUCCESS
1045,223,8996,DEBIT,SUCCESS
1046,181,56102,CREDIT,SUCCESS
1047,228,52876,CREDIT,SUCCESS
1048,408,50012,DEBIT,SUCCESS
1049,169,35331,CREDIT,FAILED
1050,186,78720,CREDIT,FAILED
1051,273,2691,DEBIT,SUCCESS
1052,353,76967,DEBIT,SUCCESS
1053,257,57517,DEBIT,FAILED
1054,451,63274,CREDIT,FAILED
1055,486,1921,DEBIT,SUCCESS
1056,231,83383,CREDIT,FAILED
1057,413,73587,DEBIT,FAILED
1058,234,76758,CREDIT,SUCCESS
1059,425,52161,DEBIT,SUCCESS
1060,398,5578,CREDIT,SUCCESS
1061,450,78997,CREDIT,SUCCESS
1062,476,33749,DEBIT,SUCCESS
1063,287,72291,DEBIT,SUCCESS
1064,115,10310,DEBIT,SUCCESS
1065,424,92122,CREDIT,FAILED
1066,263,17527,DEBIT,FAILED
1067,459,93429,DEBIT,FAILED
1068,475,70292,CREDIT,SUCCESS
1069,371,1673,DEBIT,SUCCESS
1070,202,35473,CREDIT,SUCCESS
1071,322,72745,DEBIT,SUCCESS
1072,379,74434,DEBIT,SUCCESS
1073,281,41279,CREDIT,FAILED
1074,284,21201,CREDIT,SUCCESS
1075,211,55029,DEBIT,FAILED
1076,294,41356,CREDIT,SUCCESS
1077,109,81178,DEBIT,FAILED
1078,290,56322,DEBIT,SUCCESS
1079,145,21736,CREDIT,FAILED
1080,449,47106,DEBIT,SUCCESS
1081,149,89297,CREDIT,SUCCESS
1082,218,52549,CREDIT,SUCCESS
1083,136,46797,CREDIT,SUCCESS
1084,229,56053,CREDIT,SUCCESS
1085,252,3284,DEBIT,FAILED
1086,139,64792,DEBIT,SUCCESS
1087,139,61951,CREDIT,SUCCESS
1088,247,26507,CREDIT,FAILED
1089,119,10675,CREDIT,SUCCESS
1090,259,79043,CREDIT,SUCCESS
1091,403,76119,CREDIT,SUCCESS
1092,311,28005,CREDIT,FAILED
1093,345,73347,CREDIT,FAILED
1094,279,91501,DEBIT,SUCCESS
1095,358,99988,DEBIT,FAILED
1096,114,81719,CREDIT,SUCCESS
1097,221,16513,CREDIT,SUCCESS
1098,433,82147,CREDIT,FAILED
1099,399,24123,CREDIT,SUCCESS
1100,163,88495,DEBIT,SUCCESS
1101,220,49889,DEBIT,FAILED
1102,404,37405,DEBIT,FAILED
1103,171,94650,CREDIT,FAILED
1104,437,42998,CREDIT,SUCCESS
1105,253,7618,DEBIT,SUCCESS
1106,132,69814,DEBIT,SUCCESS
1107,189,68212,CREDIT,SUCCESS
1108,191,92705,DEBIT,SUCCESS
1109,113,31322,DEBIT,FAILED
1110,338,17617,CREDIT,FAILED
1111,377,29228,CREDIT,SUCCESS
1112,370,56821,DEBIT,SUCCESS
1113,442,40734,CREDIT,SUCCESS
1114,452,91372,CREDIT,FAILED
1115,173,20583,CREDIT,SUCCESS
1116,103,79073,CREDIT,SUCCESS
1117,144,44823,CREDIT,FAILED
1118,489,34986,CREDIT,SUCCESS
1119,450,12229,CREDIT,SUCCESS
1120,243,94781,CREDIT,FAILED
1121,135,86334,CREDIT,SUCCESS
1122,138,90141,CREDIT,SUCCESS
1123,291,40040,CREDIT,SUCCESS
1124,466,47085,DEBIT,SUCCESS
1125,131,35767,DEBIT,SUCCESS
1126,240,19085,CREDIT,SUCCESS
1127,407,60061,DEBIT,FAILED
1128,218,53960,DEBIT,SUCCESS
1129,447,69790,DEBIT,FAILED
1130,175,80148,DEBIT,SUCCESS
1131,349,44035,CREDIT,SUCCESS
1132,293,43924,DEBIT,FAILED
1133,392,93014,DEBIT,FAILED
1134,372,63303,CREDIT,SUCCESS
1135,184,39889,DEBIT,SUCCESS
1136,161,20368,CREDIT,SUCCESS
1137,499,90013,CREDIT,SUCCESS
1138,193,33390,CREDIT,SUCCESS
1139,189,23466,CREDIT,SUCCESS
1140,238,30343,DEBIT,FAILED
1141,409,8720,DEBIT,SUCCESS
1142,106,95604,CREDIT,SUCCESS
1143,457,94171,CREDIT,SUCCESS
1144,293,95862,DEBIT,FAILED
1145,374,32093,CREDIT,SUCCESS
1146,425,60476,DEBIT,SUCCESS
1147,325,62266,CREDIT,SUCCESS
1148,126,16033,DEBIT,SUCCESS
1149,272,21520,DEBIT,SUCCESS
1150,194,10420,DEBIT,FAILED
1151,267,56371,CREDIT,FAILED
1152,121,61972,CREDIT,FAILED
1153,253,21443,CREDIT,SUCCESS
1154,352,11890,DEBIT,SUCCESS
1155,293,42300,DEBIT,FAILED
1156,158,19891,DEBIT,SUCCESS
1157,493,58690,CREDIT,SUCCESS
1158,311,84931,CREDIT,SUCCESS
1159,322,7004,DEBIT,SUCCESS
1160,496,51181,CREDIT,FAILED
1161,493,80496,DEBIT,SUCCESS
1162,476,39094,DEBIT,SUCCESS
1163,436,84592,DEBIT,SUCCESS
1164,242,64188,CREDIT,SUCCESS
1165,370,32765,CREDIT,SUCCESS
1166,490,40548,CREDIT,SUCCESS
1167,334,54452,CREDIT,SUCCESS
1168,238,55880,CREDIT,SUCCESS
1169,248,57199,CREDIT,FAILED
1170,340,60718,DEBIT,SUCCESS
1171,411,91595,DEBIT,SUCCESS
1172,350,40216,CREDIT,SUCCESS
1173,408,57296,DEBIT,SUCCESS
1174,325,58118,DEBIT,SUCCESS
1175,400,95958,DEBIT,SUCCESS
1176,197,35983,DEBIT,FAILED
1177,242,83303,DEBIT,SUCCESS
1178,207,11524,DEBIT,FAILED
1179,132,27728,CREDIT,FAILED
1180,182,95949,DEBIT,FAILED
1181,463,3578,DEBIT,SUCCESS
1182,350,9862,CREDIT,SUCCESS
1183,494,6088,CREDIT,SUCCESS
1184,184,34401,CREDIT,SUCCESS
1185,337,90324,CREDIT,SUCCESS
1186,256,76596,CREDIT,SUCCESS
1187,488,73397,CREDIT,FAILED
1188,381,19607,CREDIT,SUCCESS
1189,302,80441,DEBIT,SUCCESS
1190,360,74259,DEBIT,SUCCESS
1191,263,45659,DEBIT,SUCCESS
1192,201,56784,CREDIT,SUCCESS
1193,210,5551,DEBIT,SUCCESS
1194,285,79702,DEBIT,SUCCESS
1195,206,7934,DEBIT,FAILED
1196,429,47633,DEBIT,SUCCESS
1197,108,28953,DEBIT,SUCCESS
1198,258,34123,CREDIT,SUCCESS
1199,209,50895,DEBIT,FAILED
1200,478,29357,DEBIT,SUCCESS
1201,417,36329,DEBIT,SUCCESS
1202,203,53053,CREDIT,SUCCESS
1203,266,72628,DEBIT,SUCCESS
1204,135,22636,CREDIT,FAILED
1205,464,79618,DEBIT,FAILED
1206,409,37936,DEBIT,SUCCESS
1207,384,60769,DEBIT,SUCCESS
1208,294,43833,DEBIT,SUCCESS
1209,257,56869,CREDIT,SUCCESS
1210,134,72941,DEBIT,SUCCESS
1211,255,12675,CREDIT,SUCCESS
1212,375,51784,CREDIT,FAILED
1213,385,8432,CREDIT,SUCCESS
1214,305,70493,DEBIT,SUCCESS
1215,312,32753,CREDIT,FAILED
1216,279,20041,DEBIT,FAILED
1217,235,55094,CREDIT,SUCCESS
1218,145,54861,DEBIT,FAILED
1219,282,45276,CREDIT,SUCCESS
1220,249,6955,DEBIT,SUCCESS
1221,475,98623,DEBIT,FAILED
1222,175,3878,DEBIT,SUCCESS
1223,253,55532,CREDIT,SUCCESS
1224,285,31666,CREDIT,SUCCESS
1225,149,55743,CREDIT,FAILED
1226,158,89720,DEBIT,SUCCESS
1227,299,94732,DEBIT,SUCCESS
1228,316,42335,CREDIT,SUCCESS
1229,170,80779,DEBIT,SUCCESS
1230,460,41703,CREDIT,SUCCESS
1231,416,33087,DEBIT,FAILED
1232,380,3603,DEBIT,SUCCESS
1233,290,64912,DEBIT,SUCCESS
1234,123,62638,CREDIT,FAILED
1235,332,75970,DEBIT,SUCCESS
1236,456,84834,DEBIT,FAILED
1237,252,97187,DEBIT,SUCCESS
1238,345,87010,CREDIT,SUCCESS
1239,284,16776,DEBIT,SUCCESS
1240,174,63553,DEBIT,SUCCESS
1241,161,96669,DEBIT,SUCCESS
1242,213,44864,CREDIT,SUCCESS
1243,235,58570,DEBIT,SUCCESS
1244,368,81412,CREDIT,FAILED
1245,311,60286,CREDIT,SUCCESS
1246,471,16734,DEBIT,SUCCESS
1247,411,75687,CREDIT,FAILED
1248,441,98957,CREDIT,SUCCESS
1249,207,66815,CREDIT,FAILED
1250,336,57218,DEBIT,SUCCESS
1251,401,68905,CREDIT,SUCCESS
1252,370,31168,DEBIT,SUCCESS
1253,446,51263,CREDIT,SUCCESS
1254,383,54951,CREDIT,FAILED
1255,216,73636,CREDIT,SUCCESS
1256,414,32621,CREDIT,FAILED
1257,119,79359,CREDIT,SUCCESS
1258,463,14494,CREDIT,SUCCESS
1259,347,70434,DEBIT,SUCCESS
1260,234,92552,CREDIT,SUCCESS
1261,196,28170,DEBIT,SUCCESS
1262,164,87213,DEBIT,SUCCESS
1263,476,30365,DEBIT,SUCCESS
1264,141,45847,DEBIT,SUCCESS
1265,400,75069,DEBIT,FAILED
1266,454,74555,DEBIT,SUCCESS
1267,305,13793,DEBIT,SUCCESS
1268,148,76108,CREDIT,SUCCESS
1269,110,53549,DEBIT,SUCCESS
1270,338,84164,DEBIT,SUCCESS
1271,426,28489,CREDIT,SUCCESS
1272,210,18791,CREDIT,SUCCESS
1273,340,68062,DEBIT,SUCCESS
1274,269,19998,DEBIT,SUCCESS
1275,384,40283,CREDIT,SUCCESS
1276,453,39377,DEBIT,SUCCESS
1277,163,64098,DEBIT,SUCCESS
1278,290,1730,DEBIT,SUCCESS
1279,404,8651,CREDIT,SUCCESS
1280,201,71056,DEBIT,SUCCESS
1281,198,72162,CREDIT,FAILED
1282,187,29600,DEBIT,SUCCESS
1283,230,26425,CREDIT,SUCCESS
1284,293,1549,CREDIT,SUCCESS
1285,301,71804,CREDIT,SUCCESS
1286,369,16297,DEBIT,SUCCESS
1287,463,64735,DEBIT,FAILED
1288,147,4634,DEBIT,SUCCESS
1289,304,91532,DEBIT,FAILED
1290,379,93260,CREDIT,SUCCESS
1291,115,85929,CREDIT,SUCCESS
1292,331,98323,DEBIT,SUCCESS
1293,283,63391,DEBIT,SUCCESS
1294,397,1162,DEBIT,FAILED
1295,135,44622,DEBIT,SUCCESS
1296,482,57673,DEBIT,SUCCESS
1297,210,51289,CREDIT,FAILED
1298,352,32636,DEBIT,SUCCESS
1299,491,10487,DEBIT,SUCCESS
1300,164,84200,DEBIT,FAILED
1301,358,1832,DEBIT,SUCCESS
1302,499,79063,CREDIT,SUCCESS
1303,273,30264,CREDIT,SUCCESS
1304,322,38228,CREDIT,SUCCESS
1305,290,83555,DEBIT,SUCCESS
1306,224,63027,DEBIT,SUCCESS
1307,263,17534,CREDIT,SUCCESS
1308,306,19597,DEBIT,SUCCESS
1309,192,83731,CREDIT,SUCCESS
1310,387,5147,DEBIT,SUCCESS
1311,330,7917,DEBIT,SUCCESS
1312,496,87401,CREDIT,SUCCESS
1313,456,45230,DEBIT,SUCCESS
1314,327,26339,CREDIT,SUCCESS
1315,320,60195,DEBIT,SUCCESS
1316,119,61889,DEBIT,SUCCESS
1317,191,19037,DEBIT,SUCCESS
1318,164,41253,DEBIT,SUCCESS
1319,468,61046,CREDIT,FAILED
1320,294,40876,CREDIT,SUCCESS
1321,139,73584,DEBIT,SUCCESS
1322,265,96592,DEBIT,SUCCESS
1323,128,75425,CREDIT,FAILED
1324,420,59225,DEBIT,SUCCESS
1325,308,18001,DEBIT,SUCCESS
1326,177,51818,DEBIT,SUCCESS
1327,135,3499,CREDIT,SUCCESS
1328,240,96462,CREDIT,SUCCESS
1329,490,59656,DEBIT,SUCCESS
1330,139,18907,CREDIT,SUCCESS
1331,371,62235,DEBIT,SUCCESS
1332,326,49110,DEBIT,FAILED
1333,452,54723,DEBIT,SUCCESS
1334,435,35743,DEBIT,SUCCESS
1335,265,80014,CREDIT,SUCCESS
1336,464,37952,CREDIT,SUCCESS
1337,313,23126,CREDIT,SUCCESS
1338,350,82428,CREDIT,FAILED
1339,118,69777,DEBIT,SUCCESS
1340,333,25519,CREDIT,SUCCESS
1341,173,85371,DEBIT,FAILED
1342,137,31860,DEBIT,FAILED
1343,118,74276,DEBIT,FAILED
1344,387,21666,DEBIT,SUCCESS
1345,343,23745,DEBIT,SUCCESS
1346,116,69101,DEBIT,SUCCESS
1347,401,72943,DEBIT,SUCCESS
1348,241,4867,CREDIT,SUCCESS
1349,201,41712,CREDIT,SUCCESS
1350,243,91832,DEBIT,SUCCESS
1351,392,48966,DEBIT,SUCCESS
1352,102,95151,DEBIT,SUCCESS
1353,423,9103,DEBIT,SUCCESS
1354,296,88732,DEBIT,SUCCESS
1355,127,84331,DEBIT,FAILED
1356,275,12552,CREDIT,SUCCESS
1357,379,27515,CREDIT,SUCCESS
1358,194,78669,CREDIT,SUCCESS
1359,297,5780,DEBIT,SUCCESS
1360,425,30766,CREDIT,SUCCESS
1361,140,43441,CREDIT,SUCCESS
1362,198,88762,DEBIT,SUCCESS
1363,182,9880,CREDIT,FAILED
1364,119,89923,CREDIT,SUCCESS
1365,426,37270,DEBIT,SUCCESS
1366,405,45927,DEBIT,FAILED
1367,447,98575,DEBIT,SUCCESS
1368,406,49306,CREDIT,FAILED
1369,272,55277,CREDIT,FAILED
1370,183,35044,CREDIT,FAILED
1371,366,14001,DEBIT,SUCCESS
1372,232,32255,DEBIT,SUCCESS
1373,179,70909,DEBIT,SUCCESS
1374,362,23045,CREDIT,SUCCESS
1375,359,38929,CREDIT,SUCCESS
1376,490,52834,DEBIT,SUCCESS
1377,268,61920,DEBIT,SUCCESS
1378,288,39910,DEBIT,SUCCESS
1379,420,49315,DEBIT,SUCCESS
1380,286,94766,CREDIT,SUCCESS
1381,170,83851,CREDIT,SUCCESS
1382,264,17219,CREDIT,SUCCESS
1383,469,49419,DEBIT,FAILED
1384,492,65452,CREDIT,SUCCESS
1385,208,31814,DEBIT,SUCCESS
1386,204,16790,DEBIT,FAILED
1387,170,78347,CREDIT,FAILED
1388,399,63390,DEBIT,FAILED
1389,478,16584,CREDIT,FAILED
1390,284,55484,CREDIT,SUCCESS
1391,469,34264,DEBIT,SUCCESS
1392,491,69292,CREDIT,SUCCESS
1393,175,16078,CREDIT,SUCCESS
1394,493,21222,DEBIT,FAILED
1395,454,21689,DEBIT,SUCCESS
1396,194,96109,CREDIT,SUCCESS
1397,404,35977,CREDIT,FAILED
1398,219,79766,CREDIT,FAILED
1399,445,40883,DEBIT,SUCCESS
1400,249,46215,CREDIT,SUCCESS
1401,384,12208,DEBIT,FAILED
1402,491,38009,CREDIT,SUCCESS
1403,354,38015,DEBIT,SUCCESS
1404,411,13430,DEBIT,FAILED
1405,163,8465,DEBIT,SUCCESS
1406,258,65671,DEBIT,SUCCESS
1407,336,52111,CREDIT,SUCCESS
1408,276,53033,CREDIT,SUCCESS
1409,308,49250,DEBIT,SUCCESS
1410,470,74118,CREDIT,SUCCESS
1411,403,47338,DEBIT,SUCCESS
1412,133,45734,CREDIT,SUCCESS
1413,320,98361,DEBIT,SUCCESS
1414,173,56020,DEBIT,SUCCESS
1415,485,16514,CREDIT,SUCCESS
1416,183,17075,CREDIT,SUCCESS
1417,221,98716,DEBIT,SUCCESS
1418,177,27586,DEBIT,SUCCESS
1419,296,23940,DEBIT,SUCCESS
1420,227,38678,CREDIT,SUCCESS
1421,473,94407,CREDIT,SUCCESS
1422,182,10900,CREDIT,FAILED
1423,498,47106,DEBIT,SUCCESS
1424,457,26971,CREDIT,FAILED
1425,137,44369,DEBIT,FAILED
1426,225,78108,CREDIT,SUCCESS
1427,430,20969,CREDIT,SUCCESS
1428,372,87749,CREDIT,SUCCESS
1429,225,23028,CREDIT,SUCCESS
1430,327,60256,DEBIT,SUCCESS
1431,499,64501,CREDIT,SUCCESS
1432,406,28984,CREDIT,SUCCESS
1433,261,21465,DEBIT,SUCCESS
1434,245,48590,CREDIT,FAILED
1435,334,1179,CREDIT,SUCCESS
1436,212,6391,DEBIT,FAILED
1437,500,62067,DEBIT,SUCCESS
1438,374,8199,CREDIT,SUCCESS
1439,312,7315,CREDIT,FAILED
1440,271,63355,CREDIT,FAILED
1441,155,30838,DEBIT,SUCCESS
1442,273,34601,CREDIT,SUCCESS
1443,349,51240,DEBIT,SUCCESS
1444,307,95478,CREDIT,SUCCESS
1445,395,65172,DEBIT,FAILED
1446,201,35339,DEBIT,FAILED
1447,103,33996,DEBIT,SUCCESS
1448,215,41465,CREDIT,FAILED
1449,307,82844,CREDIT,SUCCESS
1450,414,81062,DEBIT,SUCCESS
1451,138,16166,DEBIT,FAILED
1452,444,85166,CREDIT,FAILED
1453,262,67952,CREDIT,FAILED
1454,219,33256,CREDIT,SUCCESS
1455,242,86221,CREDIT,SUCCESS
1456,117,69751,DEBIT,SUCCESS
1457,387,26213,CREDIT,FAILED
1458,211,69086,CREDIT,SUCCESS
1459,339,54224,DEBIT,SUCCESS
1460,336,51382,DEBIT,FAILED
1461,111,93813,CREDIT,SUCCESS
1462,206,85730,DEBIT,SUCCESS
1463,257,9830,DEBIT,SUCCESS
1464,111,99394,DEBIT,SUCCESS
1465,477,18628,DEBIT,FAILED
1466,356,79587,CREDIT,SUCCESS
1467,284,96653,CREDIT,SUCCESS
1468,189,15257,CREDIT,SUCCESS
1469,465,12934,CREDIT,SUCCESS
1470,270,29074,DEBIT,SUCCESS
1471,423,34602,CREDIT,SUCCESS
1472,239,70167,CREDIT,SUCCESS
1473,374,11771,DEBIT,SUCCESS
1474,270,73506,CREDIT,FAILED
1475,474,2049,CREDIT,SUCCESS
1476,191,66786,CREDIT,SUCCESS
1477,473,69246,DEBIT,SUCCESS
1478,141,85032,DEBIT,FAILED
1479,476,63092,CREDIT,FAILED
1480,369,8000,CREDIT,SUCCESS
1481,211,12142,CREDIT,SUCCESS
1482,344,67229,DEBIT,SUCCESS
1483,423,31818,DEBIT,SUCCESS
1484,206,27304,DEBIT,SUCCESS
1485,494,45656,DEBIT,SUCCESS
1486,418,4621,CREDIT,SUCCESS
1487,155,55917,DEBIT,SUCCESS
1488,120,91304,CREDIT,SUCCESS
1489,499,40467,CREDIT,SUCCESS
1490,222,46648,DEBIT,SUCCESS
1491,476,43424,DEBIT,SUCCESS
1492,240,68612,DEBIT,FAILED
1493,307,43181,DEBIT,SUCCESS
1494,369,39914,DEBIT,SUCCESS
1495,375,48282,CREDIT,FAILED
1496,152,12868,DEBIT,SUCCESS
1497,244,81568,CREDIT,FAILED
1498,168,2586,DEBIT,FAILED
1499,220,24037,CREDIT,FAILED
1500,300,53903,DEBIT,SUCCESS
1501,230,43714,DEBIT,SUCCESS
1502,234,19587,CREDIT,SUCCESS
1503,155,59985,CREDIT,SUCCESS
1504,373,21058,CREDIT,SUCCESS
1505,191,14760,DEBIT,SUCCESS
1506,358,85517,DEBIT,FAILED
1507,181,73871,DEBIT,SUCCESS
1508,484,11865,DEBIT,SUCCESS
1509,128,46580,DEBIT,SUCCESS
1510,212,4338,CREDIT,SUCCESS
1511,328,87904,DEBIT,FAILED
1512,411,68613,CREDIT,FAILED
1513,325,33295,DEBIT,SUCCESS
1514,430,14354,CREDIT,SUCCESS
1515,481,85464,DEBIT,SUCCESS
1516,454,88002,CREDIT,SUCCESS
1517,422,61473,DEBIT,FAILED
1518,395,32740,CREDIT,SUCCESS
1519,312,87864,DEBIT,FAILED
1520,323,72437,CREDIT,SUCCESS
1521,411,48705,CREDIT,SUCCESS
1522,214,22880,CREDIT,FAILED
1523,376,3617,CREDIT,SUCCESS
1524,397,85933,CREDIT,SUCCESS
1525,281,9189,CREDIT,SUCCESS
1526,109,25845,CREDIT,SUCCESS
1527,230,63909,DEBIT,SUCCESS
1528,300,41974,CREDIT,SUCCESS
1529,140,33262,CREDIT,SUCCESS
1530,279,79579,CREDIT,SUCCESS
1531,382,83379,DEBIT,SUCCESS
1532,374,42150,CREDIT,SUCCESS
1533,437,61108,DEBIT,FAILED
1534,376,15718,DEBIT,SUCCESS
1535,193,3336,CREDIT,SUCCESS
1536,358,52898,CREDIT,SUCCESS
1537,363,70427,CREDIT,SUCCESS
1538,198,18532,CREDIT,SUCCESS
1539,184,50904,CREDIT,SUCCESS
1540,120,31795,DEBIT,SUCCESS
1541,107,90422,DEBIT,FAILED
1542,129,43914,DEBIT,SUCCESS
1543,156,46953,DEBIT,SUCCESS
1544,215,76406,DEBIT,SUCCESS
1545,387,24932,CREDIT,FAILED
1546,342,57137,CREDIT,FAILED
1547,489,80001,DEBIT,FAILED
1548,343,61911,CREDIT,SUCCESS
1549,477,99073,CREDIT,SUCCESS
1550,308,44597,CREDIT,SUCCESS
1551,162,79894,CREDIT,FAILED
1552,208,88934,DEBIT,FAILED
1553,215,9312,CREDIT,SUCCESS
1554,150,36097,DEBIT,SUCCESS
1555,463,32435,CREDIT,FAILED
1556,244,13239,CREDIT,SUCCESS
1557,115,48861,DEBIT,SUCCESS
1558,294,23311,CREDIT,SUCCESS
1559,449,78708,CREDIT,SUCCESS
1560,342,46993,DEBIT,SUCCESS
1561,446,35653,DEBIT,FAILED
1562,160,57887,DEBIT,SUCCESS
1563,467,12124,CREDIT,SUCCESS
1564,298,72976,CREDIT,SUCCESS
1565,490,51260,DEBIT,SUCCESS
1566,174,51192,DEBIT,FAILED
1567,187,73601,CREDIT,SUCCESS
1568,452,65802,DEBIT,SUCCESS
1569,315,60284,CREDIT,SUCCESS
1570,287,43739,CREDIT,FAILED
1571,329,83844,DEBIT,FAILED
1572,402,88632,CREDIT,FAILED
1573,445,35362,DEBIT,SUCCESS
1574,383,88749,CREDIT,SUCCESS
1575,375,62637,CREDIT,SUCCESS
1576,304,45155,CREDIT,SUCCESS
1577,121,24705,DEBIT,SUCCESS
1578,217,83048,CREDIT,FAILED
1579,303,46547,DEBIT,SUCCESS
1580,457,86844,CREDIT,SUCCESS
1581,392,86802,CREDIT,SUCCESS
1582,285,79093,DEBIT,SUCCESS
1583,328,22693,CREDIT,FAILED
1584,253,65659,DEBIT,FAILED
1585,202,3664,CREDIT,FAILED
1586,239,43011,CREDIT,SUCCESS
1587,389,10916,DEBIT,SUCCESS
1588,305,43354,CREDIT,SUCCESS
1589,407,10268,DEBIT,SUCCESS
1590,219,90099,DEBIT,SUCCESS
1591,227,75127,DEBIT,SUCCESS
1592,391,53734,DEBIT,SUCCESS
1593,477,26633,DEBIT,FAILED
1594,392,5963,CREDIT,FAILED
1595,500,81512,DEBIT,SUCCESS
1596,365,28034,CREDIT,SUCCESS
1597,191,12799,DEBIT,FAILED
1598,248,55547,CREDIT,SUCCESS
1599,420,26144,CREDIT,SUCCESS
1600,482,25454,DEBIT,SUCCESS
1601,279,29622,DEBIT,FAILED
1602,390,91806,CREDIT,SUCCESS
1603,295,69232,CREDIT,SUCCESS
1604,305,22907,DEBIT,SUCCESS
1605,338,40006,DEBIT,SUCCESS
1606,319,85434,CREDIT,FAILED
1607,215,94033,CREDIT,SUCCESS
1608,431,95665,CREDIT,SUCCESS
1609,259,11596,CREDIT,SUCCESS
1610,467,19162,DEBIT,SUCCESS
1611,468,44761,CREDIT,SUCCESS
1612,451,27101,DEBIT,FAILED
1613,495,79296,DEBIT,SUCCESS
1614,381,37807,CREDIT,SUCCESS
1615,321,86428,CREDIT,SUCCESS
1616,147,65249,CREDIT,SUCCESS
1617,290,1870,CREDIT,SUCCESS
1618,180,51776,CREDIT,SUCCESS
1619,482,86431,CREDIT,SUCCESS
1620,494,22101,CREDIT,SUCCESS
1621,490,38294,DEBIT,FAILED
1622,207,88372,CREDIT,FAILED
1623,431,89266,DEBIT,SUCCESS
1624,304,2181,DEBIT,FAILED
1625,299,66698,DEBIT,SUCCESS
1626,118,1429,DEBIT,SUCCESS
1627,414,48048,CREDIT,SUCCESS
1628,403,70929,CREDIT,SUCCESS
1629,393,30722,DEBIT,FAILED
1630,390,62426,CREDIT,FAILED
1631,246,73620,CREDIT,SUCCESS
1632,305,60810,CREDIT,SUCCESS
1633,193,47580,CREDIT,SUCCESS
1634,226,98963,DEBIT,SUCCESS
1635,233,57744,DEBIT,SUCCESS
1636,312,91798,CREDIT,SUCCESS
1637,169,36066,CREDIT,FAILED
1638,156,80735,DEBIT,SUCCESS
1639,272,8259,DEBIT,SUCCESS
1640,314,65178,DEBIT,SUCCESS
1641,321,30929,CREDIT,SUCCESS
1642,225,39396,CREDIT,SUCCESS
1643,229,14402,CREDIT,SUCCESS
1644,162,57499,CREDIT,SUCCESS
1645,361,63196,CREDIT,SUCCESS
1646,451,43001,CREDIT,SUCCESS
1647,473,64074,DEBIT,SUCCESS
1648,406,24737,DEBIT,SUCCESS
1649,482,99714,CREDIT,SUCCESS
1650,346,2065,DEBIT,FAILED
1651,455,72642,DEBIT,SUCCESS
1652,246,73147,DEBIT,FAILED
1653,318,51254,CREDIT,SUCCESS
1654,234,33816,CREDIT,FAILED
1655,440,4596,CREDIT,FAILED
1656,457,40780,DEBIT,SUCCESS
1657,183,75617,DEBIT,FAILED
1658,418,81133,CREDIT,SUCCESS
1659,434,48945,CREDIT,FAILED
1660,129,2148,DEBIT,SUCCESS
1661,173,51603,CREDIT,SUCCESS
1662,297,87663,DEBIT,FAILED
1663,473,60315,DEBIT,SUCCESS
1664,500,36842,CREDIT,SUCCESS
1665,492,74264,DEBIT,SUCCESS
1666,476,55891,DEBIT,SUCCESS
1667,479,46369,CREDIT,FAILED
1668,438,42087,CREDIT,SUCCESS
1669,410,19345,DEBIT,SUCCESS
1670,405,95792,CREDIT,SUCCESS
1671,252,48394,CREDIT,FAILED
1672,262,19786,CREDIT,SUCCESS
1673,153,55198,CREDIT,SUCCESS
1674,399,34031,DEBIT,FAILED
1675,316,12486,CREDIT,FAILED
1676,489,10097,CREDIT,SUCCESS
1677,270,83923,DEBIT,SUCCESS
1678,465,54013,DEBIT,SUCCESS
1679,252,44351,CREDIT,SUCCESS
1680,361,99919,DEBIT,SUCCESS
1681,408,31293,DEBIT,SUCCESS
1682,309,22175,DEBIT,SUCCESS
1683,319,86206,CREDIT,FAILED
1684,291,91549,DEBIT,SUCCESS
1685,393,59770,CREDIT,SUCCESS
1686,303,44954,CREDIT,FAILED
1687,451,6254,CREDIT,SUCCESS
1688,272,95626,DEBIT,SUCCESS
1689,273,4507,CREDIT,SUCCESS
1690,383,15561,CREDIT,SUCCESS
1691,355,10960,CREDIT,SUCCESS
1692,293,38705,DEBIT,SUCCESS
1693,442,22977,DEBIT,FAILED
1694,459,6093,CREDIT,SUCCESS
1695,360,37571,CREDIT,SUCCESS
1696,473,43840,DEBIT,SUCCESS
1697,173,8365,CREDIT,SUCCESS
1698,430,39028,CREDIT,SUCCESS
1699,324,77827,CREDIT,SUCCESS
1700,250,85502,DEBIT,FAILED
1701,102,67103,DEBIT,FAILED
1702,383,83147,CREDIT,SUCCESS
1703,285,51220,DEBIT,FAILED
1704,240,43027,CREDIT,SUCCESS
1705,133,67343,DEBIT,SUCCESS
1706,100,56436,DEBIT,FAILED
1707,191,59966,CREDIT,SUCCESS
1708,205,46594,DEBIT,FAILED
1709,450,19919,CREDIT,SUCCESS
1710,390,23833,CREDIT,SUCCESS
1711,278,49871,CREDIT,SUCCESS
1712,198,16316,DEBIT,SUCCESS
1713,182,20580,DEBIT,SUCCESS
1714,362,44353,DEBIT,SUCCESS
1715,224,17352,CREDIT,SUCCESS
1716,429,71020,CREDIT,SUCCESS
1717,181,40718,CREDIT,SUCCESS
1718,357,58936,DEBIT,SUCCESS
1719,147,67757,DEBIT,SUCCESS
1720,284,23359,DEBIT,SUCCESS
1721,414,60275,DEBIT,SUCCESS
1722,277,21552,DEBIT,SUCCESS
1723,307,73888,DEBIT,SUCCESS
1724,121,64406,DEBIT,SUCCESS
1725,425,42016,CREDIT,FAILED
1726,136,18291,DEBIT,SUCCESS
1727,162,55786,CREDIT,SUCCESS
1728,171,17957,CREDIT,FAILED
1729,294,78505,DEBIT,FAILED
1730,386,17627,DEBIT,SUCCESS
1731,357,27458,DEBIT,SUCCESS
1732,129,73972,CREDIT,SUCCESS
1733,124,21346,DEBIT,FAILED
1734,351,59040,DEBIT,SUCCESS
1735,365,2689,CREDIT,SUCCESS
1736,159,82173,CREDIT,SUCCESS
1737,202,74927,DEBIT,SUCCESS
1738,269,68095,CREDIT,FAILED
1739,130,81407,CREDIT,SUCCESS
1740,171,57372,CREDIT,SUCCESS
1741,383,60034,DEBIT,SUCCESS
1742,489,52558,DEBIT,SUCCESS
1743,317,12121,DEBIT,SUCCESS
1744,463,90813,DEBIT,SUCCESS
1745,344,2981,DEBIT,SUCCESS
1746,493,43884,CREDIT,SUCCESS
1747,382,24889,CREDIT,SUCCESS
1748,427,41838,DEBIT,FAILED
1749,100,78520,CREDIT,FAILED
1750,272,32185,CREDIT,SUCCESS
1751,251,58233,CREDIT,SUCCESS
1752,283,53777,DEBIT,SUCCESS
1753,203,31227,CREDIT,SUCCESS
1754,135,46041,DEBIT,SUCCESS
1755,375,8047,DEBIT,SUCCESS
1756,405,56465,DEBIT,SUCCESS
1757,324,54791,DEBIT,FAILED
1758,330,43261,CREDIT,SUCCESS
1759,425,45382,DEBIT,FAILED
1760,114,43264,DEBIT,SUCCESS
1761,200,61799,DEBIT,SUCCESS
1762,297,83710,DEBIT,FAILED
1763,218,76217,DEBIT,FAILED
1764,328,49444,CREDIT,SUCCESS
1765,139,77862,DEBIT,SUCCESS
1766,461,91580,CREDIT,SUCCESS
1767,325,99211,DEBIT,FAILED
1768,318,85924,CREDIT,FAILED
1769,291,58824,CREDIT,SUCCESS
1770,168,12785,DEBIT,SUCCESS
1771,363,55822,CREDIT,SUCCESS
1772,356,11875,DEBIT,SUCCESS
1773,455,50349,CREDIT,SUCCESS
1774,490,90375,CREDIT,FAILED
1775,439,80974,DEBIT,FAILED
1776,205,4584,DEBIT,SUCCESS
1777,189,86500,CREDIT,SUCCESS
1778,409,12997,DEBIT,SUCCESS
1779,340,85999,DEBIT,SUCCESS
1780,197,10856,DEBIT,SUCCESS
1781,122,69029,CREDIT,FAILED
1782,354,55204,DEBIT,SUCCESS
1783,126,28362,DEBIT,FAILED
1784,181,66375,CREDIT,SUCCESS
1785,164,34808,DEBIT,SUCCESS
1786,385,52893,CREDIT,SUCCESS
1787,152,7448,CREDIT,SUCCESS
1788,296,11102,DEBIT,SUCCESS
1789,184,36290,CREDIT,SUCCESS
1790,354,31345,CREDIT,FAILED
1791,225,3828,CREDIT,SUCCESS
1792,217,31607,DEBIT,SUCCESS
1793,160,94513,CREDIT,SUCCESS
1794,165,28463,CREDIT,SUCCESS
1795,211,61773,DEBIT,SUCCESS
1796,126,88281,DEBIT,SUCCESS
1797,401,71896,DEBIT,FAILED
1798,459,34107,CREDIT,SUCCESS
1799,233,34958,DEBIT,SUCCESS
1800,482,2984,CREDIT,SUCCESS
1801,315,87454,CREDIT,SUCCESS
1802,133,82790,DEBIT,SUCCESS
1803,399,43205,CREDIT,FAILED
1804,323,21727,CREDIT,SUCCESS
1805,198,75917,CREDIT,SUCCESS
1806,256,9671,DEBIT,FAILED
1807,417,65005,CREDIT,SUCCESS
1808,288,4181,DEBIT,SUCCESS
1809,139,5249,CREDIT,SUCCESS
1810,388,79115,CREDIT,FAILED
1811,394,26746,DEBIT,FAILED
1812,425,1791,CREDIT,SUCCESS
1813,473,97163,CREDIT,SUCCESS
1814,130,30901,CREDIT,SUCCESS
1815,408,8237,CREDIT,SUCCESS
1816,151,8395,DEBIT,FAILED
1817,419,77882,CREDIT,FAILED
1818,374,85798,CREDIT,SUCCESS
1819,331,65871,CREDIT,FAILED
1820,481,48362,CREDIT,SUCCESS
1821,310,22274,DEBIT,SUCCESS
1822,290,35081,DEBIT,SUCCESS
1823,317,98347,DEBIT,SUCCESS
1824,123,75830,CREDIT,SUCCESS
1825,179,12500,DEBIT,SUCCESS
1826,192,2030,CREDIT,FAILED
1827,317,26228,DEBIT,SUCCESS
1828,279,57818,DEBIT,SUCCESS
1829,413,58277,CREDIT,FAILED
1830,424,5335,DEBIT,SUCCESS
1831,336,31217,CREDIT,SUCCESS
1832,388,54748,CREDIT,FAILED
1833,188,31827,CREDIT,SUCCESS
1834,455,37966,CREDIT,SUCCESS
1835,380,33022,CREDIT,FAILED
1836,221,21670,DEBIT,FAILED
1837,498,26064,CREDIT,SUCCESS
1838,114,30084,CREDIT,SUCCESS
1839,115,42366,CREDIT,SUCCESS
1840,310,8743,CREDIT,SUCCESS
1841,346,30452,DEBIT,FAILED
1842,253,99812,DEBIT,SUCCESS
1843,364,90061,DEBIT,SUCCESS
1844,101,89596,DEBIT,FAILED
1845,111,54682,CREDIT,SUCCESS
1846,327,5168,DEBIT,SUCCESS
1847,299,27238,CREDIT,SUCCESS
1848,332,52919,CREDIT,FAILED
1849,102,93400,DEBIT,FAILED
1850,500,60888,DEBIT,FAILED
1851,232,68950,CREDIT,SUCCESS
1852,370,69895,CREDIT,FAILED
1853,329,56318,DEBIT,FAILED
1854,412,56254,DEBIT,FAILED
1855,271,90713,DEBIT,SUCCESS
1856,141,43094,DEBIT,FAILED
1857,196,11851,CREDIT,FAILED
1858,456,18860,DEBIT,SUCCESS
1859,181,72918,DEBIT,SUCCESS
1860,145,33666,DEBIT,SUCCESS
1861,182,68492,DEBIT,SUCCESS
1862,106,30792,DEBIT,SUCCESS
1863,274,95554,DEBIT,SUCCESS
1864,270,51530,CREDIT,FAILED
1865,252,96181,CREDIT,SUCCESS
1866,395,17292,DEBIT,SUCCESS
1867,405,35090,DEBIT,SUCCESS
1868,253,53932,DEBIT,SUCCESS
1869,269,37653,DEBIT,SUCCESS
1870,456,44325,DEBIT,FAILED
1871,119,34732,DEBIT,SUCCESS
1872,307,66167,DEBIT,SUCCESS
1873,167,74538,DEBIT,SUCCESS
1874,270,47506,CREDIT,SUCCESS
1875,154,1420,CREDIT,FAILED
1876,109,1082,CREDIT,SUCCESS
1877,134,96619,DEBIT,SUCCESS
1878,203,72204,DEBIT,SUCCESS
1879,483,56207,CREDIT,FAILED
1880,364,37969,CREDIT,FAILED
1881,331,73508,DEBIT,SUCCESS
1882,239,96505,DEBIT,SUCCESS
1883,173,6502,CREDIT,FAILED
1884,231,88518,CREDIT,FAILED
1885,189,52763,DEBIT,SUCCESS
1886,164,62644,DEBIT,SUCCESS
1887,184,14188,CREDIT,SUCCESS
1888,140,8518,CREDIT,FAILED
1889,181,81887,CREDIT,FAILED
1890,365,74585,CREDIT,SUCCESS
1891,153,3360,DEBIT,SUCCESS
1892,463,91510,CREDIT,FAILED
1893,318,48594,CREDIT,SUCCESS
1894,313,56790,DEBIT,FAILED
1895,349,77913,CREDIT,SUCCESS
1896,431,82731,DEBIT,FAILED
1897,315,74321,DEBIT,SUCCESS
1898,456,57883,DEBIT,SUCCESS
1899,236,26906,DEBIT,SUCCESS
1900,160,39766,DEBIT,FAILED
1901,456,98302,CREDIT,SUCCESS
1902,320,42261,DEBIT,SUCCESS
1903,226,78261,DEBIT,SUCCESS
1904,311,99988,DEBIT,SUCCESS
1905,452,40286,DEBIT,SUCCESS
1906,403,8476,DEBIT,SUCCESS
1907,246,55666,CREDIT,FAILED
1908,461,68216,CREDIT,FAILED
1909,373,71635,CREDIT,FAILED
1910,364,79222,CREDIT,FAILED
1911,306,71310,CREDIT,SUCCESS
1912,296,24135,DEBIT,SUCCESS
1913,360,31274,DEBIT,SUCCESS
1914,151,66601,DEBIT,SUCCESS
1915,209,45516,CREDIT,FAILED
1916,467,45171,DEBIT,FAILED
1917,321,53990,CREDIT,SUCCESS
1918,232,76908,DEBIT,SUCCESS
1919,126,53324,DEBIT,SUCCESS
1920,293,78089,CREDIT,SUCCESS
1921,140,6496,CREDIT,SUCCESS
1922,330,44003,CREDIT,FAILED
1923,372,91152,DEBIT,SUCCESS
1924,446,37787,DEBIT,FAILED
1925,424,95392,DEBIT,SUCCESS
1926,132,10068,CREDIT,FAILED
1927,443,59467,CREDIT,SUCCESS
1928,405,68025,DEBIT,SUCCESS
1929,424,70238,CREDIT,FAILED
1930,135,49203,DEBIT,SUCCESS
1931,381,59533,DEBIT,SUCCESS
1932,284,37107,CREDIT,SUCCESS
1933,413,80895,CREDIT,SUCCESS
1934,280,39796,DEBIT,SUCCESS
1935,471,81090,CREDIT,FAILED
1936,200,72704,CREDIT,FAILED
1937,167,49660,CREDIT,FAILED
1938,341,66070,DEBIT,FAILED
1939,288,2687,DEBIT,FAILED
1940,472,63035,CREDIT,SUCCESS
1941,115,68541,CREDIT,SUCCESS
1942,207,13090,DEBIT,FAILED
1943,168,53616,DEBIT,FAILED
1944,189,5316,DEBIT,SUCCESS
1945,334,99641,CREDIT,SUCCESS
1946,459,9694,DEBIT,SUCCESS
1947,436,58110,CREDIT,SUCCESS
1948,274,24354,CREDIT,FAILED
1949,218,43500,DEBIT,FAILED
1950,497,44145,CREDIT,SUCCESS
1951,362,47040,CREDIT,SUCCESS
1952,248,95392,DEBIT,SUCCESS
1953,228,7686,CREDIT,FAILED
1954,500,58216,CREDIT,SUCCESS
1955,387,24393,CREDIT,SUCCESS
1956,179,73313,CREDIT,SUCCESS
1957,249,86856,CREDIT,SUCCESS
1958,141,77691,DEBIT,SUCCESS
1959,241,17308,CREDIT,SUCCESS
1960,333,35496,CREDIT,SUCCESS
1961,148,84848,DEBIT,SUCCESS
1962,496,16989,CREDIT,SUCCESS
1963,279,84812,DEBIT,FAILED
1964,226,12580,DEBIT,SUCCESS
1965,236,68685,CREDIT,SUCCESS
1966,233,61536,CREDIT,FAILED
1967,406,9138,DEBIT,FAILED
1968,235,71074,DEBIT,SUCCESS
1969,105,30226,CREDIT,FAILED
1970,480,44612,CREDIT,SUCCESS
1971,458,56507,CREDIT,SUCCESS
1972,351,98303,DEBIT,SUCCESS
1973,330,12313,CREDIT,SUCCESS
1974,463,57177,CREDIT,SUCCESS
1975,211,96973,CREDIT,SUCCESS
1976,484,32121,DEBIT,SUCCESS
1977,443,80458,DEBIT,SUCCESS
1978,479,6492,DEBIT,SUCCESS
1979,498,1958,DEBIT,SUCCESS
1980,239,56154,DEBIT,SUCCESS
1981,410,84932,DEBIT,SUCCESS
1982,103,23101,CREDIT,SUCCESS
1983,157,81412,DEBIT,FAILED
1984,306,88828,DEBIT,FAILED
1985,441,56648,CREDIT,SUCCESS
1986,375,90397,DEBIT,SUCCESS
1987,282,82071,CREDIT,SUCCESS
1988,377,45673,CREDIT,SUCCESS
1989,109,72462,DEBIT,SUCCESS
1990,219,29793,DEBIT,FAILED
1991,498,44668,CREDIT,SUCCESS
1992,379,82501,DEBIT,SUCCESS
1993,121,86954,CREDIT,SUCCESS
1994,239,85077,DEBIT,SUCCESS
1995,413,27279,CREDIT,SUCCESS
1996,131,29362,CREDIT,FAILED
1997,204,44210,DEBIT,SUCCESS
1998,422,62775,DEBIT,SUCCESS
1999,393,79289,CREDIT,SUCCESS
2000,350,53507,CREDIT,SUCCESS
2001,318,21372,CREDIT,SUCCESS
2002,392,53165,CREDIT,SUCCESS
2003,150,42164,CREDIT,SUCCESS
2004,405,82415,CREDIT,SUCCESS
2005,321,59076,DEBIT,FAILED
2006,138,34617,DEBIT,SUCCESS
2007,437,64789,CREDIT,SUCCESS
2008,448,51875,CREDIT,FAILED
2009,234,9223,DEBIT,SUCCESS
2010,383,5009,DEBIT,SUCCESS
2011,147,90845,DEBIT,SUCCESS
2012,429,95406,CREDIT,FAILED
2013,354,15496,CREDIT,SUCCESS
2014,438,4568,CREDIT,SUCCESS
2015,100,8696,CREDIT,SUCCESS
2016,166,3628,DEBIT,SUCCESS
2017,261,89294,DEBIT,SUCCESS
2018,304,45558,CREDIT,SUCCESS
2019,149,2974,DEBIT,SUCCESS
2020,139,38632,CREDIT,SUCCESS
2021,275,53136,CREDIT,SUCCESS
2022,204,7290,CREDIT,SUCCESS
2023,206,96280,DEBIT,SUCCESS
2024,188,72835,CREDIT,SUCCESS
2025,414,20799,DEBIT,FAILED
2026,473,85480,DEBIT,SUCCESS
2027,348,96703,DEBIT,SUCCESS
2028,346,73654,DEBIT,FAILED
2029,142,44774,DEBIT,SUCCESS
2030,156,46977,DEBIT,FAILED
2031,239,35318,CREDIT,SUCCESS
2032,256,53826,CREDIT,SUCCESS
2033,268,7430,DEBIT,FAILED
2034,434,29592,DEBIT,SUCCESS
2035,388,41353,CREDIT,SUCCESS
2036,373,44768,DEBIT,FAILED
2037,453,77564,CREDIT,SUCCESS
2038,375,91158,CREDIT,FAILED
2039,442,93166,CREDIT,FAILED
2040,169,30425,CREDIT,SUCCESS
2041,391,53702,CREDIT,SUCCESS
2042,461,48731,CREDIT,SUCCESS
2043,342,39812,CREDIT,SUCCESS
2044,375,20166,CREDIT,FAILED
2045,392,57466,CREDIT,SUCCESS
2046,370,40442,DEBIT,FAILED
2047,254,31206,CREDIT,SUCCESS
2048,289,8613,DEBIT,SUCCESS
2049,407,7336,CREDIT,SUCCESS
2050,453,78484,CREDIT,SUCCESS
2051,211,15184,CREDIT,SUCCESS
2052,350,76222,CREDIT,SUCCESS
2053,463,80208,CREDIT,SUCCESS
2054,343,10981,DEBIT,FAILED
2055,124,91264,DEBIT,SUCCESS
2056,304,36278,CREDIT,SUCCESS
2057,164,55091,DEBIT,FAILED
2058,227,21995,DEBIT,SUCCESS
2059,344,75622,DEBIT,SUCCESS
2060,190,89667,DEBIT,SUCCESS
2061,291,1567,DEBIT,SUCCESS
2062,184,69967,CREDIT,SUCCESS
2063,439,94145,CREDIT,SUCCESS
2064,166,45828,DEBIT,SUCCESS
2065,379,79672,CREDIT,SUCCESS
2066,328,40013,CREDIT,SUCCESS
2067,212,54913,CREDIT,SUCCESS
2068,210,77010,DEBIT,FAILED
2069,152,72201,DEBIT,SUCCESS
2070,380,17037,DEBIT,SUCCESS
2071,160,38127,CREDIT,SUCCESS
2072,420,46324,DEBIT,FAILED
2073,239,42924,CREDIT,SUCCESS
2074,277,55011,DEBIT,SUCCESS
2075,215,83078,CREDIT,FAILED
2076,265,78157,DEBIT,SUCCESS
2077,341,28452,DEBIT,SUCCESS
2078,316,82675,CREDIT,SUCCESS
2079,176,89940,DEBIT,FAILED
2080,110,48488,CREDIT,SUCCESS
2081,234,86575,CREDIT,FAILED
2082,255,13133,CREDIT,SUCCESS
2083,467,43910,CREDIT,FAILED
2084,166,24487,DEBIT,SUCCESS
2085,413,86216,DEBIT,SUCCESS
2086,435,71448,CREDIT,SUCCESS
2087,202,57037,DEBIT,SUCCESS
2088,101,10940,DEBIT,SUCCESS
2089,194,45543,DEBIT,SUCCESS
2090,212,34417,DEBIT,SUCCESS
2091,173,56399,DEBIT,SUCCESS
2092,128,71561,CREDIT,FAILED
2093,104,97677,CREDIT,SUCCESS
2094,131,67838,DEBIT,SUCCESS
2095,343,14235,DEBIT,SUCCESS
2096,251,35888,DEBIT,SUCCESS
2097,391,76052,CREDIT,SUCCESS
2098,476,43563,CREDIT,SUCCESS
2099,139,77016,CREDIT,SUCCESS
2100,383,19666,DEBIT,SUCCESS
2101,238,61512,DEBIT,SUCCESS
2102,490,41870,DEBIT,SUCCESS
2103,276,54685,CREDIT,SUCCESS
2104,321,19290,DEBIT,FAILED
2105,127,6528,CREDIT,SUCCESS
2106,430,72132,CREDIT,SUCCESS
2107,337,12395,DEBIT,SUCCESS
2108,246,78143,DEBIT,SUCCESS
2109,116,97720,CREDIT,SUCCESS
2110,189,6957,DEBIT,FAILED
2111,440,13513,CREDIT,SUCCESS
2112,177,55214,CREDIT,SUCCESS
2113,188,31721,DEBIT,FAILED
2114,179,28948,DEBIT,SUCCESS
2115,393,81916,DEBIT,SUCCESS
2116,240,21482,CREDIT,SUCCESS
2117,368,38035,CREDIT,SUCCESS
2118,101,39400,CREDIT,FAILED
2119,257,3045,DEBIT,FAILED
2120,124,66784,CREDIT,SUCCESS
2121,245,92644,CREDIT,SUCCESS
2122,171,95200,DEBIT,SUCCESS
2123,284,55076,CREDIT,SUCCESS
2124,466,66388,DEBIT,FAILED
2125,479,20871,CREDIT,FAILED
2126,290,28899,DEBIT,SUCCESS
2127,477,1378,CREDIT,SUCCESS
2128,190,69776,DEBIT,SUCCESS
2129,317,48753,DEBIT,FAILED
2130,395,7396,CREDIT,SUCCESS
2131,396,81957,DEBIT,SUCCESS
2132,268,22880,DEBIT,SUCCESS
2133,403,80403,CREDIT,SUCCESS
2134,337,32648,CREDIT,FAILED
2135,137,16227,CREDIT,FAILED
2136,288,81283,CREDIT,FAILED
2137,471,7114,CREDIT,SUCCESS
2138,374,40595,CREDIT,SUCCESS
2139,460,62489,CREDIT,FAILED
2140,219,59055,DEBIT,SUCCESS
2141,346,21618,CREDIT,SUCCESS
2142,393,6875,DEBIT,SUCCESS
2143,192,78208,DEBIT,SUCCESS
2144,458,6963,CREDIT,SUCCESS
2145,290,5286,CREDIT,SUCCESS
2146,458,28020,DEBIT,SUCCESS
2147,331,77922,DEBIT,FAILED
2148,480,77015,CREDIT,SUCCESS
2149,300,18364,CREDIT,SUCCESS
2150,147,96879,CREDIT,SUCCESS
2151,208,92805,CREDIT,SUCCESS
2152,235,89850,CREDIT,SUCCESS
2153,495,43495,CREDIT,FAILED
2154,113,82754,DEBIT,SUCCESS
2155,328,26654,DEBIT,SUCCESS
2156,479,7542,DEBIT,SUCCESS
2157,223,52959,DEBIT,SUCCESS
2158,497,1844,DEBIT,SUCCESS
2159,359,80825,DEBIT,SUCCESS
2160,297,85647,DEBIT,SUCCESS
2161,500,16252,CREDIT,SUCCESS
2162,222,46823,CREDIT,SUCCESS
2163,346,63646,DEBIT,SUCCESS
2164,337,94328,DEBIT,SUCCESS
2165,177,22569,CREDIT,SUCCESS
2166,258,47222,CREDIT,SUCCESS
2167,182,14525,DEBIT,SUCCESS
2168,217,5664,CREDIT,SUCCESS
2169,379,67809,DEBIT,SUCCESS
2170,289,59840,CREDIT,SUCCESS
2171,442,54611,DEBIT,SUCCESS
2172,201,62795,DEBIT,SUCCESS
2173,411,36717,DEBIT,SUCCESS
2174,369,79975,CREDIT,FAILED
2175,219,99206,CREDIT,SUCCESS
2176,217,53741,CREDIT,SUCCESS
2177,122,37185,CREDIT,FAILED
2178,311,49855,DEBIT,SUCCESS
2179,281,90516,CREDIT,SUCCESS
2180,279,34522,DEBIT,SUCCESS
2181,226,41788,DEBIT,SUCCESS
2182,131,24399,DEBIT,FAILED
2183,326,36962,DEBIT,FAILED
2184,290,54848,DEBIT,SUCCESS
2185,205,89321,CREDIT,FAILED
2186,239,24498,CREDIT,FAILED
2187,215,58333,CREDIT,SUCCESS
2188,172,77632,DEBIT,SUCCESS
2189,151,53497,CREDIT,SUCCESS
2190,435,76713,CREDIT,SUCCESS
2191,254,49883,CREDIT,SUCCESS
2192,378,41561,CREDIT,SUCCESS
2193,111,47002,DEBIT,SUCCESS
2194,373,58860,DEBIT,FAILED
2195,472,27902,CREDIT,SUCCESS
2196,261,27462,CREDIT,SUCCESS
2197,443,45159,CREDIT,SUCCESS
2198,294,99299,CREDIT,FAILED
2199,406,61523,CREDIT,FAILED
2200,392,18195,DEBIT,SUCCESS
2201,440,6253,DEBIT,SUCCESS
2202,448,42292,DEBIT,SUCCESS
2203,162,42912,DEBIT,SUCCESS
2204,272,49472,DEBIT,FAILED
2205,487,11295,CREDIT,SUCCESS
2206,422,89679,DEBIT,SUCCESS
2207,149,78241,CREDIT,SUCCESS
2208,321,88581,DEBIT,FAILED
2209,326,9107,DEBIT,SUCCESS
2210,308,32166,DEBIT,FAILED
2211,160,40995,CREDIT,SUCCESS
2212,462,21490,DEBIT,FAILED
2213,254,81352,DEBIT,SUCCESS
2214,187,79263,CREDIT,SUCCESS
2215,140,22141,DEBIT,SUCCESS
2216,467,29300,CREDIT,SUCCESS
2217,218,34576,CREDIT,SUCCESS
2218,398,76136,CREDIT,SUCCESS
2219,435,35867,DEBIT,SUCCESS
2220,418,15908,CREDIT,FAILED
2221,379,51559,CREDIT,FAILED
2222,475,6732,DEBIT,SUCCESS
2223,194,96196,DEBIT,SUCCESS
2224,341,40512,DEBIT,FAILED
2225,286,84936,DEBIT,FAILED
2226,305,86107,DEBIT,SUCCESS
2227,364,63707,CREDIT,SUCCESS
2228,329,96492,CREDIT,FAILED
2229,300,47834,DEBIT,SUCCESS
2230,158,10134,CREDIT,SUCCESS
2231,386,99144,DEBIT,FAILED
2232,226,26290,DEBIT,SUCCESS
2233,483,59054,DEBIT,SUCCESS
2234,313,91313,CREDIT,SUCCESS
2235,138,3470,DEBIT,SUCCESS
2236,118,92049,DEBIT,SUCCESS
2237,440,55919,DEBIT,SUCCESS
2238,398,5823,DEBIT,SUCCESS
2239,414,98304,DEBIT,SUCCESS
2240,105,94051,CREDIT,FAILED
2241,290,78662,DEBIT,SUCCESS
2242,192,9115,DEBIT,SUCCESS
2243,498,76217,CREDIT,SUCCESS
2244,348,19587,DEBIT,SUCCESS
2245,106,72516,DEBIT,FAILED
2246,469,17591,CREDIT,SUCCESS
2247,274,2606,DEBIT,FAILED
2248,403,32920,CREDIT,FAILED
2249,329,74973,DEBIT,SUCCESS
2250,254,17350,CREDIT,SUCCESS
2251,463,28432,CREDIT,SUCCESS
2252,104,72541,CREDIT,SUCCESS
2253,434,12040,DEBIT,SUCCESS
2254,364,69154,DEBIT,FAILED
2255,109,59796,CREDIT,SUCCESS
2256,283,78601,CREDIT,SUCCESS
2257,144,46757,CREDIT,SUCCESS
2258,187,95717,DEBIT,SUCCESS
2259,299,86667,DEBIT,SUCCESS
2260,445,75097,DEBIT,FAILED
2261,494,4790,CREDIT,SUCCESS
2262,365,81456,CREDIT,SUCCESS
2263,259,32209,CREDIT,FAILED
2264,400,79348,DEBIT,SUCCESS
2265,207,77057,CREDIT,SUCCESS
2266,229,11867,CREDIT,FAILED
2267,438,92841,CREDIT,SUCCESS
2268,437,86434,CREDIT,SUCCESS
2269,190,38021,CREDIT,FAILED
2270,448,37290,DEBIT,SUCCESS
2271,155,40611,DEBIT,SUCCESS
2272,175,4224,CREDIT,SUCCESS
2273,105,91498,CREDIT,SUCCESS
2274,254,59336,DEBIT,SUCCESS
2275,343,67478,CREDIT,FAILED
2276,487,87219,DEBIT,FAILED
2277,178,11063,DEBIT,SUCCESS
2278,321,29443,CREDIT,SUCCESS
2279,326,42003,DEBIT,SUCCESS
2280,122,6213,CREDIT,SUCCESS
2281,242,45710,DEBIT,SUCCESS
2282,190,58673,CREDIT,FAILED
2283,277,33779,DEBIT,SUCCESS
2284,315,67412,CREDIT,SUCCESS
2285,202,88479,DEBIT,SUCCESS
2286,128,89315,DEBIT,SUCCESS
2287,445,5515,CREDIT,FAILED
2288,136,27157,DEBIT,SUCCESS
2289,196,99328,DEBIT,SUCCESS
2290,383,67944,DEBIT,SUCCESS
2291,150,78325,DEBIT,SUCCESS
2292,338,34805,DEBIT,SUCCESS
2293,401,96631,DEBIT,SUCCESS
2294,438,1991,DEBIT,SUCCESS
2295,159,6764,DEBIT,SUCCESS
2296,249,81892,DEBIT,SUCCESS
2297,306,67154,DEBIT,FAILED
2298,430,85620,DEBIT,FAILED
2299,208,63321,CREDIT,SUCCESS
2300,214,32698,CREDIT,SUCCESS
2301,453,48621,DEBIT,SUCCESS
2302,171,8274,CREDIT,SUCCESS
2303,231,85114,CREDIT,FAILED
2304,369,1923,DEBIT,SUCCESS
2305,482,39154,CREDIT,SUCCESS
2306,117,48828,CREDIT,FAILED
2307,193,68032,DEBIT,FAILED
2308,163,69823,DEBIT,SUCCESS
2309,312,10463,DEBIT,SUCCESS
2310,239,7015,DEBIT,FAILED
2311,396,96731,CREDIT,FAILED
2312,104,5944,DEBIT,SUCCESS
2313,283,35887,DEBIT,FAILED
2314,157,51698,CREDIT,SUCCESS
2315,297,52094,CREDIT,SUCCESS
2316,111,62970,DEBIT,SUCCESS
2317,185,51084,CREDIT,SUCCESS
2318,157,44986,CREDIT,SUCCESS
2319,438,26627,DEBIT,SUCCESS
2320,260,48427,CREDIT,SUCCESS
2321,180,3138,CREDIT,FAILED
2322,200,31662,CREDIT,SUCCESS
2323,308,84693,CREDIT,SUCCESS
2324,137,85251,DEBIT,FAILED
2325,440,3735,DEBIT,SUCCESS
2326,123,79943,DEBIT,SUCCESS
2327,249,86540,DEBIT,SUCCESS
2328,110,79860,CREDIT,SUCCESS
2329,135,11311,CREDIT,SUCCESS
2330,475,74040,CREDIT,SUCCESS
2331,297,86891,DEBIT,SUCCESS
2332,404,70458,CREDIT,SUCCESS
2333,288,84176,DEBIT,SUCCESS
2334,125,17481,DEBIT,SUCCESS
2335,408,10895,CREDIT,FAILED
2336,118,57355,DEBIT,FAILED
2337,495,46403,CREDIT,SUCCESS
2338,169,17285,CREDIT,SUCCESS
2339,243,3650,CREDIT,SUCCESS
2340,226,69429,CREDIT,FAILED
2341,159,88794,CREDIT,SUCCESS
2342,434,49874,DEBIT,FAILED
2343,357,26362,DEBIT,SUCCESS
2344,309,71741,DEBIT,SUCCESS
2345,116,79661,CREDIT,FAILED
2346,446,89263,CREDIT,SUCCESS
2347,321,39242,CREDIT,SUCCESS
2348,216,45964,DEBIT,SUCCESS
2349,333,12350,CREDIT,SUCCESS
2350,431,48622,CREDIT,SUCCESS
2351,329,1161,DEBIT,FAILED
2352,493,86688,CREDIT,FAILED
2353,124,27493,DEBIT,FAILED
2354,478,6392,CREDIT,SUCCESS
2355,484,53642,CREDIT,SUCCESS
2356,375,65773,CREDIT,FAILED
2357,447,41393,CREDIT,SUCCESS
2358,382,67865,DEBIT,SUCCESS
2359,499,40367,CREDIT,SUCCESS
2360,300,35442,CREDIT,SUCCESS
2361,490,91759,CREDIT,SUCCESS
2362,432,98338,DEBIT,FAILED
2363,105,74045,CREDIT,FAILED
2364,377,56326,DEBIT,SUCCESS
2365,433,8239,DEBIT,SUCCESS
2366,375,60429,CREDIT,FAILED
2367,175,76205,DEBIT,SUCCESS
2368,331,83904,CREDIT,SUCCESS
2369,231,51983,DEBIT,SUCCESS
2370,458,15840,DEBIT,FAILED
2371,213,46236,DEBIT,FAILED
2372,443,59199,DEBIT,FAILED
2373,406,5404,DEBIT,SUCCESS
2374,269,50183,CREDIT,SUCCESS
2375,122,2803,CREDIT,FAILED
2376,409,14183,CREDIT,SUCCESS
2377,318,10725,DEBIT,SUCCESS
2378,419,58313,CREDIT,SUCCESS
2379,379,97441,CREDIT,SUCCESS
2380,134,11335,CREDIT,FAILED
2381,224,92850,CREDIT,SUCCESS
2382,144,88140,CREDIT,SUCCESS
2383,448,88847,DEBIT,SUCCESS
2384,423,34480,DEBIT,SUCCESS
2385,450,88149,CREDIT,SUCCESS
2386,292,3900,DEBIT,SUCCESS
2387,473,53981,CREDIT,SUCCESS
2388,349,81836,DEBIT,SUCCESS
2389,422,36005,CREDIT,SUCCESS
2390,398,78866,DEBIT,SUCCESS
2391,425,3362,CREDIT,SUCCESS
2392,270,33799,DEBIT,SUCCESS
2393,170,53560,CREDIT,SUCCESS
2394,430,50334,DEBIT,SUCCESS
2395,309,95344,CREDIT,SUCCESS
2396,241,43830,CREDIT,SUCCESS
2397,310,32223,DEBIT,FAILED
2398,204,54849,DEBIT,SUCCESS
2399,454,76547,CREDIT,FAILED
2400,433,91991,CREDIT,SUCCESS
2401,424,34807,CREDIT,SUCCESS
2402,131,32440,CREDIT,FAILED
2403,309,72697,CREDIT,FAILED
2404,230,9430,DEBIT,FAILED
2405,234,71134,CREDIT,SUCCESS
2406,479,22602,DEBIT,SUCCESS
2407,332,74724,CREDIT,FAILED
2408,374,41945,CREDIT,FAILED
2409,198,41275,DEBIT,FAILED
2410,468,20353,CREDIT,SUCCESS
2411,352,72396,DEBIT,SUCCESS
2412,269,25853,CREDIT,FAILED
2413,384,28482,CREDIT,SUCCESS
2414,465,56070,DEBIT,SUCCESS
2415,294,58449,CREDIT,SUCCESS
2416,414,18062,CREDIT,SUCCESS
2417,271,55714,DEBIT,SUCCESS
2418,436,40781,CREDIT,SUCCESS
2419,325,17225,DEBIT,SUCCESS
2420,306,54918,DEBIT,SUCCESS
2421,376,98407,DEBIT,FAILED
2422,233,87667,CREDIT,SUCCESS
2423,218,17618,DEBIT,FAILED
2424,220,44025,CREDIT,SUCCESS
2425,271,29225,CREDIT,SUCCESS
2426,463,94661,CREDIT,SUCCESS
2427,274,47923,CREDIT,SUCCESS
2428,153,94415,DEBIT,SUCCESS
2429,446,90998,CREDIT,SUCCESS
2430,332,84180,DEBIT,SUCCESS
2431,237,84237,CREDIT,FAILED
2432,390,9994,DEBIT,FAILED
2433,387,65399,CREDIT,SUCCESS
2434,166,55889,CREDIT,SUCCESS
2435,370,23509,CREDIT,SUCCESS
2436,441,38613,DEBIT,SUCCESS
2437,421,19181,DEBIT,SUCCESS
2438,384,46994,CREDIT,FAILED
2439,450,13960,CREDIT,SUCCESS
2440,304,80626,DEBIT,SUCCESS
2441,424,11918,CREDIT,SUCCESS
2442,206,88800,CREDIT,SUCCESS
2443,231,71438,DEBIT,FAILED
2444,497,45820,DEBIT,SUCCESS
2445,174,9151,CREDIT,SUCCESS
2446,286,85544,DEBIT,SUCCESS
2447,255,39220,CREDIT,FAILED
2448,274,70405,DEBIT,SUCCESS
2449,404,27220,DEBIT,FAILED
2450,178,9450,CREDIT,SUCCESS
2451,155,62350,DEBIT,SUCCESS
2452,234,99899,CREDIT,SUCCESS
2453,115,86669,DEBIT,SUCCESS
2454,396,10991,DEBIT,SUCCESS
2455,123,3240,CREDIT,SUCCESS
2456,469,5394,DEBIT,SUCCESS
2457,276,87249,DEBIT,SUCCESS
2458,438,92542,CREDIT,SUCCESS
2459,460,99157,DEBIT,SUCCESS
2460,272,80876,CREDIT,SUCCESS
2461,205,95625,DEBIT,SUCCESS
2462,493,75995,DEBIT,SUCCESS
2463,170,7033,CREDIT,FAILED
2464,454,82789,CREDIT,SUCCESS
2465,103,55767,CREDIT,SUCCESS
2466,119,6900,DEBIT,SUCCESS
2467,485,37414,DEBIT,FAILED
2468,162,94291,CREDIT,SUCCESS
2469,429,69471,CREDIT,SUCCESS
2470,221,96254,CREDIT,SUCCESS
2471,403,78592,CREDIT,FAILED
2472,147,50082,DEBIT,FAILED
2473,361,75886,DEBIT,SUCCESS
2474,110,33401,CREDIT,FAILED
2475,312,15068,CREDIT,SUCCESS
2476,234,58702,DEBIT,SUCCESS
2477,158,29354,DEBIT,FAILED
2478,183,33469,DEBIT,SUCCESS
2479,324,99274,CREDIT,SUCCESS
2480,183,32246,CREDIT,SUCCESS
2481,368,24883,DEBIT,SUCCESS
2482,487,23630,CREDIT,SUCCESS
2483,257,52138,DEBIT,SUCCESS
2484,435,62762,DEBIT,SUCCESS
2485,495,97653,DEBIT,SUCCESS
2486,317,97836,CREDIT,SUCCESS
2487,155,68487,DEBIT,FAILED
2488,284,5489,DEBIT,FAILED
2489,236,65606,CREDIT,SUCCESS
2490,307,92700,CREDIT,SUCCESS
2491,315,43228,DEBIT,SUCCESS
2492,163,49185,CREDIT,SUCCESS
2493,300,67101,CREDIT,FAILED
2494,461,79168,CREDIT,FAILED
2495,293,77261,DEBIT,SUCCESS
2496,122,94471,CREDIT,SUCCESS
2497,285,65959,CREDIT,SUCCESS
2498,454,10794,CREDIT,SUCCESS
2499,157,67853,CREDIT,SUCCESS
2500,134,72862,DEBIT,SUCCESS
2501,406,87374,DEBIT,SUCCESS
2502,343,16403,DEBIT,SUCCESS
2503,486,47340,DEBIT,SUCCESS
2504,223,36446,DEBIT,SUCCESS
2505,362,37070,DEBIT,SUCCESS
2506,330,45881,CREDIT,FAILED
2507,214,8441,DEBIT,SUCCESS
2508,465,79140,CREDIT,SUCCESS
2509,240,42828,CREDIT,SUCCESS
2510,358,5549,DEBIT,SUCCESS
2511,278,65538,DEBIT,FAILED
2512,374,74811,DEBIT,SUCCESS
2513,358,22660,DEBIT,SUCCESS
2514,227,8176,DEBIT,SUCCESS
2515,482,51640,DEBIT,SUCCESS
2516,425,83954,DEBIT,SUCCESS
2517,173,46132,CREDIT,SUCCESS
2518,389,73117,DEBIT,FAILED
2519,269,19822,CREDIT,SUCCESS
2520,484,82644,DEBIT,SUCCESS
2521,429,62873,DEBIT,SUCCESS
2522,489,38768,CREDIT,SUCCESS
2523,334,13087,DEBIT,SUCCESS
2524,307,55941,DEBIT,SUCCESS
2525,235,1887,DEBIT,SUCCESS
2526,202,90242,CREDIT,SUCCESS
2527,329,87975,CREDIT,SUCCESS
2528,301,4813,CREDIT,FAILED
2529,149,82608,CREDIT,FAILED
2530,425,14087,CREDIT,SUCCESS
2531,461,80388,DEBIT,FAILED
2532,381,22296,DEBIT,SUCCESS
2533,340,31406,DEBIT,SUCCESS
2534,401,26089,DEBIT,FAILED
2535,173,86142,CREDIT,SUCCESS
2536,150,95664,DEBIT,SUCCESS
2537,421,75403,CREDIT,FAILED
2538,271,21466,CREDIT,FAILED
2539,284,96170,CREDIT,SUCCESS
2540,348,86155,CREDIT,SUCCESS
2541,444,27479,CREDIT,SUCCESS
2542,315,36937,CREDIT,SUCCESS
2543,125,83998,DEBIT,SUCCESS
2544,119,34744,DEBIT,SUCCESS
2545,343,11146,DEBIT,FAILED
2546,121,64642,CREDIT,SUCCESS
2547,421,57360,CREDIT,SUCCESS
2548,476,69712,DEBIT,SUCCESS
2549,196,74205,DEBIT,FAILED
2550,419,36603,CREDIT,SUCCESS
2551,188,47550,DEBIT,FAILED
2552,177,46573,DEBIT,FAILED
2553,401,67112,CREDIT,SUCCESS
2554,414,45411,CREDIT,SUCCESS
2555,372,91943,DEBIT,SUCCESS
2556,396,71044,CREDIT,SUCCESS
2557,306,68834,DEBIT,SUCCESS
2558,283,30892,CREDIT,FAILED
2559,374,38098,CREDIT,SUCCESS
2560,379,62635,CREDIT,SUCCESS
2561,274,44670,CREDIT,SUCCESS
2562,355,47124,CREDIT,SUCCESS
2563,113,29886,DEBIT,SUCCESS
2564,317,23269,CREDIT,FAILED
2565,257,48531,DEBIT,SUCCESS
2566,142,23014,CREDIT,FAILED
2567,144,59493,CREDIT,SUCCESS
2568,399,65371,DEBIT,SUCCESS
2569,493,46436,DEBIT,SUCCESS
2570,225,32217,DEBIT,FAILED
2571,338,6886,DEBIT,SUCCESS
2572,243,78864,CREDIT,SUCCESS
2573,402,22901,CREDIT,FAILED
2574,185,33686,CREDIT,SUCCESS
2575,387,94622,CREDIT,SUCCESS
2576,245,21993,DEBIT,SUCCESS
2577,464,96757,DEBIT,FAILED
2578,420,85156,CREDIT,SUCCESS
2579,207,68841,DEBIT,SUCCESS
2580,430,1141,DEBIT,SUCCESS
2581,180,99672,CREDIT,SUCCESS
2582,289,24571,CREDIT,SUCCESS
2583,262,45436,DEBIT,SUCCESS
2584,151,88645,DEBIT,SUCCESS
2585,442,86483,DEBIT,SUCCESS
2586,293,21519,DEBIT,SUCCESS
2587,260,9028,CREDIT,SUCCESS
2588,389,86337,DEBIT,FAILED
2589,286,30751,CREDIT,SUCCESS
2590,385,37673,DEBIT,SUCCESS
2591,408,77859,DEBIT,SUCCESS
2592,104,15205,CREDIT,SUCCESS
2593,360,91077,CREDIT,SUCCESS
2594,486,54340,CREDIT,SUCCESS
2595,323,93009,DEBIT,SUCCESS
2596,307,11425,DEBIT,SUCCESS
2597,435,22572,CREDIT,SUCCESS
2598,258,67054,DEBIT,SUCCESS
2599,225,37601,CREDIT,FAILED
2600,267,22386,DEBIT,SUCCESS
2601,421,16792,DEBIT,FAILED
2602,362,69675,CREDIT,SUCCESS
2603,434,73006,DEBIT,SUCCESS
2604,262,18444,DEBIT,SUCCESS
2605,167,48093,CREDIT,SUCCESS
2606,293,84093,CREDIT,SUCCESS
2607,255,49890,CREDIT,SUCCESS
2608,279,31550,CREDIT,SUCCESS
2609,192,81969,CREDIT,SUCCESS
2610,187,83799,CREDIT,SUCCESS
2611,266,46668,CREDIT,SUCCESS
2612,422,52177,CREDIT,SUCCESS
2613,256,26485,DEBIT,FAILED
2614,361,61394,CREDIT,SUCCESS
2615,148,35844,CREDIT,SUCCESS
2616,351,92935,CREDIT,SUCCESS
2617,222,47532,CREDIT,SUCCESS
2618,365,82462,DEBIT,SUCCESS
2619,228,19817,CREDIT,SUCCESS
2620,342,53682,CREDIT,SUCCESS
2621,399,46948,CREDIT,SUCCESS
2622,391,94847,CREDIT,SUCCESS
2623,364,96172,CREDIT,SUCCESS
2624,304,66343,DEBIT,SUCCESS
2625,289,11569,DEBIT,SUCCESS
2626,251,42868,CREDIT,SUCCESS
2627,491,53823,CREDIT,SUCCESS
2628,184,17507,CREDIT,SUCCESS
2629,438,84788,CREDIT,SUCCESS
2630,261,14784,CREDIT,FAILED
2631,304,21368,CREDIT,SUCCESS
2632,191,87104,CREDIT,SUCCESS
2633,400,7145,CREDIT,SUCCESS
2634,292,25475,CREDIT,SUCCESS
2635,317,29441,DEBIT,FAILED
2636,253,4368,DEBIT,FAILED
2637,122,11982,CREDIT,FAILED
2638,409,60614,DEBIT,FAILED
2639,415,47605,DEBIT,SUCCESS
2640,133,83321,CREDIT,SUCCESS
2641,194,23985,CREDIT,FAILED
2642,353,39433,CREDIT,SUCCESS
2643,155,35976,DEBIT,SUCCESS
2644,214,35628,DEBIT,SUCCESS
2645,484,34203,CREDIT,SUCCESS
2646,223,22990,CREDIT,SUCCESS
2647,177,82608,DEBIT,FAILED
2648,119,63464,DEBIT,SUCCESS
2649,232,53325,CREDIT,SUCCESS
2650,201,73509,CREDIT,SUCCESS
2651,226,9627,DEBIT,SUCCESS
2652,477,67604,CREDIT,SUCCESS
2653,461,25672,CREDIT,SUCCESS
2654,463,92397,CREDIT,SUCCESS
2655,316,57077,DEBIT,SUCCESS
2656,429,77052,DEBIT,SUCCESS
2657,248,96193,CREDIT,SUCCESS
2658,496,4821,CREDIT,SUCCESS
2659,154,48864,DEBIT,SUCCESS
2660,193,95132,DEBIT,FAILED
2661,441,5163,DEBIT,SUCCESS
2662,121,87050,CREDIT,SUCCESS
2663,158,85828,CREDIT,SUCCESS
2664,161,16052,CREDIT,SUCCESS
2665,173,41940,DEBIT,FAILED
2666,341,5510,DEBIT,SUCCESS
2667,263,87807,CREDIT,SUCCESS
2668,102,59555,CREDIT,SUCCESS
2669,236,20802,DEBIT,SUCCESS
2670,278,74009,DEBIT,FAILED
2671,344,28804,CREDIT,SUCCESS
2672,215,58143,DEBIT,SUCCESS
2673,102,87252,DEBIT,SUCCESS
2674,490,4160,CREDIT,SUCCESS
2675,462,37403,DEBIT,FAILED
2676,172,17262,DEBIT,SUCCESS
2677,155,38346,DEBIT,FAILED
2678,487,75268,DEBIT,SUCCESS
2679,343,20718,CREDIT,SUCCESS
2680,232,94957,DEBIT,SUCCESS
2681,458,81798,DEBIT,SUCCESS
2682,168,64830,CREDIT,SUCCESS
2683,305,41355,DEBIT,SUCCESS
2684,220,19249,CREDIT,SUCCESS
2685,318,86951,DEBIT,SUCCESS
2686,125,60366,DEBIT,FAILED
2687,136,46025,CREDIT,SUCCESS
2688,450,84981,DEBIT,FAILED
2689,147,38630,CREDIT,SUCCESS
2690,284,32865,DEBIT,FAILED
2691,123,26015,CREDIT,SUCCESS
2692,116,54328,DEBIT,SUCCESS
2693,222,79306,DEBIT,SUCCESS
2694,266,21317,CREDIT,FAILED
2695,489,70147,DEBIT,SUCCESS
2696,336,74570,DEBIT,SUCCESS
2697,469,65250,CREDIT,SUCCESS
2698,455,43327,CREDIT,SUCCESS
2699,435,91435,CREDIT,FAILED
2700,170,87121,DEBIT,SUCCESS
2701,172,7570,DEBIT,SUCCESS
2702,216,19149,DEBIT,FAILED
2703,255,94190,CREDIT,SUCCESS
2704,219,6677,CREDIT,FAILED
2705,213,76754,CREDIT,SUCCESS
2706,147,29644,DEBIT,SUCCESS
2707,475,55640,CREDIT,SUCCESS
2708,439,42455,DEBIT,SUCCESS
2709,363,83425,CREDIT,SUCCESS
2710,492,50724,CREDIT,SUCCESS
2711,408,83298,CREDIT,SUCCESS
2712,165,1713,CREDIT,SUCCESS
2713,212,46133,CREDIT,FAILED
2714,493,47806,DEBIT,SUCCESS
2715,351,63742,CREDIT,SUCCESS
2716,207,62532,DEBIT,SUCCESS
2717,443,34273,DEBIT,SUCCESS
2718,357,28954,CREDIT,SUCCESS
2719,429,19533,DEBIT,FAILED
2720,454,8733,DEBIT,SUCCESS
2721,303,17625,DEBIT,SUCCESS
2722,143,90756,DEBIT,FAILED
2723,161,13046,DEBIT,SUCCESS
2724,500,50202,DEBIT,SUCCESS
2725,136,40601,DEBIT,SUCCESS
2726,231,63407,CREDIT,SUCCESS
2727,475,4245,DEBIT,SUCCESS
2728,190,80512,DEBIT,SUCCESS
2729,208,25983,DEBIT,SUCCESS
2730,285,15381,DEBIT,SUCCESS
2731,358,83411,CREDIT,FAILED
2732,252,73398,CREDIT,SUCCESS
2733,186,2924,CREDIT,SUCCESS
2734,312,3874,DEBIT,SUCCESS
2735,318,49544,CREDIT,SUCCESS
2736,241,30109,DEBIT,FAILED
2737,232,20269,DEBIT,SUCCESS
2738,444,78125,DEBIT,SUCCESS
2739,353,45816,DEBIT,SUCCESS
2740,477,60399,CREDIT,FAILED
2741,235,29231,DEBIT,SUCCESS
2742,191,59468,CREDIT,SUCCESS
2743,140,8114,CREDIT,SUCCESS
2744,164,6235,CREDIT,SUCCESS
2745,354,53290,CREDIT,SUCCESS
2746,283,2637,CREDIT,SUCCESS
2747,306,15201,DEBIT,FAILED
2748,283,66505,CREDIT,SUCCESS
2749,101,71072,CREDIT,SUCCESS
2750,284,26040,DEBIT,SUCCESS
2751,479,78994,DEBIT,SUCCESS
2752,483,50652,DEBIT,FAILED
2753,113,15269,DEBIT,SUCCESS
2754,465,79025,CREDIT,SUCCESS
2755,376,71701,DEBIT,SUCCESS
2756,104,3091,DEBIT,SUCCESS
2757,302,4207,DEBIT,SUCCESS
2758,357,13224,CREDIT,SUCCESS
2759,213,84635,CREDIT,SUCCESS
2760,201,34640,DEBIT,SUCCESS
2761,435,68604,CREDIT,FAILED
2762,392,61212,DEBIT,FAILED
2763,124,2374,CREDIT,SUCCESS
2764,440,36381,DEBIT,FAILED
2765,129,37258,DEBIT,SUCCESS
2766,244,74374,DEBIT,FAILED
2767,444,35456,DEBIT,SUCCESS
2768,154,31246,CREDIT,SUCCESS
2769,401,5988,CREDIT,SUCCESS
2770,183,66872,CREDIT,SUCCESS
2771,251,73615,CREDIT,SUCCESS
2772,131,2783,CREDIT,SUCCESS
2773,381,33591,CREDIT,SUCCESS
2774,140,59804,DEBIT,SUCCESS
2775,272,60656,CREDIT,SUCCESS
2776,343,50581,DEBIT,FAILED
2777,142,25836,DEBIT,SUCCESS
2778,465,42793,CREDIT,SUCCESS
2779,124,16236,CREDIT,FAILED
2780,222,64531,CREDIT,SUCCESS
2781,108,71202,CREDIT,SUCCESS
2782,283,98865,DEBIT,SUCCESS
2783,184,82510,DEBIT,SUCCESS
2784,454,27837,DEBIT,SUCCESS
2785,205,34872,CREDIT,SUCCESS
2786,436,73565,CREDIT,FAILED
2787,264,48354,DEBIT,SUCCESS
2788,433,19718,CREDIT,SUCCESS
2789,268,93153,CREDIT,SUCCESS
2790,354,85555,CREDIT,SUCCESS
2791,473,32135,CREDIT,SUCCESS
2792,116,57631,DEBIT,SUCCESS
2793,221,92714,CREDIT,SUCCESS
2794,419,21681,DEBIT,SUCCESS
2795,167,11298,DEBIT,SUCCESS
2796,412,82774,DEBIT,FAILED
2797,488,17554,CREDIT,SUCCESS
2798,110,96949,DEBIT,FAILED
2799,344,82461,DEBIT,FAILED
2800,210,23419,CREDIT,SUCCESS
2801,473,72719,DEBIT,SUCCESS
2802,348,45332,CREDIT,SUCCESS
2803,151,65978,DEBIT,SUCCESS
2804,428,8094,DEBIT,FAILED
2805,280,78826,CREDIT,SUCCESS
2806,138,93153,DEBIT,SUCCESS
2807,269,79014,DEBIT,SUCCESS
2808,128,60884,DEBIT,SUCCESS
2809,485,79588,CREDIT,SUCCESS
2810,146,96920,DEBIT,SUCCESS
2811,450,58318,CREDIT,SUCCESS
2812,238,75066,DEBIT,SUCCESS
2813,256,7828,CREDIT,SUCCESS
2814,336,40456,CREDIT,SUCCESS
2815,277,70075,CREDIT,SUCCESS
2816,186,37237,CREDIT,SUCCESS
2817,410,80955,DEBIT,SUCCESS
2818,133,3742,DEBIT,SUCCESS
2819,106,6947,CREDIT,SUCCESS
2820,311,88846,CREDIT,SUCCESS
2821,326,19209,DEBIT,SUCCESS
2822,219,25975,CREDIT,SUCCESS
2823,260,16291,CREDIT,SUCCESS
2824,469,47532,DEBIT,FAILED
2825,169,58338,DEBIT,SUCCESS
2826,422,24577,CREDIT,SUCCESS
2827,332,75888,DEBIT,SUCCESS
2828,397,77915,DEBIT,FAILED
2829,396,3643,DEBIT,SUCCESS
2830,487,18072,CREDIT,SUCCESS
2831,307,57686,CREDIT,SUCCESS
2832,264,73862,CREDIT,SUCCESS
2833,485,90216,DEBIT,FAILED
2834,145,99274,CREDIT,FAILED
2835,481,61363,DEBIT,SUCCESS
2836,151,34609,CREDIT,SUCCESS
2837,462,91753,DEBIT,SUCCESS
2838,362,86569,CREDIT,SUCCESS
2839,363,94249,CREDIT,SUCCESS
2840,329,19703,CREDIT,SUCCESS
2841,482,5189,DEBIT,FAILED
2842,123,51775,CREDIT,SUCCESS
2843,146,47832,DEBIT,SUCCESS
2844,254,34078,DEBIT,FAILED
2845,197,74789,DEBIT,SUCCESS
2846,252,66796,DEBIT,SUCCESS
2847,369,61016,DEBIT,FAILED
2848,376,60004,DEBIT,FAILED
2849,244,66844,DEBIT,SUCCESS
2850,454,37466,CREDIT,SUCCESS
2851,250,92526,DEBIT,SUCCESS
2852,291,46065,DEBIT,SUCCESS
2853,300,73808,DEBIT,SUCCESS
2854,387,15368,CREDIT,SUCCESS
2855,437,97569,CREDIT,SUCCESS
2856,280,84134,DEBIT,FAILED
2857,120,46177,CREDIT,SUCCESS
2858,261,98729,DEBIT,SUCCESS
2859,178,53844,DEBIT,SUCCESS
2860,453,94520,DEBIT,SUCCESS
2861,258,86752,DEBIT,SUCCESS
2862,373,16430,DEBIT,FAILED
2863,131,57354,CREDIT,SUCCESS
2864,441,38320,CREDIT,SUCCESS
2865,336,25802,DEBIT,SUCCESS
2866,443,36424,DEBIT,SUCCESS
2867,142,88234,DEBIT,FAILED
2868,136,93522,DEBIT,SUCCESS
2869,366,7922,DEBIT,SUCCESS
2870,342,61714,CREDIT,SUCCESS
2871,116,11615,DEBIT,SUCCESS
2872,123,33268,CREDIT,SUCCESS
2873,107,38864,DEBIT,FAILED
2874,238,22592,CREDIT,SUCCESS
2875,149,70513,DEBIT,SUCCESS
2876,111,15615,DEBIT,SUCCESS
2877,152,62909,DEBIT,FAILED
2878,302,31106,CREDIT,FAILED
2879,444,8066,CREDIT,SUCCESS
2880,326,52580,DEBIT,SUCCESS
2881,318,76473,CREDIT,SUCCESS
2882,276,85882,DEBIT,SUCCESS
2883,471,47163,CREDIT,FAILED
2884,500,33349,CREDIT,SUCCESS
2885,323,29000,DEBIT,SUCCESS
2886,181,24843,CREDIT,FAILED
2887,150,88514,CREDIT,SUCCESS
2888,333,91618,DEBIT,SUCCESS
2889,432,86146,DEBIT,FAILED
2890,370,6016,CREDIT,SUCCESS
2891,472,61843,DEBIT,SUCCESS
2892,269,61256,DEBIT,SUCCESS
2893,320,75485,CREDIT,SUCCESS
2894,240,77982,DEBIT,SUCCESS
2895,257,28507,CREDIT,FAILED
2896,242,98614,CREDIT,SUCCESS
2897,389,30117,DEBIT,SUCCESS
2898,193,20008,DEBIT,SUCCESS
2899,476,66832,DEBIT,FAILED
2900,199,58111,CREDIT,SUCCESS
2901,168,38120,DEBIT,SUCCESS
2902,238,32755,DEBIT,SUCCESS
2903,481,2696,DEBIT,FAILED
2904,234,90206,DEBIT,SUCCESS
2905,423,91410,CREDIT,SUCCESS
2906,163,73083,CREDIT,SUCCESS
2907,472,50395,DEBIT,SUCCESS
2908,324,84819,DEBIT,FAILED
2909,286,54077,CREDIT,SUCCESS
2910,286,97936,CREDIT,FAILED
2911,348,50931,CREDIT,SUCCESS
2912,297,85004,CREDIT,SUCCESS
2913,298,55571,CREDIT,SUCCESS
2914,278,79022,CREDIT,SUCCESS
2915,346,79758,DEBIT,SUCCESS
2916,467,83999,DEBIT,SUCCESS
2917,163,88125,CREDIT,FAILED
2918,113,56008,CREDIT,SUCCESS
2919,416,2941,CREDIT,SUCCESS
2920,423,54144,DEBIT,SUCCESS
2921,163,70340,CREDIT,SUCCESS
2922,223,31727,CREDIT,SUCCESS
2923,307,46275,DEBIT,SUCCESS
2924,360,16660,DEBIT,SUCCESS
2925,335,68656,DEBIT,SUCCESS
2926,109,3634,CREDIT,SUCCESS
2927,299,83390,CREDIT,FAILED
2928,433,42635,CREDIT,SUCCESS
2929,431,25702,DEBIT,SUCCESS
2930,373,35230,CREDIT,SUCCESS
2931,223,33914,DEBIT,SUCCESS
2932,130,40557,DEBIT,SUCCESS
2933,327,40601,CREDIT,SUCCESS
2934,198,55992,DEBIT,SUCCESS
2935,456,54537,DEBIT,SUCCESS
2936,335,41666,CREDIT,FAILED
2937,445,33221,CREDIT,SUCCESS
2938,406,34409,DEBIT,FAILED
2939,318,57033,DEBIT,SUCCESS
2940,334,32615,CREDIT,FAILED
2941,424,90791,DEBIT,FAILED
2942,199,26343,DEBIT,SUCCESS
2943,311,77735,DEBIT,SUCCESS
2944,436,41429,DEBIT,SUCCESS
2945,389,3001,DEBIT,SUCCESS
2946,282,19857,CREDIT,FAILED
2947,436,56823,CREDIT,SUCCESS
2948,176,27982,CREDIT,FAILED
2949,369,84617,CREDIT,SUCCESS
2950,471,61335,CREDIT,SUCCESS
2951,315,54815,DEBIT,SUCCESS
2952,394,90499,CREDIT,SUCCESS
2953,495,9721,DEBIT,SUCCESS
2954,213,98551,CREDIT,SUCCESS
2955,239,97372,DEBIT,SUCCESS
2956,377,96913,DEBIT,SUCCESS
2957,456,8759,DEBIT,SUCCESS
2958,359,28138,DEBIT,SUCCESS
2959,135,55060,DEBIT,SUCCESS
2960,110,60531,CREDIT,SUCCESS
2961,229,45262,DEBIT,FAILED
2962,187,61789,CREDIT,SUCCESS
2963,160,84051,DEBIT,SUCCESS
2964,363,32414,CREDIT,SUCCESS
2965,311,47553,DEBIT,SUCCESS
2966,254,94502,CREDIT,FAILED
2967,323,72163,CREDIT,FAILED
2968,379,6129,DEBIT,FAILED
2969,428,97014,CREDIT,SUCCESS
2970,448,13453,CREDIT,SUCCESS
2971,427,66137,DEBIT,SUCCESS
2972,371,91488,DEBIT,SUCCESS
2973,352,41206,DEBIT,SUCCESS
2974,429,67479,DEBIT,FAILED
2975,316,88141,DEBIT,SUCCESS
2976,310,36585,CREDIT,FAILED
2977,446,10625,CREDIT,SUCCESS
2978,479,52174,CREDIT,SUCCESS
2979,467,57060,DEBIT,SUCCESS
2980,291,95648,CREDIT,FAILED
2981,211,91835,CREDIT,FAILED
2982,136,21756,CREDIT,SUCCESS
2983,244,55995,CREDIT,SUCCESS
2984,481,10726,CREDIT,FAILED
2985,481,92573,CREDIT,SUCCESS
2986,306,13178,CREDIT,SUCCESS
2987,379,60504,DEBIT,SUCCESS
2988,363,2609,CREDIT,SUCCESS
2989,101,22206,CREDIT,SUCCESS
2990,149,18992,CREDIT,FAILED
2991,133,1842,CREDIT,SUCCESS
2992,282,58330,CREDIT,SUCCESS
2993,358,42284,DEBIT,SUCCESS
2994,419,32521,DEBIT,SUCCESS
2995,444,93348,DEBIT,SUCCESS
2996,354,69792,DEBIT,SUCCESS
2997,211,7805,CREDIT,SUCCESS
2998,340,95052,CREDIT,FAILED
2999,235,22175,DEBIT,SUCCESS
3000,283,83667,CREDIT,SUCCESS
3001,377,93857,CREDIT,SUCCESS
3002,422,36945,CREDIT,SUCCESS
3003,399,91742,CREDIT,FAILED
3004,229,87251,DEBIT,SUCCESS
3005,456,64854,DEBIT,SUCCESS
3006,308,51519,CREDIT,SUCCESS
3007,127,77696,DEBIT,SUCCESS
3008,151,99319,DEBIT,SUCCESS
3009,365,43751,DEBIT,SUCCESS
3010,130,78927,DEBIT,SUCCESS
3011,327,81023,CREDIT,FAILED
3012,368,88925,DEBIT,SUCCESS
3013,414,12198,CREDIT,SUCCESS
3014,339,46304,CREDIT,SUCCESS
3015,453,95978,DEBIT,SUCCESS
3016,189,71592,DEBIT,FAILED
3017,205,66046,CREDIT,SUCCESS
3018,325,85898,DEBIT,SUCCESS
3019,441,24225,CREDIT,SUCCESS
3020,359,78712,CREDIT,FAILED
3021,314,19315,CREDIT,SUCCESS
3022,127,56427,DEBIT,FAILED
3023,263,8325,DEBIT,SUCCESS
3024,198,82368,CREDIT,FAILED
3025,425,94458,CREDIT,SUCCESS
3026,279,41372,CREDIT,FAILED
3027,165,94318,DEBIT,SUCCESS
3028,214,89397,CREDIT,FAILED
3029,294,72022,DEBIT,SUCCESS
3030,153,76668,DEBIT,SUCCESS
3031,251,49050,CREDIT,SUCCESS
3032,239,33056,DEBIT,SUCCESS
3033,174,93975,DEBIT,SUCCESS
3034,295,75844,DEBIT,SUCCESS
3035,326,87747,DEBIT,FAILED
3036,218,18137,DEBIT,SUCCESS
3037,398,11291,DEBIT,SUCCESS
3038,386,39448,CREDIT,SUCCESS
3039,497,21277,DEBIT,SUCCESS
3040,371,12525,CREDIT,FAILED
3041,373,96884,DEBIT,FAILED
3042,131,97168,DEBIT,SUCCESS
3043,321,4462,DEBIT,FAILED
3044,136,28948,DEBIT,FAILED
3045,129,95005,CREDIT,SUCCESS
3046,500,80938,DEBIT,SUCCESS
3047,487,84261,DEBIT,SUCCESS
3048,288,52836,CREDIT,SUCCESS
3049,405,75856,CREDIT,SUCCESS
3050,361,20477,DEBIT,SUCCESS
3051,149,32484,CREDIT,SUCCESS
3052,180,39277,CREDIT,FAILED
3053,500,10438,DEBIT,SUCCESS
3054,401,81454,CREDIT,SUCCESS
3055,165,87767,CREDIT,FAILED
3056,177,57087,DEBIT,SUCCESS
3057,282,39764,CREDIT,SUCCESS
3058,394,37915,DEBIT,FAILED
3059,222,74101,CREDIT,SUCCESS
3060,457,89029,CREDIT,SUCCESS
3061,224,14072,DEBIT,SUCCESS
3062,488,1440,CREDIT,FAILED
3063,359,43967,DEBIT,SUCCESS
3064,163,6041,DEBIT,FAILED
3065,280,95110,CREDIT,SUCCESS
3066,326,56721,CREDIT,FAILED
3067,295,74400,DEBIT,SUCCESS
3068,281,56522,DEBIT,SUCCESS
3069,193,88029,CREDIT,SUCCESS
3070,186,99440,DEBIT,FAILED
3071,388,25791,CREDIT,SUCCESS
3072,348,9756,CREDIT,SUCCESS
3073,350,72397,DEBIT,SUCCESS
3074,450,51951,CREDIT,SUCCESS
3075,350,3216,DEBIT,FAILED
3076,188,57794,CREDIT,SUCCESS
3077,278,47407,CREDIT,FAILED
3078,118,47682,DEBIT,SUCCESS
3079,370,23669,DEBIT,FAILED
3080,317,52214,DEBIT,SUCCESS
3081,484,33938,DEBIT,SUCCESS
3082,212,27054,CREDIT,SUCCESS
3083,193,48723,DEBIT,SUCCESS
3084,483,63378,CREDIT,SUCCESS
3085,230,69613,DEBIT,SUCCESS
3086,282,51237,CREDIT,SUCCESS
3087,355,45957,DEBIT,FAILED
3088,337,92579,CREDIT,SUCCESS
3089,416,64747,CREDIT,SUCCESS
3090,206,8908,DEBIT,SUCCESS
3091,274,19257,DEBIT,FAILED
3092,387,29267,CREDIT,FAILED
3093,472,45489,DEBIT,SUCCESS
3094,219,74023,CREDIT,FAILED
3095,400,37063,DEBIT,FAILED
3096,331,19486,DEBIT,SUCCESS
3097,490,46269,CREDIT,SUCCESS
3098,457,94801,CREDIT,FAILED
3099,274,32700,DEBIT,SUCCESS
3100,380,57758,DEBIT,SUCCESS
3101,265,10136,DEBIT,FAILED
3102,135,95921,DEBIT,SUCCESS
3103,201,68382,CREDIT,SUCCESS
3104,253,68807,CREDIT,SUCCESS
3105,464,24319,CREDIT,FAILED
3106,366,54523,CREDIT,SUCCESS
3107,367,5612,DEBIT,SUCCESS
3108,182,64284,CREDIT,SUCCESS
3109,364,57361,CREDIT,SUCCESS
3110,357,40923,CREDIT,SUCCESS
3111,173,74869,DEBIT,SUCCESS
3112,111,81488,CREDIT,SUCCESS
3113,113,16636,CREDIT,SUCCESS
3114,141,70582,CREDIT,SUCCESS
3115,313,51369,DEBIT,SUCCESS
3116,294,64979,CREDIT,SUCCESS
3117,376,19287,DEBIT,SUCCESS
3118,363,66663,CREDIT,SUCCESS
3119,385,74043,CREDIT,SUCCESS
3120,103,60129,CREDIT,SUCCESS
3121,488,50276,DEBIT,SUCCESS
3122,428,35584,CREDIT,SUCCESS
3123,273,34985,DEBIT,SUCCESS
3124,459,62240,DEBIT,SUCCESS
3125,456,94580,CREDIT,FAILED
3126,153,37006,DEBIT,SUCCESS
3127,417,26434,CREDIT,SUCCESS
3128,210,63388,CREDIT,SUCCESS
3129,168,47878,DEBIT,FAILED
3130,165,88454,CREDIT,SUCCESS
3131,119,12341,DEBIT,SUCCESS
3132,490,60079,DEBIT,FAILED
3133,470,42862,CREDIT,SUCCESS
3134,229,81016,CREDIT,SUCCESS
3135,247,9338,CREDIT,SUCCESS
3136,201,51339,DEBIT,SUCCESS
3137,141,27424,CREDIT,SUCCESS
3138,174,47950,CREDIT,SUCCESS
3139,361,32448,CREDIT,SUCCESS
3140,196,1821,CREDIT,FAILED
3141,359,7869,CREDIT,SUCCESS
3142,407,98757,DEBIT,SUCCESS
3143,234,96437,DEBIT,FAILED
3144,323,35406,DEBIT,SUCCESS
3145,496,82913,DEBIT,SUCCESS
3146,250,91604,DEBIT,FAILED
3147,360,13188,DEBIT,SUCCESS
3148,128,98339,DEBIT,SUCCESS
3149,412,83998,CREDIT,SUCCESS
3150,390,21409,CREDIT,FAILED
3151,294,58778,CREDIT,FAILED
3152,175,17035,DEBIT,SUCCESS
3153,440,77406,CREDIT,SUCCESS
3154,105,3332,CREDIT,SUCCESS
3155,274,18397,CREDIT,SUCCESS
3156,478,75560,DEBIT,SUCCESS
3157,481,91985,CREDIT,SUCCESS
3158,209,77947,DEBIT,FAILED
3159,214,35499,DEBIT,SUCCESS
3160,376,82205,CREDIT,SUCCESS
3161,345,64392,DEBIT,SUCCESS
3162,233,83805,CREDIT,SUCCESS
3163,459,62996,CREDIT,SUCCESS
3164,242,9626,CREDIT,SUCCESS
3165,208,25835,CREDIT,SUCCESS
3166,421,4137,CREDIT,SUCCESS
3167,332,75902,CREDIT,FAILED
3168,322,89363,DEBIT,FAILED
3169,408,94313,DEBIT,SUCCESS
3170,187,94195,DEBIT,FAILED
3171,286,56883,DEBIT,SUCCESS
3172,200,19939,DEBIT,SUCCESS
3173,185,29921,DEBIT,SUCCESS
3174,405,31402,CREDIT,FAILED
3175,424,16915,DEBIT,SUCCESS
3176,462,30830,CREDIT,SUCCESS
3177,361,21750,CREDIT,SUCCESS
3178,136,74329,DEBIT,FAILED
3179,500,68866,CREDIT,SUCCESS
3180,223,24034,DEBIT,SUCCESS
3181,351,29290,DEBIT,SUCCESS
3182,439,56842,DEBIT,SUCCESS
3183,359,59750,CREDIT,FAILED
3184,246,81305,DEBIT,SUCCESS
3185,150,51011,CREDIT,FAILED
3186,401,69622,DEBIT,SUCCESS
3187,269,97151,CREDIT,SUCCESS
3188,172,94027,DEBIT,SUCCESS
3189,421,38929,CREDIT,FAILED
3190,323,2036,DEBIT,SUCCESS
3191,275,43743,CREDIT,SUCCESS
3192,309,96541,CREDIT,SUCCESS
3193,469,92257,CREDIT,FAILED
3194,387,51016,DEBIT,SUCCESS
3195,331,88818,DEBIT,SUCCESS
3196,398,57904,CREDIT,SUCCESS
3197,232,76720,CREDIT,SUCCESS
3198,300,87727,CREDIT,SUCCESS
3199,182,81698,CREDIT,SUCCESS
3200,230,22895,DEBIT,FAILED
3201,351,12100,CREDIT,SUCCESS
3202,232,2363,CREDIT,SUCCESS
3203,423,69365,CREDIT,FAILED
3204,125,51111,DEBIT,FAILED
3205,293,87015,CREDIT,SUCCESS
3206,457,23967,CREDIT,SUCCESS
3207,241,18207,DEBIT,SUCCESS
3208,124,81117,CREDIT,SUCCESS
3209,389,59281,DEBIT,FAILED
3210,151,79550,DEBIT,FAILED
3211,405,73744,CREDIT,SUCCESS
3212,260,10584,CREDIT,SUCCESS
3213,211,63532,CREDIT,FAILED
3214,304,15376,CREDIT,SUCCESS
3215,439,33201,DEBIT,SUCCESS
3216,379,23089,DEBIT,SUCCESS
3217,445,47751,DEBIT,SUCCESS
3218,216,77926,DEBIT,FAILED
3219,401,35340,CREDIT,SUCCESS
3220,473,97312,CREDIT,SUCCESS
3221,269,51675,CREDIT,SUCCESS
3222,426,57441,CREDIT,SUCCESS
3223,144,92766,DEBIT,SUCCESS
3224,192,63351,DEBIT,FAILED
3225,464,8155,CREDIT,SUCCESS
3226,384,70662,CREDIT,SUCCESS
3227,243,22319,CREDIT,SUCCESS
3228,175,72128,CREDIT,FAILED
3229,398,97566,CREDIT,SUCCESS
3230,285,15099,CREDIT,FAILED
3231,337,99113,DEBIT,SUCCESS
3232,297,19936,DEBIT,SUCCESS
3233,106,89730,DEBIT,SUCCESS
3234,284,11686,DEBIT,SUCCESS
3235,461,32459,DEBIT,SUCCESS
3236,297,32794,DEBIT,FAILED
3237,230,77618,CREDIT,SUCCESS
3238,323,61439,DEBIT,FAILED
3239,291,2129,CREDIT,SUCCESS
3240,472,66919,DEBIT,SUCCESS
3241,396,30324,DEBIT,SUCCESS
3242,444,33219,DEBIT,SUCCESS
3243,308,34728,DEBIT,SUCCESS
3244,206,61597,CREDIT,SUCCESS
3245,430,46744,CREDIT,SUCCESS
3246,312,66609,DEBIT,FAILED
3247,229,35906,CREDIT,SUCCESS
3248,442,19061,DEBIT,SUCCESS
3249,133,2266,CREDIT,SUCCESS
3250,262,54531,DEBIT,FAILED
3251,488,50834,CREDIT,SUCCESS
3252,351,63562,DEBIT,SUCCESS
3253,166,35243,DEBIT,FAILED
3254,365,60761,DEBIT,FAILED
3255,275,73709,CREDIT,SUCCESS
3256,302,76097,DEBIT,FAILED
3257,116,5900,DEBIT,SUCCESS
3258,430,8816,DEBIT,FAILED
3259,346,69667,DEBIT,SUCCESS
3260,362,31020,DEBIT,SUCCESS
3261,467,62194,DEBIT,SUCCESS
3262,195,88574,DEBIT,FAILED
3263,236,2121,CREDIT,SUCCESS
3264,367,79214,DEBIT,FAILED
3265,496,81907,CREDIT,SUCCESS
3266,164,15773,DEBIT,SUCCESS
3267,443,35479,CREDIT,SUCCESS
3268,154,30075,CREDIT,SUCCESS
3269,338,28547,CREDIT,SUCCESS
3270,421,72841,DEBIT,SUCCESS
3271,371,15911,DEBIT,FAILED
3272,408,49910,DEBIT,FAILED
3273,160,68961,DEBIT,SUCCESS
3274,497,48488,CREDIT,FAILED
3275,390,99737,DEBIT,SUCCESS
3276,341,31257,DEBIT,SUCCESS
3277,338,53691,CREDIT,SUCCESS
3278,410,48787,DEBIT,FAILED
3279,235,51290,CREDIT,SUCCESS
3280,412,96858,DEBIT,SUCCESS
3281,299,77364,DEBIT,SUCCESS
3282,261,40816,CREDIT,SUCCESS
3283,178,45426,DEBIT,SUCCESS
3284,411,21068,DEBIT,SUCCESS
3285,159,32905,CREDIT,SUCCESS
3286,193,5441,DEBIT,SUCCESS
3287,449,57256,DEBIT,SUCCESS
3288,474,85360,CREDIT,SUCCESS
3289,226,66558,DEBIT,SUCCESS
3290,144,93742,CREDIT,SUCCESS
3291,437,67616,DEBIT,FAILED
3292,357,90139,DEBIT,SUCCESS
3293,193,64342,CREDIT,FAILED
3294,129,86273,CREDIT,FAILED
3295,238,34308,CREDIT,SUCCESS
3296,275,41318,CREDIT,SUCCESS
3297,414,94308,DEBIT,SUCCESS
3298,236,24311,CREDIT,FAILED
3299,414,8816,DEBIT,SUCCESS
3300,459,26466,DEBIT,FAILED
3301,347,67392,DEBIT,SUCCESS
3302,436,93368,CREDIT,FAILED
3303,243,46151,CREDIT,SUCCESS
3304,277,20334,CREDIT,FAILED
3305,358,36099,DEBIT,SUCCESS
3306,179,63827,CREDIT,SUCCESS
3307,462,42263,CREDIT,SUCCESS
3308,171,31333,CREDIT,SUCCESS
3309,258,30158,CREDIT,SUCCESS
3310,337,19552,DEBIT,SUCCESS
3311,182,13060,CREDIT,SUCCESS
3312,345,45108,CREDIT,FAILED
3313,171,31168,CREDIT,FAILED
3314,399,78831,DEBIT,SUCCESS
3315,217,76765,CREDIT,SUCCESS
3316,128,36814,DEBIT,FAILED
3317,220,26418,DEBIT,SUCCESS
3318,393,6889,DEBIT,SUCCESS
3319,406,87421,DEBIT,SUCCESS
3320,383,26222,DEBIT,FAILED
3321,329,24840,DEBIT,SUCCESS
3322,331,54247,DEBIT,SUCCESS
3323,426,70791,CREDIT,FAILED
3324,398,17511,DEBIT,SUCCESS
3325,112,96221,CREDIT,SUCCESS
3326,135,50675,DEBIT,SUCCESS
3327,115,40695,CREDIT,SUCCESS
3328,472,67146,CREDIT,SUCCESS
3329,226,6982,DEBIT,SUCCESS
3330,353,87652,CREDIT,SUCCESS
3331,313,15280,CREDIT,SUCCESS
3332,182,97097,DEBIT,FAILED
3333,231,67174,CREDIT,FAILED
3334,305,74690,DEBIT,FAILED
3335,395,98561,CREDIT,SUCCESS
3336,257,87507,DEBIT,SUCCESS
3337,459,47604,CREDIT,SUCCESS
3338,373,7152,CREDIT,SUCCESS
3339,445,82969,DEBIT,FAILED
3340,223,96719,DEBIT,SUCCESS
3341,205,99463,CREDIT,SUCCESS
3342,165,15511,DEBIT,SUCCESS
3343,156,88460,CREDIT,SUCCESS
3344,345,5565,DEBIT,SUCCESS
3345,237,21939,DEBIT,SUCCESS
3346,471,26758,DEBIT,FAILED
3347,380,81696,DEBIT,FAILED
3348,348,20990,CREDIT,SUCCESS
3349,315,47481,DEBIT,SUCCESS
3350,282,68815,DEBIT,SUCCESS
3351,475,14364,CREDIT,SUCCESS
3352,196,50629,CREDIT,FAILED
3353,104,56828,CREDIT,FAILED
3354,418,70588,CREDIT,SUCCESS
3355,214,98766,DEBIT,SUCCESS
3356,449,82845,CREDIT,SUCCESS
3357,120,3133,CREDIT,SUCCESS
3358,324,9314,CREDIT,SUCCESS
3359,232,71522,CREDIT,FAILED
3360,465,51751,CREDIT,SUCCESS
3361,400,4720,CREDIT,SUCCESS
3362,387,53722,CREDIT,SUCCESS
3363,372,33738,DEBIT,SUCCESS
3364,375,67491,DEBIT,SUCCESS
3365,346,54343,CREDIT,SUCCESS
3366,187,45021,DEBIT,SUCCESS
3367,430,12200,CREDIT,FAILED
3368,227,79647,DEBIT,SUCCESS
3369,261,3616,DEBIT,FAILED
3370,121,9051,DEBIT,SUCCESS
3371,423,14117,CREDIT,SUCCESS
3372,305,91868,DEBIT,SUCCESS
3373,365,28295,CREDIT,SUCCESS
3374,208,3987,DEBIT,SUCCESS
3375,252,14337,DEBIT,SUCCESS
3376,287,86732,DEBIT,FAILED
3377,257,96119,DEBIT,SUCCESS
3378,312,77514,CREDIT,SUCCESS
3379,377,25241,CREDIT,SUCCESS
3380,135,27831,DEBIT,FAILED
3381,288,88744,DEBIT,SUCCESS
3382,160,3568,DEBIT,FAILED
3383,284,33505,DEBIT,SUCCESS
3384,193,72159,DEBIT,SUCCESS
3385,409,19857,DEBIT,SUCCESS
3386,171,16975,CREDIT,SUCCESS
3387,332,23799,DEBIT,FAILED
3388,482,16681,DEBIT,SUCCESS
3389,241,49203,CREDIT,SUCCESS
3390,118,40016,CREDIT,SUCCESS
3391,146,60023,CREDIT,SUCCESS
3392,484,29962,CREDIT,SUCCESS
3393,287,10232,CREDIT,FAILED
3394,333,61613,CREDIT,FAILED
3395,192,70860,DEBIT,FAILED
3396,452,25869,CREDIT,SUCCESS
3397,262,93979,DEBIT,SUCCESS
3398,402,38916,DEBIT,FAILED
3399,209,66243,CREDIT,SUCCESS
3400,286,80132,DEBIT,SUCCESS
3401,456,76956,DEBIT,SUCCESS
3402,152,78151,DEBIT,SUCCESS
3403,439,98100,DEBIT,SUCCESS
3404,150,42166,CREDIT,SUCCESS
3405,367,30146,CREDIT,FAILED
3406,182,25976,DEBIT,FAILED
3407,466,93582,CREDIT,SUCCESS
3408,196,97050,DEBIT,SUCCESS
3409,387,9607,DEBIT,FAILED
3410,129,94940,CREDIT,FAILED
3411,218,8318,DEBIT,FAILED
3412,493,31702,DEBIT,FAILED
3413,476,80676,CREDIT,FAILED
3414,199,12777,DEBIT,SUCCESS
3415,468,87309,CREDIT,SUCCESS
3416,462,60144,CREDIT,FAILED
3417,193,52913,CREDIT,SUCCESS
3418,362,83743,CREDIT,SUCCESS
3419,351,60069,DEBIT,FAILED
3420,335,28375,DEBIT,SUCCESS
3421,332,55985,CREDIT,FAILED
3422,479,23360,DEBIT,SUCCESS
3423,264,56443,CREDIT,FAILED
3424,429,68006,DEBIT,SUCCESS
3425,293,92120,DEBIT,SUCCESS
3426,240,30591,CREDIT,SUCCESS
3427,286,65163,CREDIT,SUCCESS
3428,299,75047,CREDIT,FAILED
3429,267,42754,CREDIT,SUCCESS
3430,148,61221,CREDIT,FAILED
3431,473,29158,DEBIT,SUCCESS
3432,194,80076,DEBIT,SUCCESS
3433,449,43862,CREDIT,SUCCESS
3434,241,13626,DEBIT,SUCCESS
3435,408,87813,DEBIT,SUCCESS
3436,384,16925,DEBIT,SUCCESS
3437,445,58895,CREDIT,SUCCESS
3438,146,32890,DEBIT,SUCCESS
3439,127,74974,CREDIT,SUCCESS
3440,383,96032,DEBIT,FAILED
3441,410,2030,CREDIT,SUCCESS
3442,300,27461,CREDIT,SUCCESS
3443,275,35912,CREDIT,FAILED
3444,327,19814,CREDIT,SUCCESS
3445,238,23836,CREDIT,FAILED
3446,475,79736,DEBIT,SUCCESS
3447,427,55735,CREDIT,SUCCESS
3448,452,62700,DEBIT,FAILED
3449,192,98770,CREDIT,SUCCESS
3450,413,19564,CREDIT,SUCCESS
3451,439,53614,DEBIT,FAILED
3452,332,41803,DEBIT,SUCCESS
3453,415,56430,DEBIT,SUCCESS
3454,144,77490,DEBIT,SUCCESS
3455,466,80850,CREDIT,SUCCESS
3456,465,27788,DEBIT,SUCCESS
3457,448,92509,DEBIT,SUCCESS
3458,337,28215,DEBIT,SUCCESS
3459,338,17561,CREDIT,SUCCESS
3460,248,40111,CREDIT,SUCCESS
3461,169,12771,DEBIT,SUCCESS
3462,499,50428,DEBIT,FAILED
3463,498,93891,CREDIT,FAILED
3464,496,69787,DEBIT,FAILED
3465,490,70647,DEBIT,FAILED
3466,392,56716,CREDIT,SUCCESS
3467,182,37556,DEBIT,SUCCESS
3468,195,76875,CREDIT,SUCCESS
3469,295,91324,CREDIT,SUCCESS
3470,280,78333,DEBIT,SUCCESS
3471,439,12727,CREDIT,SUCCESS
3472,215,17479,CREDIT,SUCCESS
3473,371,50833,CREDIT,SUCCESS
3474,355,60078,CREDIT,SUCCESS
3475,426,87571,CREDIT,FAILED
3476,162,6029,CREDIT,SUCCESS
3477,320,7832,CREDIT,SUCCESS
3478,357,20472,CREDIT,SUCCESS
3479,321,97724,DEBIT,SUCCESS
3480,265,14256,CREDIT,FAILED
3481,489,9635,DEBIT,SUCCESS
3482,395,21923,CREDIT,FAILED
3483,275,5781,CREDIT,SUCCESS
3484,332,31347,CREDIT,SUCCESS
3485,455,32603,CREDIT,FAILED
3486,487,26239,CREDIT,SUCCESS
3487,414,81538,DEBIT,FAILED
3488,419,32447,DEBIT,SUCCESS
3489,440,5811,DEBIT,SUCCESS
3490,120,12099,DEBIT,SUCCESS
3491,272,71723,DEBIT,SUCCESS
3492,209,59103,DEBIT,SUCCESS
3493,343,80732,DEBIT,SUCCESS
3494,164,81655,CREDIT,SUCCESS
3495,177,85084,DEBIT,FAILED
3496,224,21446,DEBIT,FAILED
3497,286,82036,CREDIT,SUCCESS
3498,315,97607,CREDIT,FAILED
3499,434,87070,CREDIT,SUCCESS
3500,258,31515,CREDIT,SUCCESS
3501,493,69966,DEBIT,SUCCESS
3502,253,36234,DEBIT,SUCCESS
3503,317,93258,DEBIT,SUCCESS
3504,415,97531,CREDIT,FAILED
3505,464,88304,CREDIT,SUCCESS
3506,358,89096,DEBIT,FAILED
3507,393,83355,CREDIT,SUCCESS
3508,225,83637,CREDIT,SUCCESS
3509,392,79577,DEBIT,SUCCESS
3510,230,82613,DEBIT,SUCCESS
3511,498,38296,DEBIT,FAILED
3512,355,16806,DEBIT,SUCCESS
3513,306,33271,CREDIT,SUCCESS
3514,169,85397,CREDIT,SUCCESS
3515,356,91626,CREDIT,SUCCESS
3516,303,60663,CREDIT,SUCCESS
3517,237,16431,CREDIT,SUCCESS
3518,439,53413,DEBIT,SUCCESS
3519,404,96460,DEBIT,SUCCESS
3520,311,38970,CREDIT,FAILED
3521,126,74664,CREDIT,SUCCESS
3522,492,79436,CREDIT,SUCCESS
3523,327,65824,DEBIT,FAILED
3524,332,13132,DEBIT,SUCCESS
3525,319,74573,DEBIT,SUCCESS
3526,277,36195,DEBIT,SUCCESS
3527,149,99974,DEBIT,SUCCESS
3528,303,51854,DEBIT,SUCCESS
3529,445,57806,DEBIT,SUCCESS
3530,174,6943,DEBIT,SUCCESS
3531,327,29465,CREDIT,SUCCESS
3532,325,30035,DEBIT,SUCCESS
3533,229,43530,CREDIT,SUCCESS
3534,283,39383,CREDIT,SUCCESS
3535,248,10871,CREDIT,SUCCESS
3536,247,11349,CREDIT,SUCCESS
3537,236,86640,DEBIT,SUCCESS
3538,310,39479,CREDIT,SUCCESS
3539,204,50880,CREDIT,SUCCESS
3540,134,48542,DEBIT,SUCCESS
3541,311,51768,CREDIT,FAILED
3542,208,15439,CREDIT,SUCCESS
3543,489,17126,CREDIT,SUCCESS
3544,433,56188,DEBIT,SUCCESS
3545,495,21821,CREDIT,SUCCESS
3546,362,89789,DEBIT,SUCCESS
3547,134,43374,DEBIT,FAILED
3548,367,67524,CREDIT,FAILED
3549,267,32918,CREDIT,FAILED
3550,247,49334,DEBIT,SUCCESS
3551,326,33976,CREDIT,FAILED
3552,104,28207,DEBIT,SUCCESS
3553,149,46854,DEBIT,SUCCESS
3554,117,17005,CREDIT,FAILED
3555,232,34390,CREDIT,SUCCESS
3556,356,58217,DEBIT,SUCCESS
3557,103,30121,CREDIT,FAILED
3558,269,41111,CREDIT,FAILED
3559,167,80033,CREDIT,SUCCESS
3560,223,38276,DEBIT,FAILED
3561,449,89037,DEBIT,SUCCESS
3562,383,19458,CREDIT,SUCCESS
3563,162,11835,CREDIT,SUCCESS
3564,355,8005,DEBIT,SUCCESS
3565,491,89035,DEBIT,SUCCESS
3566,123,26270,CREDIT,SUCCESS
3567,225,64206,CREDIT,FAILED
3568,180,83393,CREDIT,SUCCESS
3569,478,70655,CREDIT,SUCCESS
3570,430,52308,DEBIT,SUCCESS
3571,482,27019,DEBIT,SUCCESS
3572,383,68336,DEBIT,SUCCESS
3573,469,7342,DEBIT,SUCCESS
3574,401,33845,CREDIT,SUCCESS
3575,494,5315,CREDIT,SUCCESS
3576,348,14161,DEBIT,SUCCESS
3577,470,8446,DEBIT,SUCCESS
3578,460,26768,CREDIT,SUCCESS
3579,139,81966,DEBIT,SUCCESS
3580,368,2307,CREDIT,SUCCESS
3581,438,26871,CREDIT,FAILED
3582,281,16050,CREDIT,FAILED
3583,321,54426,DEBIT,SUCCESS
3584,131,27157,CREDIT,FAILED
3585,386,83942,DEBIT,SUCCESS
3586,401,56751,CREDIT,SUCCESS
3587,338,74326,CREDIT,SUCCESS
3588,457,29181,DEBIT,SUCCESS
3589,416,25354,DEBIT,SUCCESS
3590,398,48228,CREDIT,SUCCESS
3591,339,5804,CREDIT,FAILED
3592,362,79653,DEBIT,SUCCESS
3593,455,86239,CREDIT,FAILED
3594,111,29731,CREDIT,SUCCESS
3595,160,79430,CREDIT,SUCCESS
3596,247,58870,CREDIT,SUCCESS
3597,201,33742,DEBIT,SUCCESS
3598,451,82474,CREDIT,SUCCESS
3599,136,37045,DEBIT,SUCCESS
3600,397,40871,CREDIT,SUCCESS
3601,326,80265,DEBIT,SUCCESS
3602,347,29946,DEBIT,SUCCESS
3603,480,73466,DEBIT,FAILED
3604,200,64238,DEBIT,FAILED
3605,412,45192,CREDIT,SUCCESS
3606,394,16847,DEBIT,SUCCESS
3607,183,44759,CREDIT,SUCCESS
3608,334,44594,CREDIT,FAILED
3609,324,6667,CREDIT,SUCCESS
3610,426,96594,DEBIT,SUCCESS
3611,328,50789,DEBIT,SUCCESS
3612,134,92827,DEBIT,SUCCESS
3613,236,58225,CREDIT,SUCCESS
3614,440,15364,DEBIT,SUCCESS
3615,448,88762,DEBIT,SUCCESS
3616,414,82296,DEBIT,SUCCESS
3617,429,22825,DEBIT,SUCCESS
3618,460,96935,CREDIT,FAILED
3619,426,15869,CREDIT,SUCCESS
3620,205,85066,DEBIT,FAILED
3621,163,23054,CREDIT,SUCCESS
3622,460,69025,DEBIT,SUCCESS
3623,135,90429,DEBIT,SUCCESS
3624,316,46211,DEBIT,FAILED
3625,420,21794,DEBIT,FAILED
3626,218,54819,CREDIT,FAILED
3627,128,76455,CREDIT,FAILED
3628,188,59846,DEBIT,SUCCESS
3629,271,90147,CREDIT,SUCCESS
3630,185,56169,DEBIT,SUCCESS
3631,248,99666,CREDIT,SUCCESS
3632,180,84451,DEBIT,FAILED
3633,168,81521,DEBIT,SUCCESS
3634,168,8070,DEBIT,SUCCESS
3635,478,21249,CREDIT,FAILED
3636,346,90152,DEBIT,SUCCESS
3637,229,90425,CREDIT,SUCCESS
3638,130,77940,DEBIT,SUCCESS
3639,407,2695,CREDIT,FAILED
3640,187,65115,CREDIT,SUCCESS
3641,122,99630,DEBIT,FAILED
3642,111,19123,CREDIT,SUCCESS
3643,391,14523,DEBIT,FAILED
3644,348,27015,CREDIT,SUCCESS
3645,248,95145,DEBIT,SUCCESS
3646,419,49561,DEBIT,SUCCESS
3647,468,9329,DEBIT,SUCCESS
3648,452,42083,CREDIT,FAILED
3649,433,42769,CREDIT,SUCCESS
3650,246,31462,CREDIT,FAILED
3651,237,16577,CREDIT,SUCCESS
3652,122,78381,CREDIT,SUCCESS
3653,201,92166,DEBIT,SUCCESS
3654,299,73080,CREDIT,SUCCESS
3655,431,1742,CREDIT,SUCCESS
3656,367,69478,DEBIT,SUCCESS
3657,424,66583,DEBIT,FAILED
3658,329,73736,DEBIT,SUCCESS
3659,365,51162,CREDIT,SUCCESS
3660,122,27189,CREDIT,SUCCESS
3661,272,32553,DEBIT,FAILED
3662,385,3872,CREDIT,SUCCESS
3663,408,30035,DEBIT,FAILED
3664,150,86959,DEBIT,FAILED
3665,127,14018,CREDIT,FAILED
3666,223,68620,DEBIT,SUCCESS
3667,133,49251,DEBIT,SUCCESS
3668,109,19909,CREDIT,SUCCESS
3669,121,81505,CREDIT,SUCCESS
3670,286,23113,CREDIT,SUCCESS
3671,338,91254,DEBIT,SUCCESS
3672,292,48262,CREDIT,SUCCESS
3673,249,12094,CREDIT,SUCCESS
3674,283,83940,CREDIT,SUCCESS
3675,260,21704,DEBIT,SUCCESS
3676,108,49071,CREDIT,SUCCESS
3677,407,7360,CREDIT,SUCCESS
3678,141,73945,DEBIT,FAILED
3679,237,59347,DEBIT,FAILED
3680,225,17392,DEBIT,SUCCESS
3681,316,98394,CREDIT,SUCCESS
3682,130,13513,CREDIT,FAILED
3683,331,77999,CREDIT,SUCCESS
3684,232,21823,DEBIT,SUCCESS
3685,397,19501,CREDIT,SUCCESS
3686,173,93835,DEBIT,SUCCESS
3687,443,93943,CREDIT,SUCCESS
3688,120,49160,DEBIT,SUCCESS
3689,151,77620,DEBIT,SUCCESS
3690,480,94582,CREDIT,SUCCESS
3691,359,83079,DEBIT,SUCCESS
3692,300,77141,DEBIT,SUCCESS
3693,153,55398,DEBIT,SUCCESS
3694,103,36770,DEBIT,SUCCESS
3695,359,49728,CREDIT,SUCCESS
3696,249,44507,DEBIT,SUCCESS
3697,321,76524,CREDIT,SUCCESS
3698,169,55045,DEBIT,SUCCESS
3699,453,74705,CREDIT,SUCCESS
3700,309,71073,DEBIT,SUCCESS
3701,451,30080,CREDIT,SUCCESS
3702,219,85227,DEBIT,SUCCESS
3703,141,68380,DEBIT,SUCCESS
3704,437,96100,CREDIT,FAILED
3705,222,47804,DEBIT,SUCCESS
3706,399,60591,CREDIT,SUCCESS
3707,330,97481,DEBIT,SUCCESS
3708,380,76452,DEBIT,FAILED
3709,382,63067,DEBIT,FAILED
3710,277,20589,DEBIT,SUCCESS
3711,194,80849,CREDIT,SUCCESS
3712,161,53801,CREDIT,SUCCESS
3713,351,55259,DEBIT,SUCCESS
3714,317,3915,CREDIT,FAILED
3715,293,13963,CREDIT,SUCCESS
3716,449,84118,DEBIT,SUCCESS
3717,436,95898,DEBIT,SUCCESS
3718,240,9069,DEBIT,FAILED
3719,160,34899,CREDIT,FAILED
3720,197,14836,DEBIT,SUCCESS
3721,250,61019,DEBIT,FAILED
3722,133,76475,DEBIT,SUCCESS
3723,341,72539,DEBIT,SUCCESS
3724,288,35569,CREDIT,SUCCESS
3725,141,9696,DEBIT,SUCCESS
3726,247,65466,DEBIT,FAILED
3727,104,75483,CREDIT,SUCCESS
3728,102,7380,DEBIT,SUCCESS
3729,241,99885,CREDIT,SUCCESS
3730,466,98303,CREDIT,SUCCESS
3731,473,75823,CREDIT,SUCCESS
3732,210,94414,DEBIT,SUCCESS
3733,236,66417,DEBIT,FAILED
3734,236,67678,DEBIT,FAILED
3735,482,1757,CREDIT,SUCCESS
3736,334,33084,CREDIT,FAILED
3737,185,76192,DEBIT,SUCCESS
3738,349,61346,CREDIT,FAILED
3739,483,44601,DEBIT,FAILED
3740,273,68641,DEBIT,SUCCESS
3741,485,92958,CREDIT,SUCCESS
3742,236,65206,CREDIT,FAILED
3743,262,38202,DEBIT,SUCCESS
3744,322,16003,DEBIT,FAILED
3745,419,19595,CREDIT,FAILED
3746,344,4549,DEBIT,FAILED
3747,408,22134,DEBIT,FAILED
3748,224,69641,DEBIT,SUCCESS
3749,350,29271,DEBIT,SUCCESS
3750,238,77044,DEBIT,SUCCESS
3751,193,44126,CREDIT,SUCCESS
3752,302,3030,DEBIT,SUCCESS
3753,177,51189,DEBIT,SUCCESS
3754,216,11348,CREDIT,SUCCESS
3755,170,73605,CREDIT,SUCCESS
3756,133,9786,CREDIT,SUCCESS
3757,395,1802,CREDIT,FAILED
3758,180,96975,DEBIT,SUCCESS
3759,448,17187,CREDIT,SUCCESS
3760,457,54662,DEBIT,SUCCESS
3761,356,31801,DEBIT,FAILED
3762,185,70510,CREDIT,SUCCESS
3763,145,78704,CREDIT,SUCCESS
3764,443,8968,DEBIT,SUCCESS
3765,202,41792,CREDIT,SUCCESS
3766,162,20254,CREDIT,SUCCESS
3767,201,22095,CREDIT,FAILED
3768,306,8062,DEBIT,SUCCESS
3769,240,20504,DEBIT,SUCCESS
3770,381,28026,DEBIT,SUCCESS
3771,451,19519,CREDIT,SUCCESS
3772,209,38216,CREDIT,SUCCESS
3773,217,36537,CREDIT,FAILED
3774,421,32688,CREDIT,SUCCESS
3775,248,41630,DEBIT,SUCCESS
3776,125,44180,CREDIT,SUCCESS
3777,181,16859,CREDIT,SUCCESS
3778,445,25391,CREDIT,FAILED
3779,167,81620,CREDIT,SUCCESS
3780,230,17383,DEBIT,SUCCESS
3781,217,44017,DEBIT,SUCCESS
3782,144,16870,CREDIT,SUCCESS
3783,192,98580,CREDIT,SUCCESS
3784,383,33309,CREDIT,SUCCESS
3785,292,15687,CREDIT,SUCCESS
3786,419,35654,DEBIT,SUCCESS
3787,171,85784,CREDIT,SUCCESS
3788,160,63229,DEBIT,SUCCESS
3789,307,63248,DEBIT,SUCCESS
3790,149,43997,CREDIT,SUCCESS
3791,179,77950,CREDIT,SUCCESS
3792,208,67198,DEBIT,SUCCESS
3793,321,10983,CREDIT,FAILED
3794,332,41624,DEBIT,SUCCESS
3795,176,85695,DEBIT,SUCCESS
3796,274,52859,CREDIT,SUCCESS
3797,368,50013,CREDIT,SUCCESS
3798,155,58253,CREDIT,FAILED
3799,230,49966,DEBIT,SUCCESS
3800,336,44282,DEBIT,SUCCESS
3801,121,7466,DEBIT,SUCCESS
3802,342,47027,DEBIT,SUCCESS
3803,313,62680,DEBIT,SUCCESS
3804,329,15102,CREDIT,SUCCESS
3805,180,68484,CREDIT,SUCCESS
3806,189,15844,DEBIT,SUCCESS
3807,320,92821,DEBIT,SUCCESS
3808,227,7477,DEBIT,SUCCESS
3809,149,51517,CREDIT,SUCCESS
3810,111,65710,CREDIT,FAILED
3811,285,69619,CREDIT,SUCCESS
3812,131,37031,CREDIT,SUCCESS
3813,295,14595,DEBIT,SUCCESS
3814,276,26043,DEBIT,SUCCESS
3815,248,72011,DEBIT,SUCCESS
3816,419,76335,DEBIT,FAILED
3817,241,17406,CREDIT,SUCCESS
3818,425,78702,CREDIT,SUCCESS
3819,489,80119,CREDIT,SUCCESS
3820,178,2568,CREDIT,FAILED
3821,142,76572,CREDIT,SUCCESS
3822,476,12878,CREDIT,SUCCESS
3823,297,49671,DEBIT,SUCCESS
3824,264,58162,DEBIT,SUCCESS
3825,384,65737,DEBIT,FAILED
3826,306,50105,DEBIT,SUCCESS
3827,252,54962,CREDIT,SUCCESS
3828,349,58962,CREDIT,FAILED
3829,141,78414,DEBIT,SUCCESS
3830,389,91721,CREDIT,SUCCESS
3831,387,10956,CREDIT,SUCCESS
3832,227,3855,DEBIT,SUCCESS
3833,314,74532,CREDIT,SUCCESS
3834,272,58766,DEBIT,SUCCESS
3835,194,16244,CREDIT,SUCCESS
3836,140,44977,CREDIT,SUCCESS
3837,236,8973,DEBIT,SUCCESS
3838,267,40770,CREDIT,FAILED
3839,471,70799,CREDIT,SUCCESS
3840,112,20780,CREDIT,SUCCESS
3841,133,87709,DEBIT,FAILED
3842,151,29093,DEBIT,SUCCESS
3843,468,34353,CREDIT,SUCCESS
3844,411,64802,DEBIT,SUCCESS
3845,183,3170,CREDIT,SUCCESS
3846,342,22273,DEBIT,FAILED
3847,141,89746,DEBIT,FAILED
3848,310,84520,CREDIT,SUCCESS
3849,460,84895,CREDIT,SUCCESS
3850,300,10509,CREDIT,SUCCESS
3851,237,98422,CREDIT,SUCCESS
3852,166,19898,CREDIT,SUCCESS
3853,344,41756,DEBIT,SUCCESS
3854,156,87194,CREDIT,SUCCESS
3855,136,91528,CREDIT,SUCCESS
3856,117,19766,DEBIT,SUCCESS
3857,407,94294,DEBIT,SUCCESS
3858,313,94816,CREDIT,SUCCESS
3859,275,71427,CREDIT,SUCCESS
3860,243,61535,DEBIT,SUCCESS
3861,326,29122,DEBIT,FAILED
3862,178,33562,DEBIT,SUCCESS
3863,447,42126,DEBIT,SUCCESS
3864,499,86910,DEBIT,SUCCESS
3865,390,34749,CREDIT,FAILED
3866,314,66954,CREDIT,SUCCESS
3867,345,86788,CREDIT,SUCCESS
3868,475,32527,DEBIT,FAILED
3869,402,55657,DEBIT,SUCCESS
3870,289,85631,DEBIT,FAILED
3871,408,4729,CREDIT,SUCCESS
3872,292,32788,CREDIT,SUCCESS
3873,119,32435,CREDIT,SUCCESS
3874,224,95790,DEBIT,FAILED
3875,472,96419,CREDIT,SUCCESS
3876,367,97640,DEBIT,SUCCESS
3877,356,21332,DEBIT,SUCCESS
3878,452,99706,CREDIT,SUCCESS
3879,471,55078,CREDIT,SUCCESS
3880,332,67412,DEBIT,SUCCESS
3881,468,39435,DEBIT,FAILED
3882,351,1272,CREDIT,SUCCESS
3883,208,87695,CREDIT,FAILED
3884,295,44128,CREDIT,SUCCESS
3885,150,15077,DEBIT,SUCCESS
3886,391,11571,CREDIT,SUCCESS
3887,412,78699,DEBIT,SUCCESS
3888,298,19055,DEBIT,SUCCESS
3889,376,57444,DEBIT,FAILED
3890,422,34066,CREDIT,SUCCESS
3891,154,96684,CREDIT,FAILED
3892,473,54177,DEBIT,SUCCESS
3893,262,97590,DEBIT,SUCCESS
3894,445,73623,DEBIT,SUCCESS
3895,269,45920,DEBIT,SUCCESS
3896,299,53053,CREDIT,FAILED
3897,128,79591,DEBIT,SUCCESS
3898,381,59815,DEBIT,FAILED
3899,499,13439,DEBIT,SUCCESS
3900,163,83667,DEBIT,SUCCESS
3901,302,98797,DEBIT,SUCCESS
3902,413,89016,DEBIT,SUCCESS
3903,453,39953,CREDIT,FAILED
3904,178,16936,CREDIT,FAILED
3905,482,47024,CREDIT,SUCCESS
3906,473,38377,CREDIT,SUCCESS
3907,330,71425,DEBIT,SUCCESS
3908,208,28114,CREDIT,FAILED
3909,190,51252,CREDIT,SUCCESS
3910,184,47885,CREDIT,FAILED
3911,119,4983,CREDIT,FAILED
3912,407,79311,DEBIT,FAILED
3913,214,75240,CREDIT,SUCCESS
3914,140,94163,CREDIT,FAILED
3915,306,10369,CREDIT,SUCCESS
3916,110,87350,DEBIT,FAILED
3917,435,51154,CREDIT,SUCCESS
3918,324,55450,DEBIT,FAILED
3919,172,21337,DEBIT,FAILED
3920,280,84449,CREDIT,FAILED
3921,242,64610,DEBIT,FAILED
3922,160,39489,DEBIT,FAILED
3923,175,66187,DEBIT,SUCCESS
3924,323,91183,CREDIT,SUCCESS
3925,104,46875,CREDIT,SUCCESS
3926,115,12816,CREDIT,SUCCESS
3927,373,33392,CREDIT,SUCCESS
3928,157,8292,CREDIT,SUCCESS
3929,329,84734,DEBIT,FAILED
3930,408,84586,CREDIT,SUCCESS
3931,206,23617,CREDIT,SUCCESS
3932,319,24820,DEBIT,SUCCESS
3933,110,63372,DEBIT,FAILED
3934,300,90943,DEBIT,SUCCESS
3935,307,62448,DEBIT,SUCCESS
3936,417,76626,CREDIT,SUCCESS
3937,176,42960,CREDIT,SUCCESS
3938,479,32532,DEBIT,SUCCESS
3939,196,45451,CREDIT,SUCCESS
3940,366,94088,CREDIT,SUCCESS
3941,322,76562,CREDIT,SUCCESS
3942,205,36253,CREDIT,SUCCESS
3943,419,55566,CREDIT,SUCCESS
3944,349,94844,CREDIT,SUCCESS
3945,238,73787,CREDIT,SUCCESS
3946,138,37404,CREDIT,FAILED
3947,297,22077,DEBIT,SUCCESS
3948,159,32920,DEBIT,SUCCESS
3949,415,96364,DEBIT,SUCCESS
3950,117,8517,CREDIT,SUCCESS
3951,497,67177,CREDIT,FAILED
3952,302,27959,CREDIT,FAILED
3953,326,88264,CREDIT,SUCCESS
3954,281,93554,CREDIT,SUCCESS
3955,214,88769,CREDIT,SUCCESS
3956,108,1692,DEBIT,SUCCESS
3957,381,91483,CREDIT,SUCCESS
3958,227,4550,CREDIT,FAILED
3959,447,67575,DEBIT,SUCCESS
3960,325,55897,DEBIT,SUCCESS
3961,291,53074,DEBIT,SUCCESS
3962,471,24832,DEBIT,SUCCESS
3963,358,73757,DEBIT,FAILED
3964,356,57632,DEBIT,FAILED
3965,499,34751,CREDIT,SUCCESS
3966,387,17345,CREDIT,SUCCESS
3967,380,53240,CREDIT,SUCCESS
3968,277,95227,CREDIT,SUCCESS
3969,319,57322,CREDIT,SUCCESS
3970,122,81688,DEBIT,SUCCESS
3971,320,99367,DEBIT,SUCCESS
3972,442,38007,DEBIT,SUCCESS
3973,186,66410,CREDIT,FAILED
3974,335,44822,CREDIT,SUCCESS
3975,452,96582,DEBIT,SUCCESS
3976,287,64117,DEBIT,FAILED
3977,220,68972,CREDIT,SUCCESS
3978,303,97380,CREDIT,SUCCESS
3979,189,81818,DEBIT,FAILED
3980,344,87536,CREDIT,SUCCESS
3981,201,48610,CREDIT,SUCCESS
3982,329,16683,DEBIT,SUCCESS
3983,490,10908,CREDIT,FAILED
3984,108,45785,CREDIT,SUCCESS
3985,147,24620,DEBIT,SUCCESS
3986,402,12847,CREDIT,SUCCESS
3987,446,37391,DEBIT,FAILED
3988,484,35652,CREDIT,SUCCESS
3989,500,32491,CREDIT,SUCCESS
3990,236,7056,DEBIT,SUCCESS
3991,421,4961,CREDIT,SUCCESS
3992,394,73471,DEBIT,SUCCESS
3993,459,97668,DEBIT,FAILED
3994,268,20597,CREDIT,SUCCESS
3995,390,25189,DEBIT,FAILED
3996,306,38465,DEBIT,SUCCESS
3997,145,23938,DEBIT,SUCCESS
3998,224,43156,DEBIT,SUCCESS
3999,135,17195,DEBIT,SUCCESS
4000,123,25401,CREDIT,SUCCESS
4001,404,48397,CREDIT,SUCCESS
4002,309,50240,DEBIT,SUCCESS
4003,496,30459,CREDIT,FAILED
4004,254,49239,DEBIT,SUCCESS
4005,428,17014,CREDIT,SUCCESS
4006,174,31103,DEBIT,SUCCESS
4007,354,65376,CREDIT,SUCCESS
4008,403,43788,DEBIT,FAILED
4009,237,80527,CREDIT,SUCCESS
4010,321,41249,CREDIT,SUCCESS
4011,321,53373,DEBIT,SUCCESS
4012,402,82603,CREDIT,SUCCESS
4013,315,13720,CREDIT,SUCCESS
4014,160,20827,DEBIT,SUCCESS
4015,144,85286,CREDIT,SUCCESS
4016,127,83838,DEBIT,SUCCESS
4017,124,19851,CREDIT,FAILED
4018,286,31130,DEBIT,SUCCESS
4019,149,87979,CREDIT,FAILED
4020,352,33990,CREDIT,SUCCESS
4021,482,46153,CREDIT,SUCCESS
4022,387,62411,CREDIT,FAILED
4023,434,72612,CREDIT,FAILED
4024,103,36732,CREDIT,SUCCESS
4025,196,19527,CREDIT,SUCCESS
4026,323,51617,CREDIT,SUCCESS
4027,423,29151,CREDIT,SUCCESS
4028,109,97000,DEBIT,SUCCESS
4029,393,84176,CREDIT,FAILED
4030,237,10769,CREDIT,SUCCESS
4031,187,87129,DEBIT,FAILED
4032,308,45325,CREDIT,SUCCESS
4033,409,51731,DEBIT,SUCCESS
4034,106,57419,CREDIT,SUCCESS
4035,458,50003,CREDIT,SUCCESS
4036,147,50029,DEBIT,SUCCESS
4037,342,28470,CREDIT,FAILED
4038,140,97190,DEBIT,SUCCESS
4039,444,2882,CREDIT,SUCCESS
4040,195,55763,CREDIT,SUCCESS
4041,353,74703,DEBIT,SUCCESS
4042,139,26270,DEBIT,SUCCESS
4043,125,19658,CREDIT,SUCCESS
4044,258,34635,CREDIT,SUCCESS
4045,232,79248,DEBIT,FAILED
4046,413,61946,CREDIT,SUCCESS
4047,471,71733,CREDIT,FAILED
4048,298,30582,CREDIT,SUCCESS
4049,390,90186,DEBIT,SUCCESS
4050,178,31251,CREDIT,SUCCESS
4051,381,58686,DEBIT,SUCCESS
4052,290,21951,CREDIT,FAILED
4053,264,74713,DEBIT,SUCCESS
4054,360,95898,CREDIT,SUCCESS
4055,314,21081,DEBIT,FAILED
4056,255,62720,DEBIT,SUCCESS
4057,475,24453,CREDIT,FAILED
4058,102,82596,DEBIT,FAILED
4059,271,67537,CREDIT,SUCCESS
4060,304,51487,DEBIT,FAILED
4061,363,89573,DEBIT,FAILED
4062,189,73750,CREDIT,SUCCESS
4063,138,11388,CREDIT,FAILED
4064,130,51725,CREDIT,SUCCESS
4065,316,50187,DEBIT,SUCCESS
4066,396,12365,CREDIT,SUCCESS
4067,108,66482,DEBIT,FAILED
4068,131,5235,CREDIT,FAILED
4069,371,68850,CREDIT,FAILED
4070,399,6951,DEBIT,FAILED
4071,276,4674,CREDIT,FAILED
4072,429,77837,DEBIT,SUCCESS
4073,276,71031,CREDIT,SUCCESS
4074,358,12721,CREDIT,FAILED
4075,214,47054,DEBIT,SUCCESS
4076,460,91676,DEBIT,SUCCESS
4077,245,98825,DEBIT,FAILED
4078,427,40493,DEBIT,FAILED
4079,355,66789,DEBIT,FAILED
4080,177,70886,CREDIT,SUCCESS
4081,423,81605,DEBIT,FAILED
4082,312,46390,DEBIT,FAILED
4083,336,71840,DEBIT,FAILED
4084,425,34348,DEBIT,SUCCESS
4085,472,66926,CREDIT,FAILED
4086,217,84344,CREDIT,SUCCESS
4087,123,3582,CREDIT,SUCCESS
4088,241,22112,CREDIT,SUCCESS
4089,388,63330,DEBIT,FAILED
4090,490,86706,DEBIT,SUCCESS
4091,464,2475,DEBIT,SUCCESS
4092,463,79788,DEBIT,SUCCESS
4093,310,29822,DEBIT,SUCCESS
4094,212,6975,DEBIT,SUCCESS
4095,414,90913,DEBIT,SUCCESS
4096,128,55357,DEBIT,SUCCESS
4097,417,49631,DEBIT,SUCCESS
4098,270,52280,DEBIT,FAILED
4099,359,80958,DEBIT,SUCCESS
4100,321,70871,CREDIT,SUCCESS
4101,207,75671,CREDIT,FAILED
4102,450,59149,CREDIT,SUCCESS
4103,114,23808,DEBIT,FAILED
4104,467,12227,DEBIT,SUCCESS
4105,118,96456,DEBIT,SUCCESS
4106,148,15074,DEBIT,SUCCESS
4107,248,51958,DEBIT,SUCCESS
4108,300,40663,CREDIT,SUCCESS
4109,225,40573,DEBIT,FAILED
4110,137,12343,CREDIT,FAILED
4111,321,63520,DEBIT,SUCCESS
4112,357,75199,DEBIT,SUCCESS
4113,218,40472,DEBIT,SUCCESS
4114,252,95553,CREDIT,SUCCESS
4115,278,89510,DEBIT,SUCCESS
4116,392,35313,DEBIT,FAILED
4117,171,80593,DEBIT,SUCCESS
4118,346,20112,CREDIT,SUCCESS
4119,468,16159,DEBIT,SUCCESS
4120,499,3771,CREDIT,FAILED
4121,181,15834,DEBIT,SUCCESS
4122,466,85694,CREDIT,SUCCESS
4123,259,55602,DEBIT,SUCCESS
4124,316,40548,DEBIT,SUCCESS
4125,259,71289,CREDIT,SUCCESS
4126,457,33784,CREDIT,FAILED
4127,204,81173,CREDIT,SUCCESS
4128,195,90088,CREDIT,FAILED
4129,338,89707,CREDIT,SUCCESS
4130,220,13092,DEBIT,SUCCESS
4131,288,77524,DEBIT,FAILED
4132,395,72953,DEBIT,SUCCESS
4133,256,51770,DEBIT,SUCCESS
4134,147,60788,DEBIT,FAILED
4135,327,13914,CREDIT,SUCCESS
4136,441,27282,DEBIT,FAILED
4137,183,56145,DEBIT,SUCCESS
4138,310,6316,DEBIT,FAILED
4139,299,8792,CREDIT,SUCCESS
4140,322,40857,CREDIT,SUCCESS
4141,162,66747,DEBIT,SUCCESS
4142,415,29502,DEBIT,FAILED
4143,412,59588,DEBIT,SUCCESS
4144,482,57918,CREDIT,SUCCESS
4145,424,57303,CREDIT,SUCCESS
4146,492,14834,DEBIT,SUCCESS
4147,396,78296,DEBIT,SUCCESS
4148,287,54106,DEBIT,SUCCESS
4149,407,54953,CREDIT,FAILED
4150,306,7929,DEBIT,SUCCESS
4151,266,29946,CREDIT,SUCCESS
4152,224,85305,DEBIT,SUCCESS
4153,172,21429,DEBIT,SUCCESS
4154,369,76749,CREDIT,SUCCESS
4155,452,10281,CREDIT,SUCCESS
4156,351,12169,DEBIT,SUCCESS
4157,295,4133,DEBIT,FAILED
4158,151,4002,DEBIT,SUCCESS
4159,137,71322,CREDIT,SUCCESS
4160,130,31920,CREDIT,SUCCESS
4161,167,87960,CREDIT,SUCCESS
4162,499,12623,DEBIT,SUCCESS
4163,263,13863,CREDIT,SUCCESS
4164,346,89799,DEBIT,SUCCESS
4165,188,44346,DEBIT,FAILED
4166,164,30813,DEBIT,SUCCESS
4167,313,89822,CREDIT,FAILED
4168,339,8473,DEBIT,SUCCESS
4169,382,30661,CREDIT,SUCCESS
4170,280,16555,DEBIT,SUCCESS
4171,404,22486,DEBIT,FAILED
4172,325,29977,CREDIT,FAILED
4173,131,67858,DEBIT,SUCCESS
4174,192,68388,DEBIT,SUCCESS
4175,328,35292,DEBIT,FAILED
4176,250,56072,CREDIT,FAILED
4177,457,78921,DEBIT,FAILED
4178,484,59253,DEBIT,SUCCESS
4179,204,4474,DEBIT,SUCCESS
4180,353,26567,DEBIT,SUCCESS
4181,396,95816,DEBIT,SUCCESS
4182,370,66854,CREDIT,SUCCESS
4183,183,48783,CREDIT,FAILED
4184,237,67658,DEBIT,SUCCESS
4185,159,23971,CREDIT,FAILED
4186,267,79740,DEBIT,SUCCESS
4187,298,71183,DEBIT,SUCCESS
4188,458,17272,DEBIT,SUCCESS
4189,459,13004,DEBIT,SUCCESS
4190,386,39264,DEBIT,SUCCESS
4191,442,4019,CREDIT,SUCCESS
4192,108,99635,CREDIT,FAILED
4193,233,79854,CREDIT,FAILED
4194,289,14951,CREDIT,FAILED
4195,376,37368,DEBIT,SUCCESS
4196,349,90265,DEBIT,SUCCESS
4197,275,79754,DEBIT,SUCCESS
4198,419,70273,CREDIT,SUCCESS
4199,186,51129,CREDIT,SUCCESS
4200,271,89256,CREDIT,SUCCESS
4201,493,60804,DEBIT,SUCCESS
4202,125,9218,CREDIT,SUCCESS
4203,368,89293,DEBIT,FAILED
4204,355,98111,CREDIT,SUCCESS
4205,210,50675,CREDIT,SUCCESS
4206,331,45242,DEBIT,SUCCESS
4207,296,18895,CREDIT,SUCCESS
4208,112,91187,DEBIT,SUCCESS
4209,249,28393,DEBIT,SUCCESS
4210,130,86478,CREDIT,FAILED
4211,171,21623,CREDIT,SUCCESS
4212,319,38086,CREDIT,FAILED
4213,447,10825,CREDIT,SUCCESS
4214,219,13435,CREDIT,SUCCESS
4215,190,64162,DEBIT,SUCCESS
4216,146,45814,DEBIT,FAILED
4217,492,31435,DEBIT,SUCCESS
4218,180,55012,CREDIT,SUCCESS
4219,124,30152,CREDIT,SUCCESS
4220,371,75982,DEBIT,SUCCESS
4221,109,86925,CREDIT,SUCCESS
4222,345,35078,DEBIT,SUCCESS
4223,186,47783,CREDIT,SUCCESS
4224,233,21595,CREDIT,FAILED
4225,189,41811,DEBIT,FAILED
4226,298,93922,CREDIT,SUCCESS
4227,176,90029,CREDIT,SUCCESS
4228,357,72110,CREDIT,SUCCESS
4229,153,66612,CREDIT,SUCCESS
4230,375,14396,DEBIT,FAILED
4231,455,94522,DEBIT,FAILED
4232,363,58161,DEBIT,FAILED
4233,143,24896,CREDIT,SUCCESS
4234,317,8877,CREDIT,SUCCESS
4235,235,41849,CREDIT,FAILED
4236,135,92302,DEBIT,SUCCESS
4237,199,38045,CREDIT,SUCCESS
4238,166,63045,DEBIT,SUCCESS
4239,447,90170,DEBIT,FAILED
4240,432,78746,DEBIT,FAILED
4241,353,46037,DEBIT,SUCCESS
4242,176,40604,DEBIT,FAILED
4243,274,28460,DEBIT,FAILED
4244,430,33544,CREDIT,SUCCESS
4245,418,53961,DEBIT,SUCCESS
4246,378,20378,CREDIT,SUCCESS
4247,207,68583,CREDIT,SUCCESS
4248,292,49497,DEBIT,SUCCESS
4249,233,14776,CREDIT,FAILED
4250,455,43340,CREDIT,FAILED
4251,144,19903,DEBIT,SUCCESS
4252,490,25204,DEBIT,SUCCESS
4253,251,94988,DEBIT,SUCCESS
4254,298,86243,DEBIT,SUCCESS
4255,295,36338,DEBIT,SUCCESS
4256,279,41164,DEBIT,SUCCESS
4257,401,74471,CREDIT,SUCCESS
4258,312,66843,CREDIT,SUCCESS
4259,154,4501,DEBIT,SUCCESS
4260,480,46165,CREDIT,SUCCESS
4261,301,83537,CREDIT,FAILED
4262,292,87348,CREDIT,FAILED
4263,326,78320,CREDIT,SUCCESS
4264,123,47175,DEBIT,SUCCESS
4265,356,15655,CREDIT,SUCCESS
4266,388,91705,DEBIT,SUCCESS
4267,164,20337,CREDIT,SUCCESS
4268,291,21443,DEBIT,FAILED
4269,413,27494,DEBIT,SUCCESS
4270,384,5545,CREDIT,SUCCESS
4271,278,19285,DEBIT,FAILED
4272,272,84817,CREDIT,SUCCESS
4273,316,82114,DEBIT,SUCCESS
4274,183,91019,CREDIT,FAILED
4275,187,47514,CREDIT,SUCCESS
4276,172,54144,DEBIT,FAILED
4277,458,62521,DEBIT,SUCCESS
4278,331,99203,CREDIT,FAILED
4279,369,70693,DEBIT,SUCCESS
4280,383,87809,CREDIT,SUCCESS
4281,260,21637,DEBIT,SUCCESS
4282,160,90836,CREDIT,SUCCESS
4283,445,54194,DEBIT,SUCCESS
4284,338,39775,CREDIT,SUCCESS
4285,312,83303,CREDIT,SUCCESS
4286,180,65028,DEBIT,SUCCESS
4287,258,82080,DEBIT,SUCCESS
4288,196,76821,CREDIT,FAILED
4289,459,38477,CREDIT,SUCCESS
4290,135,53648,CREDIT,SUCCESS
4291,425,75998,DEBIT,FAILED
4292,215,7034,DEBIT,FAILED
4293,120,53122,CREDIT,SUCCESS
4294,461,84318,DEBIT,SUCCESS
4295,117,31321,CREDIT,SUCCESS
4296,369,57222,CREDIT,FAILED
4297,498,33158,CREDIT,SUCCESS
4298,466,66498,DEBIT,SUCCESS
4299,457,15564,CREDIT,SUCCESS
4300,470,33285,DEBIT,FAILED
4301,264,61740,DEBIT,FAILED
4302,271,46128,DEBIT,FAILED
4303,291,71533,DEBIT,FAILED
4304,442,98298,CREDIT,FAILED
4305,431,89727,DEBIT,SUCCESS
4306,497,78231,DEBIT,SUCCESS
4307,370,98005,DEBIT,SUCCESS
4308,122,51340,CREDIT,SUCCESS
4309,297,20215,DEBIT,SUCCESS
4310,215,3665,DEBIT,SUCCESS
4311,450,84159,CREDIT,SUCCESS
4312,102,27483,CREDIT,SUCCESS
4313,389,20276,DEBIT,SUCCESS
4314,147,76496,DEBIT,SUCCESS
4315,460,55099,DEBIT,SUCCESS
4316,492,81149,CREDIT,SUCCESS
4317,258,36205,DEBIT,SUCCESS
4318,292,59280,CREDIT,SUCCESS
4319,195,25621,CREDIT,SUCCESS
4320,394,83581,DEBIT,SUCCESS
4321,496,65325,CREDIT,SUCCESS
4322,392,13216,CREDIT,SUCCESS
4323,377,41595,DEBIT,SUCCESS
4324,439,85914,DEBIT,FAILED
4325,378,63183,CREDIT,SUCCESS
4326,222,21936,DEBIT,SUCCESS
4327,230,47276,DEBIT,SUCCESS
4328,270,49944,DEBIT,FAILED
4329,147,82372,DEBIT,SUCCESS
4330,331,26119,CREDIT,FAILED
4331,371,19801,DEBIT,SUCCESS
4332,172,77485,CREDIT,SUCCESS
4333,142,73527,DEBIT,FAILED
4334,238,97850,DEBIT,SUCCESS
4335,102,72796,CREDIT,SUCCESS
4336,458,82072,DEBIT,SUCCESS
4337,409,43459,CREDIT,FAILED
4338,243,30488,CREDIT,FAILED
4339,217,8924,CREDIT,SUCCESS
4340,376,39845,DEBIT,SUCCESS
4341,154,67552,DEBIT,SUCCESS
4342,476,73987,DEBIT,FAILED
4343,412,12911,CREDIT,SUCCESS
4344,153,25758,DEBIT,SUCCESS
4345,288,53864,DEBIT,FAILED
4346,406,3490,DEBIT,SUCCESS
4347,227,96109,CREDIT,SUCCESS
4348,306,81885,CREDIT,FAILED
4349,481,23272,CREDIT,FAILED
4350,130,89639,CREDIT,SUCCESS
4351,291,23033,CREDIT,SUCCESS
4352,391,84239,DEBIT,SUCCESS
4353,413,8489,CREDIT,SUCCESS
4354,465,71068,CREDIT,SUCCESS
4355,310,47109,DEBIT,SUCCESS
4356,262,76940,DEBIT,FAILED
4357,174,95569,DEBIT,FAILED
4358,320,1703,CREDIT,FAILED
4359,269,12835,CREDIT,FAILED
4360,325,49624,CREDIT,FAILED
4361,280,42930,DEBIT,SUCCESS
4362,106,1673,DEBIT,SUCCESS
4363,380,24470,CREDIT,SUCCESS
4364,461,45238,CREDIT,FAILED
4365,209,14394,DEBIT,SUCCESS
4366,141,92839,CREDIT,SUCCESS
4367,186,26954,CREDIT,SUCCESS
4368,151,30413,CREDIT,SUCCESS
4369,450,61704,CREDIT,SUCCESS
4370,140,53240,DEBIT,SUCCESS
4371,394,28345,DEBIT,SUCCESS
4372,311,31865,CREDIT,SUCCESS
4373,149,85101,DEBIT,FAILED
4374,290,11180,CREDIT,SUCCESS
4375,109,85387,DEBIT,SUCCESS
4376,174,43745,CREDIT,SUCCESS
4377,353,75013,CREDIT,SUCCESS
4378,482,56220,DEBIT,FAILED
4379,336,91333,DEBIT,SUCCESS
4380,133,21447,DEBIT,SUCCESS
4381,129,59472,DEBIT,SUCCESS
4382,446,26532,CREDIT,FAILED
4383,435,24931,DEBIT,SUCCESS
4384,137,56675,CREDIT,SUCCESS
4385,236,5203,DEBIT,SUCCESS
4386,444,93708,CREDIT,SUCCESS
4387,282,32662,CREDIT,FAILED
4388,243,11486,CREDIT,SUCCESS
4389,193,74373,DEBIT,FAILED
4390,480,86338,CREDIT,FAILED
4391,357,69463,DEBIT,FAILED
4392,150,89228,CREDIT,FAILED
4393,415,6036,CREDIT,SUCCESS
4394,193,18910,CREDIT,FAILED
4395,221,50126,DEBIT,SUCCESS
4396,338,69184,CREDIT,SUCCESS
4397,311,85607,CREDIT,SUCCESS
4398,116,37993,CREDIT,SUCCESS
4399,476,75347,CREDIT,SUCCESS
4400,395,36259,DEBIT,SUCCESS
4401,229,81422,DEBIT,SUCCESS
4402,488,97782,DEBIT,SUCCESS
4403,378,63564,CREDIT,FAILED
4404,441,14111,DEBIT,SUCCESS
4405,481,15069,DEBIT,FAILED
4406,109,71601,DEBIT,SUCCESS
4407,490,85458,CREDIT,SUCCESS
4408,244,54206,DEBIT,SUCCESS
4409,167,85674,CREDIT,SUCCESS
4410,349,60501,CREDIT,FAILED
4411,396,69921,CREDIT,SUCCESS
4412,264,89330,DEBIT,SUCCESS
4413,426,38133,CREDIT,SUCCESS
4414,496,11503,DEBIT,FAILED
4415,354,25447,CREDIT,FAILED
4416,421,69038,DEBIT,FAILED
4417,329,53628,DEBIT,SUCCESS
4418,406,11780,DEBIT,SUCCESS
4419,279,64185,DEBIT,SUCCESS
4420,308,85694,DEBIT,SUCCESS
4421,483,23141,DEBIT,SUCCESS
4422,454,60654,DEBIT,SUCCESS
4423,146,58796,CREDIT,SUCCESS
4424,467,68514,CREDIT,SUCCESS
4425,444,86696,DEBIT,FAILED
4426,255,66807,DEBIT,SUCCESS
4427,258,88969,DEBIT,SUCCESS
4428,237,58750,CREDIT,SUCCESS
4429,188,33274,DEBIT,SUCCESS
4430,352,48751,CREDIT,FAILED
4431,309,72145,CREDIT,FAILED
4432,290,43928,DEBIT,SUCCESS
4433,487,48210,CREDIT,SUCCESS
4434,353,21045,DEBIT,FAILED
4435,471,61663,CREDIT,FAILED
4436,332,51707,CREDIT,FAILED
4437,114,34797,CREDIT,SUCCESS
4438,247,48620,CREDIT,FAILED
4439,108,84938,DEBIT,SUCCESS
4440,140,36680,DEBIT,FAILED
4441,403,29834,CREDIT,FAILED
4442,127,39773,CREDIT,SUCCESS
4443,214,5400,CREDIT,SUCCESS
4444,403,79050,DEBIT,SUCCESS
4445,143,81931,CREDIT,SUCCESS
4446,137,41837,CREDIT,SUCCESS
4447,437,4939,DEBIT,SUCCESS
4448,221,4264,DEBIT,SUCCESS
4449,161,6454,DEBIT,SUCCESS
4450,144,33007,CREDIT,SUCCESS
4451,279,25463,DEBIT,FAILED
4452,171,39244,CREDIT,SUCCESS
4453,356,20551,DEBIT,SUCCESS
4454,487,2960,DEBIT,FAILED
4455,138,76818,DEBIT,SUCCESS
4456,318,99619,CREDIT,SUCCESS
4457,118,67624,DEBIT,SUCCESS
4458,188,63150,DEBIT,FAILED
4459,173,39157,DEBIT,SUCCESS
4460,186,8928,DEBIT,SUCCESS
4461,206,62035,DEBIT,FAILED
4462,292,63782,DEBIT,SUCCESS
4463,152,82903,DEBIT,SUCCESS
4464,375,36355,DEBIT,SUCCESS
4465,245,63959,CREDIT,SUCCESS
4466,162,38676,DEBIT,SUCCESS
4467,119,40386,CREDIT,SUCCESS
4468,245,61287,CREDIT,FAILED
4469,468,15679,DEBIT,SUCCESS
4470,289,34507,CREDIT,FAILED
4471,462,57820,DEBIT,SUCCESS
4472,165,47286,CREDIT,SUCCESS
4473,159,26500,DEBIT,SUCCESS
4474,429,54984,CREDIT,SUCCESS
4475,313,4996,CREDIT,SUCCESS
4476,211,73879,CREDIT,SUCCESS
4477,457,37751,CREDIT,SUCCESS
4478,114,41147,DEBIT,SUCCESS
4479,117,59810,DEBIT,SUCCESS
4480,396,64617,CREDIT,SUCCESS
4481,224,52077,DEBIT,FAILED
4482,350,80903,DEBIT,FAILED
4483,264,12098,CREDIT,SUCCESS
4484,189,5869,CREDIT,SUCCESS
4485,483,16766,CREDIT,FAILED
4486,330,82687,CREDIT,SUCCESS
4487,495,24953,CREDIT,SUCCESS
4488,388,3330,CREDIT,SUCCESS
4489,102,88850,DEBIT,FAILED
4490,352,24216,CREDIT,SUCCESS
4491,293,67821,CREDIT,SUCCESS
4492,464,59237,CREDIT,FAILED
4493,256,44480,DEBIT,SUCCESS
4494,246,36210,CREDIT,SUCCESS
4495,130,7498,DEBIT,SUCCESS
4496,458,8702,CREDIT,FAILED
4497,212,87164,DEBIT,FAILED
4498,208,85906,CREDIT,SUCCESS
4499,297,44552,DEBIT,SUCCESS
4500,378,99703,DEBIT,SUCCESS
4501,310,97895,CREDIT,FAILED
4502,496,22152,CREDIT,SUCCESS
4503,137,80169,CREDIT,SUCCESS
4504,494,83667,CREDIT,SUCCESS
4505,241,61289,DEBIT,FAILED
4506,310,29309,DEBIT,FAILED
4507,146,78015,DEBIT,FAILED
4508,136,61715,DEBIT,SUCCESS
4509,458,59089,CREDIT,SUCCESS
4510,495,65712,DEBIT,FAILED
4511,167,88858,CREDIT,SUCCESS
4512,160,75926,DEBIT,SUCCESS
4513,305,87681,CREDIT,SUCCESS
4514,241,89526,CREDIT,SUCCESS
4515,443,49187,CREDIT,SUCCESS
4516,381,20114,DEBIT,SUCCESS
4517,211,72625,DEBIT,SUCCESS
4518,170,88617,CREDIT,SUCCESS
4519,121,63759,DEBIT,SUCCESS
4520,397,63914,CREDIT,SUCCESS
4521,361,5262,CREDIT,SUCCESS
4522,470,1233,DEBIT,SUCCESS
4523,340,57697,DEBIT,SUCCESS
4524,222,80989,DEBIT,SUCCESS
4525,100,96360,CREDIT,SUCCESS
4526,247,91045,CREDIT,SUCCESS
4527,166,89818,CREDIT,SUCCESS
4528,350,85335,CREDIT,SUCCESS
4529,200,99659,DEBIT,SUCCESS
4530,319,22770,CREDIT,FAILED
4531,317,19574,CREDIT,SUCCESS
4532,258,67639,CREDIT,SUCCESS
4533,482,10731,CREDIT,SUCCESS
4534,355,41210,DEBIT,FAILED
4535,202,36771,DEBIT,FAILED
4536,256,82532,DEBIT,SUCCESS
4537,307,11817,CREDIT,SUCCESS
4538,278,49213,CREDIT,SUCCESS
4539,329,48779,CREDIT,SUCCESS
4540,387,64139,CREDIT,SUCCESS
4541,257,23354,DEBIT,SUCCESS
4542,347,35256,CREDIT,SUCCESS
4543,165,68396,CREDIT,SUCCESS
4544,129,67581,DEBIT,FAILED
4545,200,11004,CREDIT,SUCCESS
4546,492,62407,CREDIT,SUCCESS
4547,378,69191,CREDIT,SUCCESS
4548,321,71154,CREDIT,SUCCESS
4549,301,49106,DEBIT,SUCCESS
4550,231,95964,DEBIT,FAILED
4551,333,33855,DEBIT,SUCCESS
4552,380,89914,DEBIT,SUCCESS
4553,412,69233,DEBIT,SUCCESS
4554,458,93952,CREDIT,FAILED
4555,295,23321,DEBIT,FAILED
4556,283,73365,DEBIT,FAILED
4557,163,7229,CREDIT,SUCCESS
4558,326,27013,CREDIT,FAILED
4559,348,37397,CREDIT,SUCCESS
4560,408,54240,CREDIT,FAILED
4561,304,33293,CREDIT,SUCCESS
4562,187,91874,DEBIT,SUCCESS
4563,348,22546,CREDIT,SUCCESS
4564,392,81462,DEBIT,FAILED
4565,402,35194,DEBIT,SUCCESS
4566,289,20928,CREDIT,SUCCESS
4567,462,33294,DEBIT,SUCCESS
4568,353,19291,DEBIT,SUCCESS
4569,176,20633,DEBIT,SUCCESS
4570,376,79897,CREDIT,SUCCESS
4571,347,68033,CREDIT,SUCCESS
4572,307,23200,CREDIT,FAILED
4573,173,43087,CREDIT,SUCCESS
4574,446,33734,DEBIT,SUCCESS
4575,445,94301,DEBIT,SUCCESS
4576,468,48615,CREDIT,SUCCESS
4577,420,63169,DEBIT,SUCCESS
4578,232,22736,DEBIT,SUCCESS
4579,480,75169,CREDIT,FAILED
4580,233,3207,DEBIT,SUCCESS
4581,115,11745,DEBIT,SUCCESS
4582,307,10092,CREDIT,SUCCESS
4583,486,4148,CREDIT,FAILED
4584,342,85926,CREDIT,SUCCESS
4585,350,12399,DEBIT,FAILED
4586,370,23536,CREDIT,SUCCESS
4587,309,19734,DEBIT,FAILED
4588,337,86971,CREDIT,SUCCESS
4589,198,72495,DEBIT,SUCCESS
4590,171,38798,DEBIT,FAILED
4591,464,52914,CREDIT,SUCCESS
4592,367,4969,CREDIT,SUCCESS
4593,445,57624,DEBIT,SUCCESS
4594,423,25434,CREDIT,SUCCESS
4595,337,51731,CREDIT,SUCCESS
4596,225,16037,DEBIT,SUCCESS
4597,388,33987,CREDIT,SUCCESS
4598,139,31569,DEBIT,FAILED
4599,323,41682,DEBIT,FAILED
4600,322,58323,CREDIT,SUCCESS
4601,495,46595,CREDIT,SUCCESS
4602,381,54653,DEBIT,SUCCESS
4603,300,6076,CREDIT,SUCCESS
4604,377,26288,DEBIT,SUCCESS
4605,459,81661,DEBIT,SUCCESS
4606,330,73193,CREDIT,SUCCESS
4607,296,90273,DEBIT,SUCCESS
4608,228,56685,DEBIT,SUCCESS
4609,115,26435,DEBIT,SUCCESS
4610,125,56527,DEBIT,SUCCESS
4611,194,75365,CREDIT,SUCCESS
4612,359,65437,CREDIT,SUCCESS
4613,340,34077,CREDIT,SUCCESS
4614,478,41283,DEBIT,SUCCESS
4615,314,17382,CREDIT,SUCCESS
4616,121,66466,DEBIT,SUCCESS
4617,203,69786,DEBIT,SUCCESS
4618,265,49240,CREDIT,SUCCESS
4619,454,64780,CREDIT,SUCCESS
4620,243,44685,DEBIT,SUCCESS
4621,383,72546,DEBIT,SUCCESS
4622,198,31321,DEBIT,FAILED
4623,247,47415,DEBIT,SUCCESS
4624,249,11643,CREDIT,SUCCESS
4625,356,92493,CREDIT,SUCCESS
4626,312,50866,CREDIT,FAILED
4627,360,13997,DEBIT,SUCCESS
4628,110,9293,DEBIT,SUCCESS
4629,137,47417,CREDIT,SUCCESS
4630,247,46334,DEBIT,SUCCESS
4631,441,71015,CREDIT,FAILED
4632,498,1244,DEBIT,SUCCESS
4633,152,6142,DEBIT,SUCCESS
4634,346,50217,DEBIT,SUCCESS
4635,206,57764,DEBIT,SUCCESS
4636,151,14820,CREDIT,SUCCESS
4637,116,26641,CREDIT,SUCCESS
4638,219,4715,CREDIT,SUCCESS
4639,301,44193,CREDIT,SUCCESS
4640,254,77086,CREDIT,SUCCESS
4641,429,25063,DEBIT,SUCCESS
4642,439,95887,DEBIT,SUCCESS
4643,360,37721,DEBIT,SUCCESS
4644,352,8604,DEBIT,SUCCESS
4645,450,96868,DEBIT,SUCCESS
4646,479,93880,DEBIT,SUCCESS
4647,443,14149,DEBIT,SUCCESS
4648,445,94720,DEBIT,SUCCESS
4649,283,81870,DEBIT,FAILED
4650,259,82545,CREDIT,SUCCESS
4651,497,51973,CREDIT,FAILED
4652,498,38356,DEBIT,SUCCESS
4653,215,52918,DEBIT,SUCCESS
4654,376,40293,DEBIT,SUCCESS
4655,115,94939,DEBIT,FAILED
4656,339,17855,CREDIT,FAILED
4657,272,14812,CREDIT,SUCCESS
4658,472,60336,DEBIT,FAILED
4659,282,91285,CREDIT,SUCCESS
4660,341,72405,DEBIT,FAILED
4661,241,82122,CREDIT,SUCCESS
4662,159,69112,DEBIT,SUCCESS
4663,415,95421,DEBIT,SUCCESS
4664,470,89355,DEBIT,FAILED
4665,405,32014,DEBIT,SUCCESS
4666,316,88368,DEBIT,FAILED
4667,405,33896,CREDIT,SUCCESS
4668,296,52235,DEBIT,SUCCESS
4669,359,10225,DEBIT,FAILED
4670,262,87356,CREDIT,SUCCESS
4671,358,29444,CREDIT,FAILED
4672,384,3017,CREDIT,SUCCESS
4673,152,76476,DEBIT,FAILED
4674,304,31692,CREDIT,SUCCESS
4675,176,26154,DEBIT,SUCCESS
4676,482,57303,CREDIT,FAILED
4677,432,82278,DEBIT,SUCCESS
4678,466,51077,CREDIT,SUCCESS
4679,207,1015,DEBIT,FAILED
4680,165,67074,CREDIT,FAILED
4681,251,79194,CREDIT,SUCCESS
4682,349,28427,CREDIT,SUCCESS
4683,418,48413,DEBIT,FAILED
4684,468,1678,DEBIT,FAILED
4685,410,97079,DEBIT,SUCCESS
4686,453,12882,DEBIT,FAILED
4687,188,99972,CREDIT,SUCCESS
4688,211,71162,CREDIT,SUCCESS
4689,457,83707,CREDIT,SUCCESS
4690,236,33167,DEBIT,SUCCESS
4691,132,8455,DEBIT,FAILED
4692,464,45633,DEBIT,SUCCESS
4693,489,42303,DEBIT,SUCCESS
4694,488,64799,CREDIT,SUCCESS
4695,470,1591,DEBIT,SUCCESS
4696,369,75500,DEBIT,SUCCESS
4697,344,62567,CREDIT,SUCCESS
4698,444,99346,CREDIT,SUCCESS
4699,107,28727,DEBIT,FAILED
4700,299,9474,DEBIT,SUCCESS
4701,380,42759,DEBIT,FAILED
4702,354,8132,DEBIT,SUCCESS
4703,165,49079,DEBIT,SUCCESS
4704,458,66760,CREDIT,FAILED
4705,148,11036,DEBIT,SUCCESS
4706,386,47827,DEBIT,SUCCESS
4707,166,28105,DEBIT,SUCCESS
4708,208,83609,DEBIT,SUCCESS
4709,415,68538,DEBIT,SUCCESS
4710,393,1290,DEBIT,SUCCESS
4711,356,77314,CREDIT,FAILED
4712,304,48467,DEBIT,SUCCESS
4713,499,76190,DEBIT,SUCCESS
4714,480,19742,CREDIT,SUCCESS
4715,498,12335,CREDIT,SUCCESS
4716,136,78168,CREDIT,FAILED
4717,181,17567,CREDIT,SUCCESS
4718,358,57324,CREDIT,FAILED
4719,359,29546,CREDIT,FAILED
4720,415,58013,DEBIT,SUCCESS
4721,453,44244,CREDIT,SUCCESS
4722,258,78978,DEBIT,FAILED
4723,464,72860,CREDIT,SUCCESS
4724,291,58480,CREDIT,SUCCESS
4725,365,8901,CREDIT,SUCCESS
4726,220,59887,CREDIT,SUCCESS
4727,417,68427,DEBIT,SUCCESS
4728,380,79239,DEBIT,SUCCESS
4729,302,93700,DEBIT,SUCCESS
4730,328,68861,CREDIT,FAILED
4731,377,14250,DEBIT,SUCCESS
4732,231,78308,DEBIT,SUCCESS
4733,376,73996,CREDIT,FAILED
4734,123,70125,CREDIT,SUCCESS
4735,195,48832,DEBIT,FAILED
4736,147,58692,CREDIT,SUCCESS
4737,324,53662,CREDIT,SUCCESS
4738,376,20795,CREDIT,FAILED
4739,397,39123,DEBIT,SUCCESS
4740,443,87534,DEBIT,SUCCESS
4741,214,14497,CREDIT,SUCCESS
4742,458,89782,CREDIT,SUCCESS
4743,208,80435,CREDIT,FAILED
4744,235,60928,DEBIT,SUCCESS
4745,492,2554,CREDIT,FAILED
4746,393,48459,DEBIT,SUCCESS
4747,182,43010,CREDIT,SUCCESS
4748,107,26508,CREDIT,FAILED
4749,303,9582,CREDIT,FAILED
4750,143,69478,CREDIT,SUCCESS
4751,272,10485,DEBIT,SUCCESS
4752,144,88670,CREDIT,SUCCESS
4753,149,41376,DEBIT,SUCCESS
4754,398,25744,DEBIT,SUCCESS
4755,373,31431,CREDIT,SUCCESS
4756,185,68024,CREDIT,SUCCESS
4757,250,88280,CREDIT,SUCCESS
4758,292,76871,CREDIT,SUCCESS
4759,301,81546,DEBIT,SUCCESS
4760,127,83740,DEBIT,SUCCESS
4761,168,48692,DEBIT,SUCCESS
4762,353,93130,CREDIT,SUCCESS
4763,358,81454,DEBIT,SUCCESS
4764,174,55197,CREDIT,SUCCESS
4765,197,49254,DEBIT,FAILED
4766,421,52573,CREDIT,SUCCESS
4767,430,12269,CREDIT,SUCCESS
4768,353,3030,DEBIT,SUCCESS
4769,273,93564,CREDIT,SUCCESS
4770,471,9601,CREDIT,SUCCESS
4771,263,30425,DEBIT,SUCCESS
4772,466,5680,CREDIT,SUCCESS
4773,359,47940,DEBIT,SUCCESS
4774,298,17821,CREDIT,SUCCESS
4775,116,13475,CREDIT,SUCCESS
4776,180,32802,CREDIT,SUCCESS
4777,302,88277,DEBIT,SUCCESS
4778,243,32055,CREDIT,FAILED
4779,100,86993,CREDIT,SUCCESS
4780,294,80485,DEBIT,FAILED
4781,173,59018,DEBIT,SUCCESS
4782,114,34530,DEBIT,SUCCESS
4783,334,7310,DEBIT,FAILED
4784,441,74821,DEBIT,FAILED
4785,480,92717,CREDIT,FAILED
4786,238,8649,DEBIT,SUCCESS
4787,346,24099,CREDIT,SUCCESS
4788,325,64725,DEBIT,FAILED
4789,212,24036,DEBIT,SUCCESS
4790,396,36351,DEBIT,SUCCESS
4791,378,98554,DEBIT,SUCCESS
4792,216,16896,CREDIT,FAILED
4793,220,91203,CREDIT,SUCCESS
4794,400,53655,CREDIT,SUCCESS
4795,137,95848,CREDIT,SUCCESS
4796,274,69906,CREDIT,SUCCESS
4797,394,15607,CREDIT,SUCCESS
4798,372,89751,CREDIT,SUCCESS
4799,184,33905,DEBIT,SUCCESS
4800,476,25294,DEBIT,SUCCESS
4801,424,11247,DEBIT,SUCCESS
4802,204,23768,DEBIT,FAILED
4803,499,62826,DEBIT,FAILED
4804,441,36049,CREDIT,SUCCESS
4805,376,16393,CREDIT,FAILED
4806,272,12597,CREDIT,FAILED
4807,310,61992,CREDIT,SUCCESS
4808,333,82717,CREDIT,SUCCESS
4809,408,90881,CREDIT,SUCCESS
4810,377,38070,CREDIT,FAILED
4811,130,38486,DEBIT,FAILED
4812,411,55822,DEBIT,SUCCESS
4813,442,2229,DEBIT,SUCCESS
4814,184,39653,CREDIT,FAILED
4815,435,75191,DEBIT,FAILED
4816,484,95171,CREDIT,SUCCESS
4817,329,39182,DEBIT,SUCCESS
4818,227,23145,DEBIT,SUCCESS
4819,380,90083,CREDIT,SUCCESS
4820,155,56691,CREDIT,SUCCESS
4821,410,51594,DEBIT,SUCCESS
4822,455,11677,CREDIT,FAILED
4823,228,16946,CREDIT,FAILED
4824,138,59259,CREDIT,SUCCESS
4825,376,8991,DEBIT,SUCCESS
4826,246,30522,DEBIT,SUCCESS
4827,251,30313,DEBIT,SUCCESS
4828,287,98962,CREDIT,SUCCESS
4829,181,51909,CREDIT,SUCCESS
4830,293,88604,CREDIT,SUCCESS
4831,322,14263,DEBIT,SUCCESS
4832,330,95450,DEBIT,SUCCESS
4833,268,69125,DEBIT,SUCCESS
4834,481,32351,DEBIT,SUCCESS
4835,493,73691,DEBIT,SUCCESS
4836,483,44293,DEBIT,SUCCESS
4837,466,49722,CREDIT,SUCCESS
4838,391,3167,DEBIT,FAILED
4839,293,18571,DEBIT,SUCCESS
4840,334,43792,DEBIT,FAILED
4841,434,80691,DEBIT,SUCCESS
4842,332,55053,DEBIT,FAILED
4843,226,43785,CREDIT,SUCCESS
4844,467,35920,CREDIT,SUCCESS
4845,141,55035,DEBIT,SUCCESS
4846,232,26590,DEBIT,SUCCESS
4847,198,16349,DEBIT,SUCCESS
4848,283,7508,CREDIT,SUCCESS
4849,175,96667,DEBIT,SUCCESS
4850,331,99008,DEBIT,SUCCESS
4851,457,38951,CREDIT,SUCCESS
4852,391,12614,DEBIT,FAILED
4853,213,3093,DEBIT,SUCCESS
4854,289,90439,CREDIT,SUCCESS
4855,244,57544,CREDIT,SUCCESS
4856,455,64434,DEBIT,SUCCESS
4857,168,3490,CREDIT,SUCCESS
4858,333,14041,CREDIT,SUCCESS
4859,212,74448,CREDIT,SUCCESS
4860,466,92926,CREDIT,FAILED
4861,450,85286,CREDIT,FAILED
4862,139,2048,DEBIT,SUCCESS
4863,270,53046,CREDIT,FAILED
4864,268,96467,CREDIT,SUCCESS
4865,426,14159,CREDIT,SUCCESS
4866,373,31506,DEBIT,SUCCESS
4867,339,61234,CREDIT,SUCCESS
4868,157,62057,DEBIT,SUCCESS
4869,353,67024,CREDIT,SUCCESS
4870,294,96610,CREDIT,FAILED
4871,363,11257,DEBIT,SUCCESS
4872,383,50801,DEBIT,SUCCESS
4873,356,20639,DEBIT,SUCCESS
4874,195,5112,DEBIT,SUCCESS
4875,137,81648,DEBIT,FAILED
4876,210,78208,CREDIT,SUCCESS
4877,159,82492,DEBIT,SUCCESS
4878,190,32132,CREDIT,SUCCESS
4879,366,54943,CREDIT,SUCCESS
4880,329,59977,CREDIT,SUCCESS
4881,236,6469,CREDIT,SUCCESS
4882,360,15598,DEBIT,SUCCESS
4883,298,59610,DEBIT,SUCCESS
4884,304,36613,DEBIT,SUCCESS
4885,107,8346,CREDIT,SUCCESS
4886,272,80360,CREDIT,SUCCESS
4887,333,61729,CREDIT,SUCCESS
4888,311,77183,DEBIT,SUCCESS
4889,230,95620,CREDIT,SUCCESS
4890,170,67571,DEBIT,SUCCESS
4891,178,46951,CREDIT,SUCCESS
4892,352,46086,DEBIT,SUCCESS
4893,400,63786,DEBIT,SUCCESS
4894,305,22811,DEBIT,SUCCESS
4895,220,22699,DEBIT,SUCCESS
4896,471,63403,CREDIT,FAILED
4897,303,70433,CREDIT,SUCCESS
4898,183,35151,CREDIT,SUCCESS
4899,239,50246,DEBIT,SUCCESS
4900,362,7557,CREDIT,SUCCESS
4901,481,20681,DEBIT,SUCCESS
4902,247,87341,CREDIT,SUCCESS
4903,213,34333,DEBIT,SUCCESS
4904,308,38098,CREDIT,SUCCESS
4905,320,54942,CREDIT,SUCCESS
4906,254,2333,CREDIT,SUCCESS
4907,230,12143,DEBIT,FAILED
4908,352,2373,DEBIT,FAILED
4909,333,5258,DEBIT,FAILED
4910,428,66236,CREDIT,SUCCESS
4911,226,53788,DEBIT,SUCCESS
4912,367,22525,CREDIT,FAILED
4913,299,84307,DEBIT,SUCCESS
4914,410,59053,CREDIT,SUCCESS
4915,185,73294,DEBIT,SUCCESS
4916,298,19188,CREDIT,FAILED
4917,164,26860,DEBIT,SUCCESS
4918,314,81872,CREDIT,SUCCESS
4919,118,97557,DEBIT,SUCCESS
4920,419,56353,CREDIT,SUCCESS
4921,440,98121,CREDIT,SUCCESS
4922,403,61956,CREDIT,SUCCESS
4923,401,73643,DEBIT,SUCCESS
4924,102,25324,DEBIT,FAILED
4925,231,66763,DEBIT,FAILED
4926,161,85119,DEBIT,SUCCESS
4927,264,28390,CREDIT,SUCCESS
4928,178,3968,DEBIT,FAILED
4929,270,31633,DEBIT,SUCCESS
4930,108,74464,CREDIT,FAILED
4931,489,1809,DEBIT,SUCCESS
4932,468,26932,CREDIT,SUCCESS
4933,157,49061,DEBIT,SUCCESS
4934,170,84596,DEBIT,SUCCESS
4935,129,85966,DEBIT,SUCCESS
4936,369,86308,CREDIT,SUCCESS
4937,464,46440,DEBIT,FAILED
4938,324,22915,CREDIT,FAILED
4939,327,40343,DEBIT,SUCCESS
4940,313,16979,DEBIT,SUCCESS
4941,256,39623,DEBIT,SUCCESS
4942,241,26971,CREDIT,SUCCESS
4943,323,44109,CREDIT,SUCCESS
4944,308,5511,CREDIT,SUCCESS
4945,235,61252,DEBIT,FAILED
4946,180,34888,DEBIT,SUCCESS
4947,449,4478,CREDIT,SUCCESS
4948,115,10996,CREDIT,SUCCESS
4949,142,91178,CREDIT,SUCCESS
4950,102,52650,CREDIT,FAILED
4951,454,28436,CREDIT,FAILED
4952,223,10835,DEBIT,SUCCESS
4953,218,9432,DEBIT,SUCCESS
4954,304,44484,DEBIT,FAILED
4955,496,40563,CREDIT,SUCCESS
4956,146,99270,CREDIT,SUCCESS
4957,286,14500,DEBIT,FAILED
4958,359,91660,CREDIT,SUCCESS
4959,412,30829,DEBIT,SUCCESS
4960,419,60814,DEBIT,SUCCESS
4961,368,90342,DEBIT,SUCCESS
4962,459,56290,CREDIT,SUCCESS
4963,484,69557,CREDIT,SUCCESS
4964,298,83901,CREDIT,SUCCESS
4965,414,25834,DEBIT,FAILED
4966,145,94214,DEBIT,SUCCESS
4967,126,12843,CREDIT,FAILED
4968,209,84854,DEBIT,FAILED
4969,287,98016,DEBIT,SUCCESS
4970,459,4862,CREDIT,FAILED
4971,420,59525,CREDIT,FAILED
4972,277,3791,DEBIT,SUCCESS
4973,205,10760,CREDIT,SUCCESS
4974,483,30467,CREDIT,SUCCESS
4975,186,92509,DEBIT,SUCCESS
4976,108,91414,DEBIT,SUCCESS
4977,443,58866,CREDIT,SUCCESS
4978,186,74588,DEBIT,SUCCESS
4979,356,95757,DEBIT,SUCCESS
4980,429,77675,CREDIT,SUCCESS
4981,231,59130,DEBIT,SUCCESS
4982,457,69944,DEBIT,SUCCESS
4983,261,13676,DEBIT,SUCCESS
4984,265,21008,CREDIT,FAILED
4985,157,93409,DEBIT,SUCCESS
4986,118,77633,CREDIT,FAILED
4987,424,11196,CREDIT,SUCCESS
4988,343,37188,DEBIT,SUCCESS
4989,367,77002,DEBIT,FAILED
4990,388,32375,DEBIT,SUCCESS
4991,351,46550,DEBIT,SUCCESS
4992,284,42807,DEBIT,SUCCESS
4993,247,61073,DEBIT,FAILED
4994,497,28810,CREDIT,SUCCESS
4995,153,84762,CREDIT,FAILED
4996,484,96991,DEBIT,SUCCESS
4997,412,64815,DEBIT,SUCCESS
4998,272,65031,DEBIT,SUCCESS
4999,260,80864,CREDIT,SUCCESS
5000,132,85301,CREDIT,FAILED
5001,182,94396,CREDIT,FAILED
5002,373,3138,DEBIT,SUCCESS
5003,342,18387,CREDIT,FAILED
5004,483,78791,DEBIT,SUCCESS
5005,253,50486,CREDIT,SUCCESS
5006,414,62775,CREDIT,SUCCESS
5007,117,58939,CREDIT,SUCCESS
5008,275,61732,CREDIT,SUCCESS
5009,117,57660,DEBIT,FAILED
5010,228,27899,CREDIT,SUCCESS
5011,165,72739,CREDIT,SUCCESS
5012,142,95561,CREDIT,SUCCESS
5013,309,9884,DEBIT,SUCCESS
5014,241,17598,DEBIT,SUCCESS
5015,462,20805,DEBIT,SUCCESS
5016,221,5948,CREDIT,FAILED
5017,127,97891,DEBIT,FAILED
5018,412,1651,CREDIT,SUCCESS
5019,387,43999,CREDIT,SUCCESS
5020,465,58845,CREDIT,SUCCESS
5021,395,51587,DEBIT,FAILED
5022,300,26623,CREDIT,SUCCESS
5023,360,32801,CREDIT,FAILED
5024,321,10290,DEBIT,SUCCESS
5025,444,3381,CREDIT,FAILED
5026,481,78447,CREDIT,FAILED
5027,118,82155,CREDIT,FAILED
5028,100,28571,CREDIT,SUCCESS
5029,493,13133,CREDIT,FAILED
5030,483,51703,DEBIT,SUCCESS
5031,245,80062,DEBIT,SUCCESS
5032,133,24526,DEBIT,SUCCESS
5033,245,26172,CREDIT,FAILED
5034,492,33887,DEBIT,SUCCESS
5035,375,93560,DEBIT,FAILED
5036,318,69278,DEBIT,FAILED
5037,325,25668,DEBIT,FAILED
5038,147,37644,DEBIT,SUCCESS
5039,339,31420,CREDIT,SUCCESS
5040,365,72875,CREDIT,FAILED
5041,469,53693,DEBIT,SUCCESS
5042,239,77949,DEBIT,SUCCESS
5043,267,76395,CREDIT,SUCCESS
5044,458,31028,DEBIT,SUCCESS
5045,419,23983,DEBIT,SUCCESS
5046,308,79474,DEBIT,FAILED
5047,175,97537,DEBIT,FAILED
5048,398,45884,CREDIT,FAILED
5049,425,13361,DEBIT,SUCCESS
5050,328,67277,DEBIT,SUCCESS
5051,291,75295,DEBIT,SUCCESS
5052,363,95797,DEBIT,SUCCESS
5053,368,19386,CREDIT,FAILED
5054,182,83433,CREDIT,SUCCESS
5055,210,40726,DEBIT,SUCCESS
5056,110,38774,CREDIT,SUCCESS
5057,126,33027,DEBIT,FAILED
5058,226,11575,DEBIT,SUCCESS
5059,211,66181,DEBIT,FAILED
5060,435,70036,CREDIT,SUCCESS
5061,275,39374,DEBIT,SUCCESS
5062,375,18066,CREDIT,FAILED
5063,478,28961,DEBIT,SUCCESS
5064,176,80767,DEBIT,SUCCESS
5065,422,5220,CREDIT,SUCCESS
5066,255,85502,CREDIT,SUCCESS
5067,180,21814,DEBIT,SUCCESS
5068,393,67782,DEBIT,SUCCESS
5069,498,69815,DEBIT,FAILED
5070,150,76961,CREDIT,SUCCESS
5071,332,90804,CREDIT,FAILED
5072,484,14478,DEBIT,SUCCESS
5073,155,86636,CREDIT,SUCCESS
5074,479,75072,DEBIT,SUCCESS
5075,401,9214,DEBIT,FAILED
5076,415,57245,DEBIT,SUCCESS
5077,121,96440,DEBIT,SUCCESS
5078,299,90316,CREDIT,FAILED
5079,395,16164,DEBIT,SUCCESS
5080,469,29299,DEBIT,SUCCESS
5081,462,23805,DEBIT,FAILED
5082,156,89521,CREDIT,SUCCESS
5083,377,74499,CREDIT,SUCCESS
5084,450,33580,DEBIT,SUCCESS
5085,130,20972,CREDIT,SUCCESS
5086,436,78559,CREDIT,SUCCESS
5087,373,84578,CREDIT,SUCCESS
5088,179,53623,DEBIT,SUCCESS
5089,137,19814,CREDIT,FAILED
5090,157,98065,CREDIT,SUCCESS
5091,222,14470,CREDIT,SUCCESS
5092,440,78163,CREDIT,SUCCESS
5093,391,21170,CREDIT,FAILED
5094,362,69885,CREDIT,SUCCESS
5095,108,95398,DEBIT,SUCCESS
5096,117,72736,CREDIT,FAILED
5097,301,73138,DEBIT,SUCCESS
5098,119,33137,DEBIT,SUCCESS
5099,106,37483,DEBIT,FAILED
5100,103,61885,DEBIT,FAILED
5101,126,19236,CREDIT,SUCCESS
5102,270,49896,CREDIT,SUCCESS
5103,236,38269,CREDIT,FAILED
5104,326,23309,CREDIT,SUCCESS
5105,438,48135,DEBIT,FAILED
5106,112,87904,CREDIT,SUCCESS
5107,228,86483,CREDIT,FAILED
5108,442,9713,DEBIT,FAILED
5109,171,23022,CREDIT,SUCCESS
5110,383,54199,CREDIT,SUCCESS
5111,482,84134,DEBIT,FAILED
5112,368,77268,DEBIT,SUCCESS
5113,351,26165,DEBIT,FAILED
5114,341,22176,DEBIT,SUCCESS
5115,142,69087,DEBIT,SUCCESS
5116,324,96099,DEBIT,SUCCESS
5117,290,77638,CREDIT,SUCCESS
5118,143,61968,DEBIT,SUCCESS
5119,228,9607,CREDIT,SUCCESS
5120,364,32810,CREDIT,SUCCESS
5121,490,2199,DEBIT,SUCCESS
5122,157,30634,DEBIT,SUCCESS
5123,336,46719,CREDIT,SUCCESS
5124,435,17020,CREDIT,SUCCESS
5125,260,45002,CREDIT,SUCCESS
5126,422,74527,CREDIT,FAILED
5127,259,64039,CREDIT,SUCCESS
5128,223,47142,DEBIT,SUCCESS
5129,261,39364,DEBIT,SUCCESS
5130,365,5603,CREDIT,SUCCESS
5131,232,86790,CREDIT,SUCCESS
5132,265,52018,CREDIT,FAILED
5133,290,4613,CREDIT,FAILED
5134,429,57300,CREDIT,FAILED
5135,228,60292,DEBIT,FAILED
5136,183,76134,DEBIT,SUCCESS
5137,467,16159,DEBIT,SUCCESS
5138,137,7975,DEBIT,SUCCESS
5139,476,8403,DEBIT,SUCCESS
5140,360,68039,CREDIT,SUCCESS
5141,438,28089,DEBIT,FAILED
5142,163,77036,CREDIT,SUCCESS
5143,493,66698,DEBIT,SUCCESS
5144,276,61602,DEBIT,SUCCESS
5145,478,7093,DEBIT,SUCCESS
5146,219,90467,CREDIT,SUCCESS
5147,193,70786,DEBIT,SUCCESS
5148,129,69713,DEBIT,SUCCESS
5149,136,75615,CREDIT,SUCCESS
5150,348,73351,CREDIT,FAILED
5151,118,65783,DEBIT,SUCCESS
5152,107,12312,DEBIT,SUCCESS
5153,324,72388,DEBIT,SUCCESS
5154,233,85243,CREDIT,SUCCESS
5155,193,90825,DEBIT,FAILED
5156,155,89188,CREDIT,SUCCESS
5157,216,16376,DEBIT,SUCCESS
5158,215,79322,CREDIT,SUCCESS
5159,362,3059,DEBIT,SUCCESS
5160,500,90663,CREDIT,SUCCESS
5161,343,22172,CREDIT,FAILED
5162,468,62329,DEBIT,SUCCESS
5163,429,61377,DEBIT,SUCCESS
5164,222,19798,DEBIT,SUCCESS
5165,499,64476,DEBIT,FAILED
5166,459,15755,DEBIT,SUCCESS
5167,432,23387,DEBIT,FAILED
5168,450,43170,CREDIT,SUCCESS
5169,107,75537,CREDIT,SUCCESS
5170,457,61363,CREDIT,SUCCESS
5171,108,36096,DEBIT,SUCCESS
5172,215,18079,DEBIT,SUCCESS
5173,390,54276,CREDIT,SUCCESS
5174,440,3841,DEBIT,SUCCESS
5175,387,36479,DEBIT,SUCCESS
5176,413,46900,DEBIT,SUCCESS
5177,108,47241,DEBIT,SUCCESS
5178,496,22366,CREDIT,SUCCESS
5179,377,39073,CREDIT,SUCCESS
5180,452,65724,DEBIT,SUCCESS
5181,463,54744,CREDIT,SUCCESS
5182,366,84333,DEBIT,SUCCESS
5183,110,12706,DEBIT,FAILED
5184,323,90483,DEBIT,SUCCESS
5185,347,62878,CREDIT,SUCCESS
5186,257,78092,DEBIT,FAILED
5187,175,18895,DEBIT,SUCCESS
5188,278,8144,CREDIT,SUCCESS
5189,220,23340,CREDIT,SUCCESS
5190,143,20288,DEBIT,SUCCESS
5191,392,40807,CREDIT,SUCCESS
5192,313,3511,CREDIT,FAILED
5193,448,76802,DEBIT,FAILED
5194,145,92566,DEBIT,SUCCESS
5195,414,47904,DEBIT,FAILED
5196,109,50586,CREDIT,SUCCESS
5197,305,29714,DEBIT,SUCCESS
5198,453,77437,DEBIT,SUCCESS
5199,249,82458,DEBIT,SUCCESS
5200,314,15633,DEBIT,FAILED
5201,481,38761,CREDIT,SUCCESS
5202,122,71414,DEBIT,SUCCESS
5203,329,45631,DEBIT,SUCCESS
5204,221,63086,DEBIT,SUCCESS
5205,197,16453,DEBIT,FAILED
5206,301,3720,DEBIT,FAILED
5207,480,26010,DEBIT,SUCCESS
5208,254,90014,CREDIT,SUCCESS
5209,375,47459,DEBIT,SUCCESS
5210,480,72212,CREDIT,SUCCESS
5211,386,39276,DEBIT,SUCCESS
5212,139,2643,CREDIT,SUCCESS
5213,250,90322,CREDIT,SUCCESS
5214,361,31272,DEBIT,SUCCESS
5215,419,65694,CREDIT,SUCCESS
5216,291,50282,DEBIT,FAILED
5217,452,42891,CREDIT,SUCCESS
5218,270,34574,CREDIT,SUCCESS
5219,127,27339,CREDIT,FAILED
5220,426,47085,CREDIT,SUCCESS
5221,296,25842,CREDIT,SUCCESS
5222,127,14997,DEBIT,FAILED
5223,318,17616,DEBIT,SUCCESS
5224,325,38770,DEBIT,SUCCESS
5225,206,78792,CREDIT,SUCCESS
5226,447,97901,CREDIT,SUCCESS
5227,237,19793,CREDIT,FAILED
5228,177,83009,CREDIT,SUCCESS
5229,286,99841,CREDIT,SUCCESS
5230,200,64784,DEBIT,FAILED
5231,327,78222,CREDIT,SUCCESS
5232,477,48837,DEBIT,SUCCESS
5233,356,16519,CREDIT,SUCCESS
5234,104,18971,DEBIT,FAILED
5235,456,81567,DEBIT,SUCCESS
5236,263,11000,CREDIT,SUCCESS
5237,260,73615,CREDIT,SUCCESS
5238,125,60071,DEBIT,SUCCESS
5239,141,23187,CREDIT,SUCCESS
5240,191,91972,DEBIT,SUCCESS
5241,136,75552,CREDIT,SUCCESS
5242,446,93675,CREDIT,SUCCESS
5243,245,48779,CREDIT,FAILED
5244,228,2811,DEBIT,SUCCESS
5245,451,19668,CREDIT,SUCCESS
5246,171,88954,DEBIT,SUCCESS
5247,242,27095,DEBIT,SUCCESS
5248,367,22448,CREDIT,SUCCESS
5249,276,71205,DEBIT,SUCCESS
5250,294,1276,CREDIT,SUCCESS
5251,333,36876,CREDIT,SUCCESS
5252,380,2194,DEBIT,SUCCESS
5253,156,52069,CREDIT,FAILED
5254,171,92619,CREDIT,FAILED
5255,135,36148,CREDIT,SUCCESS
5256,440,26024,DEBIT,SUCCESS
5257,392,4464,DEBIT,SUCCESS
5258,397,58184,CREDIT,FAILED
5259,477,31760,CREDIT,FAILED
5260,302,66667,CREDIT,SUCCESS
5261,395,53850,CREDIT,SUCCESS
5262,198,15093,CREDIT,SUCCESS
5263,134,26127,CREDIT,SUCCESS
5264,367,59383,CREDIT,SUCCESS
5265,121,42176,DEBIT,SUCCESS
5266,418,2730,CREDIT,SUCCESS
5267,315,60208,DEBIT,SUCCESS
5268,302,96441,DEBIT,FAILED
5269,144,11922,DEBIT,SUCCESS
5270,118,88529,CREDIT,SUCCESS
5271,486,71468,CREDIT,SUCCESS
5272,254,5904,CREDIT,SUCCESS
5273,496,99619,DEBIT,SUCCESS
5274,306,91909,CREDIT,SUCCESS
5275,356,22209,CREDIT,SUCCESS
5276,220,90389,DEBIT,SUCCESS
5277,144,28467,CREDIT,FAILED
5278,133,79243,DEBIT,FAILED
5279,373,24467,CREDIT,SUCCESS
5280,251,76280,CREDIT,SUCCESS
5281,114,6311,CREDIT,SUCCESS
5282,421,55329,CREDIT,SUCCESS
5283,311,56822,DEBIT,SUCCESS
5284,331,7962,DEBIT,SUCCESS
5285,223,94622,CREDIT,SUCCESS
5286,283,77328,CREDIT,FAILED
5287,405,60130,CREDIT,SUCCESS
5288,229,42183,DEBIT,FAILED
5289,242,3401,DEBIT,SUCCESS
5290,383,38319,CREDIT,SUCCESS
5291,182,33602,CREDIT,SUCCESS
5292,422,53998,DEBIT,SUCCESS
5293,327,65307,CREDIT,FAILED
5294,394,12366,DEBIT,SUCCESS
5295,122,11781,CREDIT,SUCCESS
5296,415,2779,CREDIT,FAILED
5297,193,20032,CREDIT,SUCCESS
5298,359,51309,CREDIT,SUCCESS
5299,479,94315,CREDIT,SUCCESS
5300,135,42422,DEBIT,SUCCESS
5301,102,16254,DEBIT,SUCCESS
5302,476,36350,CREDIT,FAILED
5303,358,58947,CREDIT,FAILED
5304,240,27315,CREDIT,SUCCESS
5305,182,81598,DEBIT,SUCCESS
5306,171,47404,DEBIT,SUCCESS
5307,464,52662,CREDIT,SUCCESS
5308,345,20265,CREDIT,SUCCESS
5309,500,14303,CREDIT,SUCCESS
5310,122,5120,CREDIT,FAILED
5311,192,72078,CREDIT,SUCCESS
5312,179,72778,DEBIT,SUCCESS
5313,304,55652,CREDIT,SUCCESS
5314,214,79844,DEBIT,SUCCESS
5315,349,99862,DEBIT,FAILED
5316,369,1500,DEBIT,SUCCESS
5317,149,70439,DEBIT,SUCCESS
5318,363,45628,DEBIT,SUCCESS
5319,210,92227,CREDIT,SUCCESS
5320,231,43204,CREDIT,SUCCESS
5321,471,91876,DEBIT,SUCCESS
5322,464,32073,DEBIT,FAILED
5323,191,26708,DEBIT,SUCCESS
5324,486,42239,DEBIT,SUCCESS
5325,464,28162,CREDIT,SUCCESS
5326,130,2817,DEBIT,FAILED
5327,295,77748,CREDIT,SUCCESS
5328,101,63112,CREDIT,FAILED
5329,212,99752,DEBIT,SUCCESS
5330,258,62913,CREDIT,SUCCESS
5331,239,91510,DEBIT,SUCCESS
5332,158,43727,DEBIT,FAILED
5333,452,37012,DEBIT,SUCCESS
5334,218,3312,CREDIT,FAILED
5335,122,33818,CREDIT,SUCCESS
5336,291,22450,DEBIT,SUCCESS
5337,319,37340,DEBIT,SUCCESS
5338,261,74955,DEBIT,SUCCESS
5339,309,37977,DEBIT,SUCCESS
5340,457,7692,DEBIT,SUCCESS
5341,117,15881,DEBIT,SUCCESS
5342,240,13640,DEBIT,SUCCESS
5343,111,16997,DEBIT,SUCCESS
5344,435,20832,DEBIT,SUCCESS
5345,477,11024,DEBIT,FAILED
5346,381,40023,DEBIT,SUCCESS
5347,415,11533,DEBIT,FAILED
5348,364,34403,CREDIT,SUCCESS
5349,251,79773,CREDIT,SUCCESS
5350,308,54146,CREDIT,SUCCESS
5351,224,80962,DEBIT,FAILED
5352,243,60590,DEBIT,FAILED
5353,286,68298,DEBIT,SUCCESS
5354,163,24417,DEBIT,FAILED
5355,171,88031,DEBIT,SUCCESS
5356,445,12986,CREDIT,SUCCESS
5357,114,15797,DEBIT,SUCCESS
5358,262,43123,CREDIT,SUCCESS
5359,202,74792,CREDIT,SUCCESS
5360,128,1633,CREDIT,SUCCESS
5361,323,74034,CREDIT,FAILED
5362,236,42732,DEBIT,SUCCESS
5363,480,87486,CREDIT,FAILED
5364,194,96054,DEBIT,FAILED
5365,137,69523,DEBIT,FAILED
5366,195,79292,CREDIT,SUCCESS
5367,282,42418,CREDIT,FAILED
5368,463,82433,CREDIT,SUCCESS
5369,194,21850,DEBIT,SUCCESS
5370,195,66501,DEBIT,SUCCESS
5371,460,68487,CREDIT,SUCCESS
5372,181,88824,CREDIT,FAILED
5373,181,77941,DEBIT,SUCCESS
5374,346,4635,CREDIT,SUCCESS
5375,477,35313,DEBIT,SUCCESS
5376,136,20659,CREDIT,SUCCESS
5377,408,47006,DEBIT,SUCCESS
5378,490,62041,CREDIT,SUCCESS
5379,197,27504,CREDIT,FAILED
5380,134,95664,DEBIT,SUCCESS
5381,439,61805,CREDIT,SUCCESS
5382,189,83396,DEBIT,SUCCESS
5383,131,64175,CREDIT,SUCCESS
5384,489,75568,DEBIT,SUCCESS
5385,229,20502,DEBIT,SUCCESS
5386,431,7709,CREDIT,SUCCESS
5387,108,40220,DEBIT,SUCCESS
5388,139,18543,DEBIT,SUCCESS
5389,304,4309,DEBIT,SUCCESS
5390,283,84234,CREDIT,SUCCESS
5391,393,78421,CREDIT,FAILED
5392,136,84887,CREDIT,SUCCESS
5393,405,79898,CREDIT,SUCCESS
5394,215,19576,CREDIT,SUCCESS
5395,382,31190,DEBIT,SUCCESS
5396,171,92115,CREDIT,SUCCESS
5397,385,91690,DEBIT,FAILED
5398,424,36036,CREDIT,FAILED
5399,338,97101,CREDIT,SUCCESS
5400,368,27382,DEBIT,SUCCESS
5401,101,27433,CREDIT,FAILED
5402,241,64149,CREDIT,SUCCESS
5403,397,57620,DEBIT,FAILED
5404,162,92314,CREDIT,SUCCESS
5405,474,46363,DEBIT,SUCCESS
5406,459,42626,CREDIT,SUCCESS
5407,405,75551,CREDIT,SUCCESS
5408,284,48112,CREDIT,SUCCESS
5409,368,72395,DEBIT,FAILED
5410,121,51568,DEBIT,SUCCESS
5411,426,19246,DEBIT,SUCCESS
5412,154,85670,DEBIT,SUCCESS
5413,382,50011,CREDIT,SUCCESS
5414,350,88072,DEBIT,SUCCESS
5415,251,91786,DEBIT,FAILED
5416,422,65476,DEBIT,FAILED
5417,268,58043,DEBIT,SUCCESS
5418,435,69788,CREDIT,FAILED
5419,384,18709,CREDIT,SUCCESS
5420,266,30396,CREDIT,FAILED
5421,211,57402,DEBIT,SUCCESS
5422,357,73863,CREDIT,SUCCESS
5423,338,85338,CREDIT,FAILED
5424,208,79389,CREDIT,FAILED
5425,421,37968,DEBIT,SUCCESS
5426,246,25142,DEBIT,SUCCESS
5427,238,48028,CREDIT,SUCCESS
5428,453,43855,CREDIT,FAILED
5429,361,26988,DEBIT,SUCCESS
5430,360,30922,DEBIT,SUCCESS
5431,321,21288,CREDIT,SUCCESS
5432,107,26812,CREDIT,SUCCESS
5433,449,14251,CREDIT,SUCCESS
5434,252,17014,CREDIT,FAILED
5435,208,58411,CREDIT,SUCCESS
5436,208,66301,CREDIT,FAILED
5437,281,80987,DEBIT,FAILED
5438,209,23455,CREDIT,SUCCESS
5439,317,94932,CREDIT,SUCCESS
5440,469,55851,DEBIT,SUCCESS
5441,415,8476,CREDIT,SUCCESS
5442,319,33813,DEBIT,SUCCESS
5443,178,99272,DEBIT,SUCCESS
5444,169,76376,CREDIT,SUCCESS
5445,395,88175,CREDIT,SUCCESS
5446,280,62359,CREDIT,SUCCESS
5447,401,63096,DEBIT,SUCCESS
5448,348,70706,CREDIT,SUCCESS
5449,196,46854,DEBIT,SUCCESS
5450,243,12588,DEBIT,FAILED
5451,467,66670,CREDIT,SUCCESS
5452,499,18326,CREDIT,SUCCESS
5453,270,10367,CREDIT,SUCCESS
5454,487,8094,DEBIT,SUCCESS
5455,390,57697,CREDIT,SUCCESS
5456,254,28809,CREDIT,SUCCESS
5457,217,76266,CREDIT,SUCCESS
5458,180,4079,DEBIT,SUCCESS
5459,313,13420,CREDIT,SUCCESS
5460,296,90793,DEBIT,SUCCESS
5461,404,59906,DEBIT,SUCCESS
5462,398,64800,DEBIT,SUCCESS
5463,237,52933,DEBIT,SUCCESS
5464,177,33945,DEBIT,SUCCESS
5465,198,9523,CREDIT,SUCCESS
5466,383,62464,DEBIT,SUCCESS
5467,365,33474,CREDIT,SUCCESS
5468,431,7630,CREDIT,SUCCESS
5469,134,69011,CREDIT,SUCCESS
5470,213,1668,DEBIT,FAILED
5471,437,27652,DEBIT,SUCCESS
5472,405,36135,DEBIT,SUCCESS
5473,160,1472,CREDIT,SUCCESS
5474,211,55725,DEBIT,SUCCESS
5475,467,80826,CREDIT,SUCCESS
5476,424,91700,CREDIT,SUCCESS
5477,237,83907,CREDIT,SUCCESS
5478,132,28631,DEBIT,SUCCESS
5479,477,79006,DEBIT,FAILED
5480,296,60824,DEBIT,FAILED
5481,102,81127,DEBIT,SUCCESS
5482,154,40119,CREDIT,SUCCESS
5483,219,15651,CREDIT,FAILED
5484,150,18662,DEBIT,SUCCESS
5485,446,87679,DEBIT,SUCCESS
5486,392,20194,CREDIT,SUCCESS
5487,162,91401,DEBIT,SUCCESS
5488,250,92034,CREDIT,SUCCESS
5489,107,55556,DEBIT,SUCCESS
5490,350,46326,DEBIT,SUCCESS
5491,348,34633,CREDIT,FAILED
5492,327,33589,DEBIT,FAILED
5493,339,4172,DEBIT,SUCCESS
5494,122,72584,CREDIT,FAILED
5495,337,41996,CREDIT,SUCCESS
5496,455,64973,DEBIT,SUCCESS
5497,131,97060,CREDIT,SUCCESS
5498,347,44973,DEBIT,SUCCESS
5499,410,51781,DEBIT,SUCCESS
5500,117,52745,CREDIT,FAILED
5501,333,95595,CREDIT,SUCCESS
5502,470,41642,CREDIT,SUCCESS
5503,379,73595,CREDIT,SUCCESS
5504,150,16325,DEBIT,SUCCESS
5505,343,17736,CREDIT,SUCCESS
5506,210,1232,DEBIT,SUCCESS
5507,164,41737,CREDIT,SUCCESS
5508,256,20695,DEBIT,SUCCESS
5509,437,27402,CREDIT,SUCCESS
5510,366,47715,DEBIT,SUCCESS
5511,303,8632,CREDIT,SUCCESS
5512,236,93145,CREDIT,FAILED
5513,158,24862,CREDIT,SUCCESS
5514,375,5011,CREDIT,SUCCESS
5515,445,59997,DEBIT,FAILED
5516,242,35589,DEBIT,SUCCESS
5517,192,89475,DEBIT,FAILED
5518,418,27134,DEBIT,FAILED
5519,303,97216,CREDIT,SUCCESS
5520,369,79613,DEBIT,FAILED
5521,396,36171,DEBIT,SUCCESS
5522,315,37193,DEBIT,FAILED
5523,233,98122,CREDIT,SUCCESS
5524,272,47819,DEBIT,SUCCESS
5525,271,80845,DEBIT,SUCCESS
5526,307,72718,DEBIT,FAILED
5527,438,14751,DEBIT,SUCCESS
5528,293,1630,DEBIT,SUCCESS
5529,321,37231,CREDIT,SUCCESS
5530,395,81585,CREDIT,FAILED
5531,473,38330,DEBIT,SUCCESS
5532,166,24663,DEBIT,SUCCESS
5533,418,96941,CREDIT,SUCCESS
5534,236,90541,DEBIT,SUCCESS
5535,123,48587,CREDIT,SUCCESS
5536,406,64669,CREDIT,SUCCESS
5537,257,87483,CREDIT,FAILED
5538,471,93425,DEBIT,SUCCESS
5539,344,29729,DEBIT,SUCCESS
5540,212,26385,DEBIT,SUCCESS
5541,409,22603,CREDIT,FAILED
5542,131,83900,DEBIT,SUCCESS
5543,195,7087,CREDIT,SUCCESS
5544,176,35984,DEBIT,SUCCESS
5545,290,2313,DEBIT,SUCCESS
5546,293,62593,DEBIT,SUCCESS
5547,147,42073,CREDIT,SUCCESS
5548,247,5634,DEBIT,SUCCESS
5549,180,75326,CREDIT,SUCCESS
5550,283,87813,DEBIT,SUCCESS
5551,459,44662,CREDIT,SUCCESS
5552,274,72141,CREDIT,SUCCESS
5553,437,95642,CREDIT,SUCCESS
5554,145,99939,CREDIT,SUCCESS
5555,398,42152,DEBIT,SUCCESS
5556,232,69490,CREDIT,FAILED
5557,234,86537,CREDIT,FAILED
5558,121,72892,DEBIT,FAILED
5559,214,53374,CREDIT,SUCCESS
5560,496,75647,CREDIT,SUCCESS
5561,384,37530,DEBIT,SUCCESS
5562,169,27959,CREDIT,SUCCESS
5563,489,44059,DEBIT,SUCCESS
5564,204,73450,CREDIT,SUCCESS
5565,464,95535,CREDIT,FAILED
5566,326,86408,CREDIT,SUCCESS
5567,139,14212,CREDIT,SUCCESS
5568,198,3926,CREDIT,SUCCESS
5569,498,43747,DEBIT,SUCCESS
5570,324,33644,DEBIT,FAILED
5571,235,46175,DEBIT,SUCCESS
5572,199,75996,CREDIT,FAILED
5573,182,13687,DEBIT,SUCCESS
5574,499,76763,CREDIT,FAILED
5575,388,73343,DEBIT,FAILED
5576,500,82917,DEBIT,FAILED
5577,320,63156,CREDIT,FAILED
5578,424,81133,CREDIT,SUCCESS
5579,343,23798,CREDIT,FAILED
5580,129,81181,DEBIT,SUCCESS
5581,266,8012,DEBIT,SUCCESS
5582,112,81554,CREDIT,SUCCESS
5583,338,73290,DEBIT,SUCCESS
5584,396,98290,CREDIT,SUCCESS
5585,331,43989,DEBIT,SUCCESS
5586,309,7911,CREDIT,FAILED
5587,381,41486,DEBIT,FAILED
5588,143,49164,DEBIT,SUCCESS
5589,158,33106,DEBIT,SUCCESS
5590,401,88279,CREDIT,FAILED
5591,296,18744,CREDIT,SUCCESS
5592,464,97145,DEBIT,SUCCESS
5593,472,16388,CREDIT,FAILED
5594,364,42745,DEBIT,SUCCESS
5595,100,91940,DEBIT,SUCCESS
5596,451,10941,CREDIT,SUCCESS
5597,398,17472,CREDIT,FAILED
5598,164,44245,CREDIT,FAILED
5599,206,96146,CREDIT,SUCCESS
5600,165,69608,DEBIT,SUCCESS
5601,468,19561,CREDIT,FAILED
5602,434,83066,CREDIT,FAILED
5603,116,95620,DEBIT,SUCCESS
5604,141,37020,DEBIT,FAILED
5605,109,20299,CREDIT,SUCCESS
5606,145,33751,DEBIT,SUCCESS
5607,182,3395,DEBIT,SUCCESS
5608,225,84389,DEBIT,SUCCESS
5609,239,84031,DEBIT,SUCCESS
5610,298,76089,DEBIT,SUCCESS
5611,399,53889,CREDIT,FAILED
5612,122,67971,DEBIT,SUCCESS
5613,445,48835,DEBIT,FAILED
5614,389,1396,DEBIT,SUCCESS
5615,121,75456,DEBIT,SUCCESS
5616,422,47475,DEBIT,SUCCESS
5617,216,57160,CREDIT,SUCCESS
5618,488,28628,CREDIT,SUCCESS
5619,119,16002,CREDIT,SUCCESS
5620,424,68731,CREDIT,SUCCESS
5621,148,82939,CREDIT,FAILED
5622,232,61980,DEBIT,SUCCESS
5623,479,38857,DEBIT,FAILED
5624,402,60801,DEBIT,FAILED
5625,320,19117,CREDIT,SUCCESS
5626,174,19874,CREDIT,SUCCESS
5627,329,52279,CREDIT,SUCCESS
5628,299,1265,DEBIT,SUCCESS
5629,306,3504,DEBIT,FAILED
5630,216,4404,CREDIT,SUCCESS
5631,286,69889,DEBIT,SUCCESS
5632,443,64535,DEBIT,SUCCESS
5633,220,70262,CREDIT,SUCCESS
5634,498,96070,DEBIT,SUCCESS
5635,472,39247,DEBIT,SUCCESS
5636,212,72412,DEBIT,SUCCESS
5637,372,6912,CREDIT,SUCCESS
5638,382,97058,CREDIT,FAILED
5639,485,22643,CREDIT,FAILED
5640,466,88581,DEBIT,SUCCESS
5641,257,11608,DEBIT,SUCCESS
5642,111,1458,DEBIT,SUCCESS
5643,292,4474,DEBIT,SUCCESS
5644,480,64769,DEBIT,SUCCESS
5645,346,40222,DEBIT,SUCCESS
5646,489,79329,CREDIT,FAILED
5647,388,74262,DEBIT,FAILED
5648,458,99625,CREDIT,FAILED
5649,329,78795,DEBIT,SUCCESS
5650,419,67616,DEBIT,SUCCESS
5651,416,73512,CREDIT,FAILED
5652,167,41285,DEBIT,SUCCESS
5653,220,94879,DEBIT,SUCCESS
5654,490,18553,DEBIT,SUCCESS
5655,167,76789,DEBIT,SUCCESS
5656,118,47837,DEBIT,FAILED
5657,154,99066,DEBIT,FAILED
5658,190,74787,CREDIT,SUCCESS
5659,180,4123,CREDIT,SUCCESS
5660,240,86358,CREDIT,SUCCESS
5661,199,46390,DEBIT,SUCCESS
5662,330,79400,CREDIT,SUCCESS
5663,487,31543,CREDIT,SUCCESS
5664,225,27153,DEBIT,SUCCESS
5665,411,78060,CREDIT,SUCCESS
5666,126,72199,DEBIT,SUCCESS
5667,307,13969,DEBIT,FAILED
5668,324,49261,CREDIT,FAILED
5669,406,36504,CREDIT,FAILED
5670,151,53377,DEBIT,SUCCESS
5671,267,42708,CREDIT,FAILED
5672,449,62640,DEBIT,SUCCESS
5673,167,90779,DEBIT,FAILED
5674,244,1192,CREDIT,SUCCESS
5675,198,73071,CREDIT,SUCCESS
5676,344,10963,DEBIT,SUCCESS
5677,381,41971,CREDIT,FAILED
5678,439,80874,CREDIT,SUCCESS
5679,304,22964,CREDIT,FAILED
5680,387,74463,DEBIT,SUCCESS
5681,117,96569,CREDIT,FAILED
5682,260,26524,CREDIT,SUCCESS
5683,355,96257,CREDIT,SUCCESS
5684,251,71740,DEBIT,SUCCESS
5685,453,32797,CREDIT,SUCCESS
5686,450,90166,CREDIT,SUCCESS
5687,152,83679,DEBIT,FAILED
5688,389,81830,CREDIT,SUCCESS
5689,323,10349,CREDIT,SUCCESS
5690,141,86296,CREDIT,SUCCESS
5691,119,1838,DEBIT,FAILED
5692,157,31394,CREDIT,FAILED
5693,305,9686,DEBIT,FAILED
5694,450,43175,CREDIT,FAILED
5695,290,20375,CREDIT,SUCCESS
5696,370,27904,CREDIT,FAILED
5697,194,31233,CREDIT,SUCCESS
5698,405,68817,DEBIT,FAILED
5699,435,23928,CREDIT,FAILED
5700,135,36045,CREDIT,SUCCESS
5701,265,48793,DEBIT,SUCCESS
5702,233,81566,CREDIT,SUCCESS
5703,480,14790,CREDIT,SUCCESS
5704,475,69644,DEBIT,FAILED
5705,404,74257,CREDIT,FAILED
5706,367,20279,CREDIT,SUCCESS
5707,381,9993,CREDIT,FAILED
5708,279,10807,CREDIT,SUCCESS
5709,395,5923,DEBIT,SUCCESS
5710,205,43985,DEBIT,FAILED
5711,390,74395,CREDIT,SUCCESS
5712,179,15052,DEBIT,FAILED
5713,346,35176,DEBIT,SUCCESS
5714,469,26144,CREDIT,SUCCESS
5715,495,35309,DEBIT,SUCCESS
5716,156,51696,DEBIT,SUCCESS
5717,490,69506,CREDIT,SUCCESS
5718,427,98707,DEBIT,FAILED
5719,144,12823,DEBIT,SUCCESS
5720,187,74745,DEBIT,FAILED
5721,111,90367,DEBIT,FAILED
5722,170,57288,DEBIT,SUCCESS
5723,379,30282,CREDIT,FAILED
5724,204,28128,DEBIT,SUCCESS
5725,217,54086,DEBIT,SUCCESS
5726,241,23628,DEBIT,SUCCESS
5727,341,32547,DEBIT,FAILED
5728,462,85635,CREDIT,FAILED
5729,473,87037,CREDIT,SUCCESS
5730,251,26623,DEBIT,SUCCESS
5731,332,69606,CREDIT,FAILED
5732,298,39276,CREDIT,FAILED
5733,473,74722,CREDIT,SUCCESS
5734,150,76112,CREDIT,SUCCESS
5735,321,99817,CREDIT,SUCCESS
5736,169,71233,CREDIT,SUCCESS
5737,452,10848,DEBIT,FAILED
5738,249,87990,CREDIT,SUCCESS
5739,225,11692,DEBIT,SUCCESS
5740,477,84202,DEBIT,FAILED
5741,315,72984,DEBIT,SUCCESS
5742,298,20559,DEBIT,SUCCESS
5743,469,87700,DEBIT,FAILED
5744,125,14448,DEBIT,SUCCESS
5745,297,99037,DEBIT,SUCCESS
5746,131,54300,CREDIT,FAILED
5747,246,22903,CREDIT,SUCCESS
5748,180,2765,CREDIT,SUCCESS
5749,252,19640,CREDIT,SUCCESS
5750,190,49156,CREDIT,SUCCESS
5751,411,59686,CREDIT,SUCCESS
5752,264,13600,DEBIT,SUCCESS
5753,497,67683,DEBIT,SUCCESS
5754,205,15125,CREDIT,SUCCESS
5755,146,96156,DEBIT,SUCCESS
5756,114,1021,CREDIT,SUCCESS
5757,164,3641,CREDIT,SUCCESS
5758,423,56253,CREDIT,SUCCESS
5759,163,40148,CREDIT,SUCCESS
5760,116,79514,DEBIT,FAILED
5761,330,46897,DEBIT,SUCCESS
5762,128,94599,DEBIT,SUCCESS
5763,351,51757,CREDIT,SUCCESS
5764,252,30256,DEBIT,SUCCESS
5765,295,61765,CREDIT,FAILED
5766,310,66107,DEBIT,FAILED
5767,178,14980,CREDIT,SUCCESS
5768,210,32769,CREDIT,SUCCESS
5769,402,83666,CREDIT,FAILED
5770,499,65031,CREDIT,SUCCESS
5771,318,71162,CREDIT,FAILED
5772,206,24371,DEBIT,SUCCESS
5773,151,30358,CREDIT,SUCCESS
5774,333,15974,CREDIT,FAILED
5775,403,71149,CREDIT,FAILED
5776,320,66428,CREDIT,SUCCESS
5777,470,18710,CREDIT,SUCCESS
5778,298,53165,DEBIT,SUCCESS
5779,183,57748,DEBIT,SUCCESS
5780,174,83124,CREDIT,SUCCESS
5781,227,56091,DEBIT,SUCCESS
5782,170,97929,DEBIT,SUCCESS
5783,304,35711,DEBIT,SUCCESS
5784,467,38769,DEBIT,SUCCESS
5785,214,5832,CREDIT,SUCCESS
5786,157,68641,DEBIT,FAILED
5787,372,54061,CREDIT,SUCCESS
5788,172,34089,CREDIT,SUCCESS
5789,176,48561,DEBIT,SUCCESS
5790,347,78213,CREDIT,SUCCESS
5791,482,9988,CREDIT,SUCCESS
5792,140,14432,DEBIT,SUCCESS
5793,268,5580,DEBIT,SUCCESS
5794,350,36913,CREDIT,SUCCESS
5795,173,8763,DEBIT,SUCCESS
5796,368,41326,DEBIT,SUCCESS
5797,285,63104,CREDIT,SUCCESS
5798,173,26481,CREDIT,SUCCESS
5799,149,68614,DEBIT,SUCCESS
5800,198,11179,DEBIT,SUCCESS
5801,173,17730,CREDIT,SUCCESS
5802,130,94505,CREDIT,SUCCESS
5803,175,14950,CREDIT,SUCCESS
5804,370,19289,CREDIT,SUCCESS
5805,364,11933,DEBIT,SUCCESS
5806,247,9456,CREDIT,SUCCESS
5807,107,19400,CREDIT,FAILED
5808,348,71529,DEBIT,SUCCESS
5809,486,83695,DEBIT,SUCCESS
5810,115,86627,CREDIT,SUCCESS
5811,193,59548,DEBIT,SUCCESS
5812,405,27370,CREDIT,SUCCESS
5813,357,26276,DEBIT,SUCCESS
5814,266,82246,DEBIT,SUCCESS
5815,286,55572,DEBIT,SUCCESS
5816,463,86544,DEBIT,SUCCESS
5817,364,28980,DEBIT,SUCCESS
5818,164,56160,DEBIT,FAILED
5819,340,28108,CREDIT,SUCCESS
5820,264,43072,CREDIT,SUCCESS
5821,372,73497,CREDIT,SUCCESS
5822,153,62986,CREDIT,SUCCESS
5823,340,95709,DEBIT,SUCCESS
5824,269,24223,CREDIT,FAILED
5825,352,38052,DEBIT,SUCCESS
5826,274,66320,CREDIT,SUCCESS
5827,395,26589,DEBIT,SUCCESS
5828,223,54585,DEBIT,SUCCESS
5829,127,30437,DEBIT,FAILED
5830,251,70773,DEBIT,SUCCESS
5831,245,38025,CREDIT,SUCCESS
5832,484,14818,CREDIT,SUCCESS
5833,215,98163,CREDIT,SUCCESS
5834,305,19401,CREDIT,SUCCESS
5835,487,79430,DEBIT,SUCCESS
5836,380,66122,DEBIT,SUCCESS
5837,367,56936,DEBIT,SUCCESS
5838,351,43178,CREDIT,SUCCESS
5839,405,39758,CREDIT,FAILED
5840,356,16402,CREDIT,SUCCESS
5841,422,2346,DEBIT,SUCCESS
5842,412,88368,CREDIT,SUCCESS
5843,302,55760,DEBIT,SUCCESS
5844,249,9755,CREDIT,SUCCESS
5845,271,94390,DEBIT,SUCCESS
5846,238,98810,CREDIT,SUCCESS
5847,159,42506,DEBIT,SUCCESS
5848,344,42217,CREDIT,FAILED
5849,491,51886,DEBIT,SUCCESS
5850,420,67868,DEBIT,SUCCESS
5851,428,90536,CREDIT,FAILED
5852,441,37790,CREDIT,SUCCESS
5853,340,80962,CREDIT,SUCCESS
5854,182,1199,DEBIT,SUCCESS
5855,225,21696,CREDIT,SUCCESS
5856,499,63428,CREDIT,SUCCESS
5857,204,32695,CREDIT,SUCCESS
5858,305,43296,CREDIT,SUCCESS
5859,271,4436,DEBIT,SUCCESS
5860,413,59823,DEBIT,FAILED
5861,301,93784,DEBIT,SUCCESS
5862,308,43375,CREDIT,FAILED
5863,413,84212,CREDIT,SUCCESS
5864,450,62519,CREDIT,SUCCESS
5865,119,99147,DEBIT,SUCCESS
5866,185,15566,CREDIT,SUCCESS
5867,153,62556,DEBIT,SUCCESS
5868,192,43745,DEBIT,SUCCESS
5869,422,72470,DEBIT,FAILED
5870,377,50370,DEBIT,SUCCESS
5871,445,70667,CREDIT,FAILED
5872,300,80649,CREDIT,SUCCESS
5873,305,7433,CREDIT,SUCCESS
5874,380,66055,DEBIT,FAILED
5875,104,36055,DEBIT,SUCCESS
5876,329,15583,DEBIT,SUCCESS
5877,496,68211,DEBIT,FAILED
5878,135,84948,DEBIT,SUCCESS
5879,288,59001,DEBIT,SUCCESS
5880,280,99755,CREDIT,SUCCESS
5881,431,87721,CREDIT,FAILED
5882,342,77989,CREDIT,SUCCESS
5883,139,98686,CREDIT,SUCCESS
5884,125,79210,CREDIT,SUCCESS
5885,284,98374,DEBIT,SUCCESS
5886,253,84025,CREDIT,SUCCESS
5887,458,97011,DEBIT,SUCCESS
5888,408,61878,DEBIT,SUCCESS
5889,292,72072,CREDIT,SUCCESS
5890,444,46687,CREDIT,SUCCESS
5891,101,84083,DEBIT,SUCCESS
5892,167,24837,DEBIT,SUCCESS
5893,282,65644,CREDIT,FAILED
5894,478,78204,DEBIT,FAILED
5895,388,96676,DEBIT,SUCCESS
5896,262,94315,CREDIT,SUCCESS
5897,285,69635,DEBIT,SUCCESS
5898,133,78770,CREDIT,SUCCESS
5899,137,9130,DEBIT,FAILED
5900,253,20825,CREDIT,FAILED
5901,142,5731,CREDIT,FAILED
5902,112,45347,CREDIT,SUCCESS
5903,233,9727,DEBIT,SUCCESS
5904,454,83145,DEBIT,FAILED
5905,293,66468,DEBIT,SUCCESS
5906,363,7102,CREDIT,SUCCESS
5907,359,30131,CREDIT,SUCCESS
5908,284,2587,CREDIT,SUCCESS
5909,274,59872,DEBIT,SUCCESS
5910,239,70057,DEBIT,SUCCESS
5911,452,44455,CREDIT,SUCCESS
5912,385,72743,DEBIT,SUCCESS
5913,471,98928,DEBIT,SUCCESS
5914,101,70951,CREDIT,SUCCESS
5915,332,22981,DEBIT,SUCCESS
5916,404,67531,CREDIT,SUCCESS
5917,266,80998,DEBIT,FAILED
5918,243,53258,DEBIT,SUCCESS
5919,124,56660,DEBIT,SUCCESS
5920,312,94597,CREDIT,SUCCESS
5921,144,23012,CREDIT,SUCCESS
5922,347,6946,DEBIT,SUCCESS
5923,391,19298,DEBIT,SUCCESS
5924,194,24870,CREDIT,SUCCESS
5925,154,61467,CREDIT,SUCCESS
5926,348,54357,DEBIT,SUCCESS
5927,217,47305,DEBIT,SUCCESS
5928,307,92276,CREDIT,SUCCESS
5929,342,27757,CREDIT,FAILED
5930,465,48494,CREDIT,SUCCESS
5931,473,60073,DEBIT,FAILED
5932,384,91822,CREDIT,SUCCESS
5933,474,87097,CREDIT,SUCCESS
5934,301,37969,DEBIT,SUCCESS
5935,222,10344,DEBIT,SUCCESS
5936,257,95003,DEBIT,SUCCESS
5937,190,82830,CREDIT,SUCCESS
5938,481,61133,DEBIT,SUCCESS
5939,238,49021,DEBIT,SUCCESS
5940,145,66032,DEBIT,SUCCESS
5941,430,82241,DEBIT,SUCCESS
5942,168,61669,CREDIT,FAILED
5943,251,81841,CREDIT,SUCCESS
5944,378,68771,DEBIT,SUCCESS
5945,251,52615,DEBIT,SUCCESS
5946,481,62059,CREDIT,FAILED
5947,484,76182,DEBIT,FAILED
5948,129,23066,CREDIT,SUCCESS
5949,211,15274,CREDIT,SUCCESS
5950,355,49449,CREDIT,SUCCESS
5951,422,42891,CREDIT,SUCCESS
5952,497,36292,DEBIT,SUCCESS
5953,440,11538,DEBIT,SUCCESS
5954,431,61662,DEBIT,SUCCESS
5955,240,12365,CREDIT,SUCCESS
5956,431,3850,DEBIT,SUCCESS
5957,184,6592,DEBIT,SUCCESS
5958,380,55098,DEBIT,SUCCESS
5959,261,75544,DEBIT,SUCCESS
5960,231,71688,DEBIT,FAILED
5961,180,72624,CREDIT,SUCCESS
5962,193,31049,DEBIT,SUCCESS
5963,345,90342,DEBIT,SUCCESS
5964,362,20972,DEBIT,SUCCESS
5965,138,47068,CREDIT,SUCCESS
5966,493,3185,CREDIT,SUCCESS
5967,202,71830,DEBIT,FAILED
5968,169,59176,DEBIT,SUCCESS
5969,364,50536,DEBIT,SUCCESS
5970,336,82522,DEBIT,SUCCESS
5971,318,27311,CREDIT,SUCCESS
5972,481,52207,CREDIT,SUCCESS
5973,342,23667,DEBIT,SUCCESS
5974,204,95143,DEBIT,FAILED
5975,480,20869,CREDIT,SUCCESS
5976,347,5430,DEBIT,SUCCESS
5977,372,21961,CREDIT,SUCCESS
5978,497,58720,DEBIT,FAILED
5979,350,29039,DEBIT,SUCCESS
5980,255,23757,DEBIT,SUCCESS
5981,186,61778,DEBIT,SUCCESS
5982,195,35559,CREDIT,SUCCESS
5983,491,64501,DEBIT,FAILED
5984,101,2930,DEBIT,SUCCESS
5985,490,32616,DEBIT,FAILED
5986,307,83164,CREDIT,SUCCESS
5987,481,60955,CREDIT,SUCCESS
5988,196,15827,DEBIT,SUCCESS
5989,354,69671,CREDIT,SUCCESS
5990,259,56497,DEBIT,SUCCESS
5991,423,49812,CREDIT,SUCCESS
5992,173,56921,DEBIT,SUCCESS
5993,447,77045,DEBIT,SUCCESS
5994,185,14838,CREDIT,SUCCESS
5995,380,23706,DEBIT,FAILED
5996,411,5054,CREDIT,FAILED
5997,248,11331,DEBIT,FAILED
5998,290,60591,CREDIT,SUCCESS
5999,490,29099,CREDIT,SUCCESS
6000,384,87034,CREDIT,SUCCESS
6001,340,99188,CREDIT,FAILED
6002,380,92175,DEBIT,FAILED
6003,397,47220,DEBIT,SUCCESS
6004,407,66120,CREDIT,FAILED
6005,429,88442,DEBIT,SUCCESS
6006,259,53507,DEBIT,SUCCESS
6007,413,4648,CREDIT,SUCCESS
6008,323,65638,DEBIT,FAILED
6009,323,90621,CREDIT,SUCCESS
6010,206,5134,DEBIT,SUCCESS
6011,453,17147,DEBIT,SUCCESS
6012,211,93924,DEBIT,SUCCESS
6013,309,24438,DEBIT,SUCCESS
6014,238,81354,CREDIT,SUCCESS
6015,436,30817,CREDIT,FAILED
6016,324,34480,CREDIT,SUCCESS
6017,329,21754,CREDIT,SUCCESS
6018,372,30251,CREDIT,SUCCESS
6019,188,49497,CREDIT,SUCCESS
6020,348,52533,DEBIT,SUCCESS
6021,459,33566,DEBIT,SUCCESS
6022,314,17339,CREDIT,SUCCESS
6023,356,15649,DEBIT,SUCCESS
6024,189,89677,CREDIT,SUCCESS
6025,404,19062,DEBIT,SUCCESS
6026,214,32475,CREDIT,SUCCESS
6027,307,61659,DEBIT,SUCCESS
6028,433,80786,DEBIT,SUCCESS
6029,178,21222,DEBIT,SUCCESS
6030,282,67208,CREDIT,SUCCESS
6031,468,81145,DEBIT,SUCCESS
6032,253,29087,CREDIT,SUCCESS
6033,174,68574,CREDIT,FAILED
6034,186,58234,CREDIT,SUCCESS
6035,209,78158,DEBIT,SUCCESS
6036,451,72141,CREDIT,FAILED
6037,344,57798,DEBIT,SUCCESS
6038,289,77167,CREDIT,FAILED
6039,137,68632,CREDIT,SUCCESS
6040,383,58589,CREDIT,SUCCESS
6041,101,72401,DEBIT,SUCCESS
6042,301,7083,CREDIT,SUCCESS
6043,214,79565,CREDIT,SUCCESS
6044,127,41539,CREDIT,FAILED
6045,143,77679,DEBIT,FAILED
6046,294,51025,DEBIT,SUCCESS
6047,436,34630,CREDIT,FAILED
6048,352,31170,DEBIT,SUCCESS
6049,315,93271,CREDIT,SUCCESS
6050,253,44728,CREDIT,SUCCESS
6051,377,5544,DEBIT,SUCCESS
6052,479,91595,DEBIT,SUCCESS
6053,286,79680,CREDIT,SUCCESS
6054,456,14731,DEBIT,SUCCESS
6055,251,42840,CREDIT,SUCCESS
6056,480,34577,DEBIT,SUCCESS
6057,333,73592,CREDIT,SUCCESS
6058,128,55812,DEBIT,FAILED
6059,317,97676,DEBIT,SUCCESS
6060,176,51145,CREDIT,SUCCESS
6061,348,85249,DEBIT,SUCCESS
6062,207,20270,CREDIT,FAILED
6063,147,46822,DEBIT,FAILED
6064,114,69903,CREDIT,SUCCESS
6065,340,47925,CREDIT,SUCCESS
6066,256,2448,DEBIT,SUCCESS
6067,193,37434,DEBIT,SUCCESS
6068,348,68927,CREDIT,SUCCESS
6069,435,65098,CREDIT,SUCCESS
6070,265,93149,CREDIT,SUCCESS
6071,490,82363,DEBIT,FAILED
6072,415,88388,CREDIT,SUCCESS
6073,161,40100,DEBIT,SUCCESS
6074,175,26447,CREDIT,SUCCESS
6075,108,48544,CREDIT,FAILED
6076,312,97821,CREDIT,SUCCESS
6077,224,40499,CREDIT,SUCCESS
6078,137,89078,CREDIT,SUCCESS
6079,455,31005,DEBIT,SUCCESS
6080,305,35231,DEBIT,FAILED
6081,122,3408,CREDIT,SUCCESS
6082,175,90532,CREDIT,SUCCESS
6083,486,49068,DEBIT,FAILED
6084,336,60204,DEBIT,SUCCESS
6085,296,51039,DEBIT,SUCCESS
6086,211,80929,CREDIT,SUCCESS
6087,271,16846,DEBIT,FAILED
6088,144,94784,CREDIT,SUCCESS
6089,422,50471,CREDIT,FAILED
6090,461,98111,CREDIT,FAILED
6091,329,36785,CREDIT,FAILED
6092,174,57410,DEBIT,SUCCESS
6093,328,36042,CREDIT,SUCCESS
6094,439,56686,DEBIT,SUCCESS
6095,264,77883,CREDIT,FAILED
6096,411,54438,DEBIT,FAILED
6097,150,69818,CREDIT,SUCCESS
6098,148,28628,DEBIT,SUCCESS
6099,303,3819,DEBIT,SUCCESS
6100,151,29764,DEBIT,FAILED
6101,292,26942,CREDIT,SUCCESS
6102,152,60399,CREDIT,SUCCESS
6103,224,43618,DEBIT,FAILED
6104,204,22154,CREDIT,SUCCESS
6105,337,2972,CREDIT,FAILED
6106,125,97443,CREDIT,SUCCESS
6107,400,68844,CREDIT,FAILED
6108,478,62695,CREDIT,SUCCESS
6109,355,74641,CREDIT,SUCCESS
6110,439,55289,DEBIT,FAILED
6111,205,43349,DEBIT,FAILED
6112,476,96779,CREDIT,FAILED
6113,261,85051,DEBIT,FAILED
6114,162,61048,DEBIT,SUCCESS
6115,434,29432,CREDIT,SUCCESS
6116,470,86346,DEBIT,SUCCESS
6117,477,93556,CREDIT,SUCCESS
6118,453,75445,CREDIT,SUCCESS
6119,391,51324,CREDIT,SUCCESS
6120,473,30920,DEBIT,FAILED
6121,495,92316,CREDIT,SUCCESS
6122,195,53545,DEBIT,FAILED
6123,237,98516,CREDIT,SUCCESS
6124,121,92926,CREDIT,SUCCESS
6125,492,85255,CREDIT,FAILED
6126,391,49314,CREDIT,FAILED
6127,228,49056,CREDIT,SUCCESS
6128,216,47412,DEBIT,SUCCESS
6129,374,36966,CREDIT,SUCCESS
6130,343,8858,CREDIT,SUCCESS
6131,139,71908,DEBIT,SUCCESS
6132,382,6003,CREDIT,SUCCESS
6133,288,76578,CREDIT,SUCCESS
6134,288,89784,CREDIT,SUCCESS
6135,436,23073,CREDIT,SUCCESS
6136,178,23397,DEBIT,SUCCESS
6137,290,70942,CREDIT,SUCCESS
6138,269,5503,DEBIT,FAILED
6139,316,28353,CREDIT,SUCCESS
6140,114,1154,DEBIT,SUCCESS
6141,326,16149,CREDIT,FAILED
6142,151,79304,CREDIT,SUCCESS
6143,124,78763,DEBIT,SUCCESS
6144,379,22773,DEBIT,SUCCESS
6145,479,90830,DEBIT,FAILED
6146,217,64794,DEBIT,FAILED
6147,287,67147,DEBIT,FAILED
6148,439,32715,DEBIT,FAILED
6149,366,1256,CREDIT,SUCCESS
6150,434,47349,DEBIT,SUCCESS
6151,136,59062,DEBIT,FAILED
6152,372,86106,CREDIT,FAILED
6153,155,19362,CREDIT,SUCCESS
6154,252,70176,DEBIT,SUCCESS
6155,128,29192,DEBIT,SUCCESS
6156,289,99062,DEBIT,FAILED
6157,362,36919,DEBIT,FAILED
6158,299,51289,CREDIT,SUCCESS
6159,402,27070,DEBIT,SUCCESS
6160,459,51471,CREDIT,FAILED
6161,153,13633,CREDIT,SUCCESS
6162,131,68442,CREDIT,FAILED
6163,348,1991,CREDIT,SUCCESS
6164,282,30563,DEBIT,SUCCESS
6165,105,25468,DEBIT,SUCCESS
6166,188,71386,DEBIT,SUCCESS
6167,322,53645,CREDIT,FAILED
6168,220,32693,DEBIT,SUCCESS
6169,458,28982,CREDIT,SUCCESS
6170,415,30329,CREDIT,SUCCESS
6171,143,33414,CREDIT,SUCCESS
6172,221,39680,CREDIT,FAILED
6173,261,28514,CREDIT,SUCCESS
6174,146,83583,DEBIT,SUCCESS
6175,466,44916,CREDIT,SUCCESS
6176,341,17260,DEBIT,SUCCESS
6177,261,82730,CREDIT,SUCCESS
6178,180,1176,CREDIT,SUCCESS
6179,270,46397,DEBIT,SUCCESS
6180,339,57815,CREDIT,FAILED
6181,209,86736,CREDIT,SUCCESS
6182,174,64936,DEBIT,FAILED
6183,104,56189,CREDIT,FAILED
6184,322,7958,CREDIT,SUCCESS
6185,450,98874,DEBIT,FAILED
6186,418,86190,DEBIT,SUCCESS
6187,438,51799,CREDIT,SUCCESS
6188,441,72018,DEBIT,FAILED
6189,494,56207,DEBIT,FAILED
6190,179,34483,CREDIT,SUCCESS
6191,317,31647,DEBIT,FAILED
6192,368,10294,DEBIT,SUCCESS
6193,182,40849,CREDIT,SUCCESS
6194,336,53593,DEBIT,SUCCESS
6195,449,51329,CREDIT,FAILED
6196,252,54152,DEBIT,SUCCESS
6197,271,42009,DEBIT,SUCCESS
6198,381,61806,CREDIT,FAILED
6199,479,14438,DEBIT,SUCCESS
6200,194,38803,CREDIT,FAILED
6201,231,90977,DEBIT,SUCCESS
6202,212,57846,CREDIT,FAILED
6203,225,58964,DEBIT,FAILED
6204,489,60405,CREDIT,SUCCESS
6205,303,60394,CREDIT,FAILED
6206,212,21240,CREDIT,SUCCESS
6207,340,21734,CREDIT,SUCCESS
6208,254,29347,CREDIT,SUCCESS
6209,489,49599,DEBIT,FAILED
6210,248,29645,CREDIT,SUCCESS
6211,281,80711,DEBIT,SUCCESS
6212,262,66335,CREDIT,FAILED
6213,459,73427,CREDIT,FAILED
6214,304,28617,CREDIT,FAILED
6215,389,24778,CREDIT,FAILED
6216,157,18457,CREDIT,SUCCESS
6217,181,70286,DEBIT,SUCCESS
6218,206,93837,DEBIT,SUCCESS
6219,238,98505,CREDIT,SUCCESS
6220,153,74946,DEBIT,SUCCESS
6221,158,23947,CREDIT,SUCCESS
6222,147,35641,DEBIT,SUCCESS
6223,299,81720,DEBIT,FAILED
6224,404,19914,CREDIT,SUCCESS
6225,115,60064,DEBIT,SUCCESS
6226,247,60368,CREDIT,SUCCESS
6227,153,26123,DEBIT,SUCCESS
6228,172,23935,DEBIT,FAILED
6229,212,47672,CREDIT,SUCCESS
6230,200,85236,CREDIT,SUCCESS
6231,171,8985,CREDIT,FAILED
6232,399,73860,CREDIT,SUCCESS
6233,434,37384,DEBIT,SUCCESS
6234,303,80084,CREDIT,FAILED
6235,346,41939,DEBIT,SUCCESS
6236,210,6287,CREDIT,SUCCESS
6237,430,59703,CREDIT,SUCCESS
6238,378,77931,CREDIT,SUCCESS
6239,251,76947,DEBIT,SUCCESS
6240,383,42679,CREDIT,FAILED
6241,421,30947,DEBIT,SUCCESS
6242,272,66554,CREDIT,FAILED
6243,128,51042,DEBIT,SUCCESS
6244,395,42052,DEBIT,SUCCESS
6245,220,59983,DEBIT,SUCCESS
6246,251,10326,CREDIT,SUCCESS
6247,428,61572,DEBIT,SUCCESS
6248,499,61421,DEBIT,SUCCESS
6249,261,57611,DEBIT,SUCCESS
6250,119,70535,CREDIT,SUCCESS
6251,466,93728,DEBIT,SUCCESS
6252,317,13737,CREDIT,SUCCESS
6253,361,67857,DEBIT,SUCCESS
6254,454,94178,DEBIT,SUCCESS
6255,367,79113,DEBIT,SUCCESS
6256,352,11648,DEBIT,SUCCESS
6257,415,98972,DEBIT,FAILED
6258,279,79158,DEBIT,SUCCESS
6259,500,59734,DEBIT,SUCCESS
6260,286,19519,CREDIT,FAILED
6261,400,17050,DEBIT,SUCCESS
6262,199,45694,CREDIT,SUCCESS
6263,323,58146,CREDIT,SUCCESS
6264,360,9622,DEBIT,FAILED
6265,264,48161,DEBIT,SUCCESS
6266,420,1292,DEBIT,FAILED
6267,437,5839,CREDIT,FAILED
6268,100,68907,DEBIT,FAILED
6269,446,81310,CREDIT,SUCCESS
6270,349,71098,DEBIT,SUCCESS
6271,384,55842,DEBIT,SUCCESS
6272,371,93102,DEBIT,FAILED
6273,328,19097,DEBIT,FAILED
6274,361,99395,CREDIT,SUCCESS
6275,236,15743,CREDIT,SUCCESS
6276,354,81701,CREDIT,SUCCESS
6277,227,70658,DEBIT,FAILED
6278,222,87509,CREDIT,SUCCESS
6279,383,43479,CREDIT,SUCCESS
6280,222,45340,DEBIT,SUCCESS
6281,340,41695,CREDIT,FAILED
6282,454,56588,CREDIT,SUCCESS
6283,332,63996,CREDIT,FAILED
6284,241,24789,CREDIT,SUCCESS
6285,486,60289,CREDIT,SUCCESS
6286,201,97829,CREDIT,SUCCESS
6287,106,92753,DEBIT,SUCCESS
6288,408,91560,CREDIT,FAILED
6289,229,59755,DEBIT,FAILED
6290,117,2143,CREDIT,FAILED
6291,435,93225,CREDIT,FAILED
6292,271,29432,DEBIT,SUCCESS
6293,471,38874,CREDIT,SUCCESS
6294,266,19181,CREDIT,SUCCESS
6295,225,24045,DEBIT,SUCCESS
6296,499,24917,DEBIT,SUCCESS
6297,288,46922,CREDIT,SUCCESS
6298,207,18697,DEBIT,SUCCESS
6299,245,51390,CREDIT,FAILED
6300,434,1111,DEBIT,SUCCESS
6301,397,19352,DEBIT,SUCCESS
6302,143,54554,CREDIT,SUCCESS
6303,192,80001,CREDIT,SUCCESS
6304,372,72006,CREDIT,FAILED
6305,102,14569,CREDIT,SUCCESS
6306,432,66713,DEBIT,SUCCESS
6307,254,66028,DEBIT,SUCCESS
6308,480,19066,DEBIT,SUCCESS
6309,155,78622,CREDIT,SUCCESS
6310,471,79043,DEBIT,SUCCESS
6311,386,56818,CREDIT,SUCCESS
6312,336,11235,CREDIT,SUCCESS
6313,483,66305,DEBIT,SUCCESS
6314,370,42284,DEBIT,SUCCESS
6315,400,55884,CREDIT,FAILED
6316,129,18178,CREDIT,SUCCESS
6317,138,40276,CREDIT,SUCCESS
6318,431,60352,DEBIT,SUCCESS
6319,293,14718,CREDIT,SUCCESS
6320,174,40946,DEBIT,SUCCESS
6321,486,53291,DEBIT,SUCCESS
6322,403,40449,CREDIT,FAILED
6323,345,60963,DEBIT,SUCCESS
6324,361,24935,CREDIT,SUCCESS
6325,292,92339,CREDIT,SUCCESS
6326,453,31415,DEBIT,SUCCESS
6327,204,19418,CREDIT,FAILED
6328,100,8406,DEBIT,SUCCESS
6329,348,40620,CREDIT,SUCCESS
6330,325,85387,DEBIT,SUCCESS
6331,110,94316,CREDIT,SUCCESS
6332,187,12718,CREDIT,SUCCESS
6333,272,9909,DEBIT,FAILED
6334,256,5082,DEBIT,SUCCESS
6335,247,90498,CREDIT,SUCCESS
6336,341,82775,DEBIT,SUCCESS
6337,121,89042,CREDIT,SUCCESS
6338,141,43894,DEBIT,FAILED
6339,200,99501,CREDIT,SUCCESS
6340,282,49906,CREDIT,SUCCESS
6341,149,59681,DEBIT,SUCCESS
6342,328,46920,CREDIT,SUCCESS
6343,191,57599,DEBIT,FAILED
6344,328,20979,DEBIT,SUCCESS
6345,115,7472,DEBIT,SUCCESS
6346,294,46236,DEBIT,SUCCESS
6347,232,7496,DEBIT,SUCCESS
6348,177,99798,DEBIT,SUCCESS
6349,202,10914,DEBIT,SUCCESS
6350,398,93817,DEBIT,FAILED
6351,214,74934,CREDIT,SUCCESS
6352,447,33004,DEBIT,SUCCESS
6353,275,92471,DEBIT,SUCCESS
6354,199,91561,CREDIT,SUCCESS
6355,235,97027,CREDIT,SUCCESS
6356,109,77698,CREDIT,FAILED
6357,294,88344,CREDIT,FAILED
6358,106,7352,CREDIT,SUCCESS
6359,169,89422,CREDIT,SUCCESS
6360,157,32174,DEBIT,FAILED
6361,118,7519,CREDIT,FAILED
6362,292,93442,CREDIT,SUCCESS
6363,229,79295,CREDIT,FAILED
6364,316,50573,CREDIT,SUCCESS
6365,377,67321,CREDIT,SUCCESS
6366,384,14397,DEBIT,SUCCESS
6367,198,11384,CREDIT,FAILED
6368,221,91275,CREDIT,SUCCESS
6369,473,79549,CREDIT,SUCCESS
6370,153,43086,CREDIT,FAILED
6371,131,74370,DEBIT,SUCCESS
6372,212,55725,DEBIT,SUCCESS
6373,251,67132,CREDIT,FAILED
6374,175,2246,CREDIT,SUCCESS
6375,146,8801,CREDIT,FAILED
6376,230,6944,DEBIT,FAILED
6377,124,39545,DEBIT,SUCCESS
6378,209,25871,CREDIT,SUCCESS
6379,350,88737,CREDIT,SUCCESS
6380,475,94883,CREDIT,FAILED
6381,310,1622,CREDIT,SUCCESS
6382,267,88049,DEBIT,SUCCESS
6383,497,91128,CREDIT,SUCCESS
6384,404,32089,CREDIT,FAILED
6385,467,94132,CREDIT,FAILED
6386,224,57459,CREDIT,SUCCESS
6387,450,5352,CREDIT,SUCCESS
6388,183,30125,DEBIT,SUCCESS
6389,420,96264,CREDIT,SUCCESS
6390,331,34685,CREDIT,SUCCESS
6391,198,75212,CREDIT,SUCCESS
6392,313,89607,DEBIT,FAILED
6393,183,63304,CREDIT,SUCCESS
6394,143,88157,CREDIT,FAILED
6395,469,78975,DEBIT,SUCCESS
6396,303,97084,CREDIT,SUCCESS
6397,400,97481,DEBIT,SUCCESS
6398,356,91723,DEBIT,FAILED
6399,324,28166,CREDIT,SUCCESS
6400,231,34038,CREDIT,SUCCESS
6401,114,45755,CREDIT,FAILED
6402,213,80385,CREDIT,SUCCESS
6403,240,19617,CREDIT,SUCCESS
6404,376,39226,DEBIT,SUCCESS
6405,382,73602,CREDIT,FAILED
6406,194,60466,DEBIT,SUCCESS
6407,258,19547,DEBIT,SUCCESS
6408,448,68851,DEBIT,SUCCESS
6409,284,28570,CREDIT,SUCCESS
6410,137,57091,DEBIT,SUCCESS
6411,479,49374,DEBIT,SUCCESS
6412,337,82001,CREDIT,FAILED
6413,132,44671,DEBIT,SUCCESS
6414,166,26283,DEBIT,SUCCESS
6415,346,78234,CREDIT,SUCCESS
6416,328,98848,CREDIT,SUCCESS
6417,412,7071,CREDIT,FAILED
6418,314,81873,CREDIT,FAILED
6419,121,57293,DEBIT,SUCCESS
6420,422,92969,DEBIT,SUCCESS
6421,202,67470,CREDIT,FAILED
6422,358,55969,CREDIT,SUCCESS
6423,203,28413,CREDIT,SUCCESS
6424,317,69542,DEBIT,SUCCESS
6425,210,45171,DEBIT,FAILED
6426,499,72728,DEBIT,SUCCESS
6427,439,26427,CREDIT,SUCCESS
6428,308,66007,CREDIT,SUCCESS
6429,283,65808,CREDIT,SUCCESS
6430,132,4120,CREDIT,SUCCESS
6431,281,80061,DEBIT,SUCCESS
6432,291,57111,DEBIT,SUCCESS
6433,366,94121,CREDIT,SUCCESS
6434,486,42508,DEBIT,FAILED
6435,392,92880,DEBIT,FAILED
6436,303,8633,DEBIT,SUCCESS
6437,393,55351,DEBIT,SUCCESS
6438,400,63972,CREDIT,SUCCESS
6439,470,80079,CREDIT,FAILED
6440,430,64231,DEBIT,SUCCESS
6441,404,31014,CREDIT,SUCCESS
6442,489,25211,CREDIT,FAILED
6443,102,23226,CREDIT,FAILED
6444,486,68869,DEBIT,SUCCESS
6445,368,48308,CREDIT,SUCCESS
6446,436,54375,DEBIT,FAILED
6447,420,87881,DEBIT,SUCCESS
6448,395,64769,CREDIT,SUCCESS
6449,381,62009,DEBIT,SUCCESS
6450,187,63557,CREDIT,FAILED
6451,362,94227,DEBIT,FAILED
6452,360,81032,CREDIT,SUCCESS
6453,334,46428,DEBIT,SUCCESS
6454,416,98530,DEBIT,SUCCESS
6455,327,97181,DEBIT,FAILED
6456,221,6315,CREDIT,SUCCESS
6457,315,16473,CREDIT,SUCCESS
6458,402,73524,DEBIT,FAILED
6459,121,17683,CREDIT,SUCCESS
6460,341,98802,CREDIT,FAILED
6461,216,40876,CREDIT,SUCCESS
6462,490,10904,CREDIT,SUCCESS
6463,489,63715,CREDIT,SUCCESS
6464,297,78490,DEBIT,SUCCESS
6465,290,51787,CREDIT,SUCCESS
6466,103,21795,CREDIT,SUCCESS
6467,104,16810,DEBIT,SUCCESS
6468,216,16212,CREDIT,FAILED
6469,433,14985,DEBIT,SUCCESS
6470,468,73856,DEBIT,SUCCESS
6471,212,42891,DEBIT,FAILED
6472,210,84884,DEBIT,SUCCESS
6473,442,92576,DEBIT,SUCCESS
6474,247,90043,DEBIT,SUCCESS
6475,312,68829,CREDIT,SUCCESS
6476,475,74795,DEBIT,SUCCESS
6477,344,79772,DEBIT,FAILED
6478,499,95006,CREDIT,SUCCESS
6479,267,6084,CREDIT,SUCCESS
6480,221,63214,DEBIT,SUCCESS
6481,289,4980,DEBIT,SUCCESS
6482,481,52924,CREDIT,FAILED
6483,315,18672,CREDIT,SUCCESS
6484,433,83460,CREDIT,SUCCESS
6485,289,44382,CREDIT,SUCCESS
6486,350,1032,CREDIT,SUCCESS
6487,100,58910,DEBIT,SUCCESS
6488,198,23757,CREDIT,FAILED
6489,179,85640,CREDIT,FAILED
6490,157,97077,DEBIT,FAILED
6491,225,74423,CREDIT,SUCCESS
6492,420,42605,CREDIT,FAILED
6493,479,64808,CREDIT,SUCCESS
6494,328,35352,CREDIT,SUCCESS
6495,438,30842,CREDIT,SUCCESS
6496,438,48483,CREDIT,SUCCESS
6497,278,1961,DEBIT,SUCCESS
6498,135,33254,DEBIT,FAILED
6499,221,91885,CREDIT,SUCCESS
6500,479,34956,CREDIT,SUCCESS
6501,422,34868,CREDIT,SUCCESS
6502,185,19014,DEBIT,SUCCESS
6503,385,51998,DEBIT,SUCCESS
6504,438,10405,DEBIT,FAILED
6505,199,71754,CREDIT,SUCCESS
6506,461,40773,CREDIT,SUCCESS
6507,418,60358,CREDIT,SUCCESS
6508,212,79866,DEBIT,SUCCESS
6509,425,20547,CREDIT,SUCCESS
6510,461,60222,DEBIT,SUCCESS
6511,304,18793,CREDIT,SUCCESS
6512,183,43407,DEBIT,SUCCESS
6513,102,48288,DEBIT,FAILED
6514,190,73083,CREDIT,SUCCESS
6515,393,98619,CREDIT,SUCCESS
6516,475,64591,DEBIT,FAILED
6517,248,26309,DEBIT,FAILED
6518,349,39875,DEBIT,SUCCESS
6519,340,90900,CREDIT,SUCCESS
6520,274,89334,CREDIT,SUCCESS
6521,385,76057,DEBIT,FAILED
6522,297,14838,DEBIT,SUCCESS
6523,135,9190,CREDIT,SUCCESS
6524,220,36648,CREDIT,SUCCESS
6525,209,79894,DEBIT,SUCCESS
6526,428,90957,CREDIT,SUCCESS
6527,201,60852,DEBIT,SUCCESS
6528,114,7948,DEBIT,SUCCESS
6529,336,84540,CREDIT,SUCCESS
6530,177,8208,DEBIT,SUCCESS
6531,192,58034,DEBIT,SUCCESS
6532,249,15810,CREDIT,SUCCESS
6533,103,34613,CREDIT,FAILED
6534,236,70553,CREDIT,SUCCESS
6535,431,37151,DEBIT,FAILED
6536,201,1620,DEBIT,SUCCESS
6537,242,67325,CREDIT,FAILED
6538,246,90806,CREDIT,SUCCESS
6539,167,12558,DEBIT,SUCCESS
6540,426,40514,DEBIT,FAILED
6541,174,6535,DEBIT,SUCCESS
6542,399,54103,CREDIT,SUCCESS
6543,173,29146,CREDIT,SUCCESS
6544,374,51084,DEBIT,FAILED
6545,128,42259,CREDIT,SUCCESS
6546,319,40896,DEBIT,SUCCESS
6547,356,99064,DEBIT,SUCCESS
6548,317,45498,CREDIT,SUCCESS
6549,441,48970,CREDIT,SUCCESS
6550,111,91177,CREDIT,SUCCESS
6551,310,41361,CREDIT,SUCCESS
6552,429,61439,DEBIT,SUCCESS
6553,472,33181,DEBIT,SUCCESS
6554,111,63546,DEBIT,SUCCESS
6555,322,7350,DEBIT,SUCCESS
6556,130,26105,DEBIT,SUCCESS
6557,383,91765,DEBIT,SUCCESS
6558,289,47566,DEBIT,SUCCESS
6559,447,36672,CREDIT,FAILED
6560,429,96931,DEBIT,FAILED
6561,165,37995,DEBIT,FAILED
6562,445,70337,CREDIT,SUCCESS
6563,254,61352,CREDIT,SUCCESS
6564,461,35596,DEBIT,SUCCESS
6565,424,34251,CREDIT,SUCCESS
6566,310,60214,CREDIT,FAILED
6567,196,75189,DEBIT,SUCCESS
6568,300,16992,CREDIT,SUCCESS
6569,420,23367,CREDIT,SUCCESS
6570,435,95807,CREDIT,FAILED
6571,144,99467,DEBIT,SUCCESS
6572,267,78905,CREDIT,SUCCESS
6573,354,87267,CREDIT,SUCCESS
6574,329,34774,DEBIT,FAILED
6575,262,63475,DEBIT,FAILED
6576,160,75622,CREDIT,SUCCESS
6577,222,39828,CREDIT,SUCCESS
6578,182,88427,CREDIT,SUCCESS
6579,155,58393,DEBIT,FAILED
6580,199,61079,CREDIT,SUCCESS
6581,318,58789,CREDIT,SUCCESS
6582,294,34246,CREDIT,SUCCESS
6583,499,58813,CREDIT,SUCCESS
6584,127,42428,CREDIT,FAILED
6585,121,6431,DEBIT,SUCCESS
6586,238,2657,DEBIT,FAILED
6587,286,12312,CREDIT,SUCCESS
6588,367,83117,CREDIT,SUCCESS
6589,340,13568,DEBIT,FAILED
6590,282,83678,CREDIT,FAILED
6591,408,2128,DEBIT,SUCCESS
6592,473,55353,DEBIT,FAILED
6593,117,87017,DEBIT,FAILED
6594,476,98301,CREDIT,SUCCESS
6595,397,34506,CREDIT,SUCCESS
6596,423,16289,DEBIT,SUCCESS
6597,176,36171,CREDIT,FAILED
6598,336,23450,CREDIT,SUCCESS
6599,428,91494,CREDIT,FAILED
6600,340,17393,DEBIT,SUCCESS
6601,289,39418,CREDIT,SUCCESS
6602,246,98003,DEBIT,SUCCESS
6603,140,27468,CREDIT,FAILED
6604,492,9785,DEBIT,SUCCESS
6605,487,49842,CREDIT,SUCCESS
6606,350,46109,CREDIT,FAILED
6607,375,83810,CREDIT,FAILED
6608,196,48052,CREDIT,SUCCESS
6609,234,88083,CREDIT,FAILED
6610,202,68811,DEBIT,SUCCESS
6611,362,55217,CREDIT,SUCCESS
6612,304,21174,CREDIT,FAILED
6613,139,8297,CREDIT,FAILED
6614,309,29959,CREDIT,SUCCESS
6615,323,88189,CREDIT,SUCCESS
6616,128,66333,CREDIT,SUCCESS
6617,459,75391,CREDIT,SUCCESS
6618,260,66295,DEBIT,FAILED
6619,268,73741,CREDIT,SUCCESS
6620,482,79189,CREDIT,SUCCESS
6621,432,63351,CREDIT,FAILED
6622,319,8097,CREDIT,SUCCESS
6623,205,46686,CREDIT,SUCCESS
6624,356,60889,CREDIT,SUCCESS
6625,448,19487,CREDIT,SUCCESS
6626,398,86586,CREDIT,SUCCESS
6627,157,83112,CREDIT,SUCCESS
6628,358,86725,DEBIT,SUCCESS
6629,143,64049,DEBIT,SUCCESS
6630,308,2338,CREDIT,SUCCESS
6631,144,41411,CREDIT,SUCCESS
6632,414,80345,DEBIT,SUCCESS
6633,109,87507,CREDIT,SUCCESS
6634,494,9704,DEBIT,SUCCESS
6635,102,89229,DEBIT,FAILED
6636,409,54312,DEBIT,SUCCESS
6637,382,45211,CREDIT,SUCCESS
6638,399,30353,CREDIT,SUCCESS
6639,214,58357,CREDIT,SUCCESS
6640,111,62752,CREDIT,SUCCESS
6641,321,69648,DEBIT,SUCCESS
6642,477,65927,DEBIT,SUCCESS
6643,430,74322,CREDIT,FAILED
6644,185,3360,CREDIT,SUCCESS
6645,186,99780,DEBIT,SUCCESS
6646,191,8556,DEBIT,SUCCESS
6647,500,85008,CREDIT,SUCCESS
6648,482,96113,CREDIT,SUCCESS
6649,244,36358,CREDIT,FAILED
6650,212,16982,CREDIT,SUCCESS
6651,252,33602,CREDIT,FAILED
6652,361,59274,DEBIT,FAILED
6653,177,94317,CREDIT,SUCCESS
6654,291,16465,DEBIT,FAILED
6655,321,24947,DEBIT,SUCCESS
6656,490,30273,CREDIT,SUCCESS
6657,134,20577,DEBIT,SUCCESS
6658,317,18631,CREDIT,SUCCESS
6659,397,50492,DEBIT,SUCCESS
6660,357,2704,CREDIT,SUCCESS
6661,494,79001,CREDIT,SUCCESS
6662,206,1393,DEBIT,SUCCESS
6663,178,85717,CREDIT,SUCCESS
6664,269,21497,DEBIT,SUCCESS
6665,152,5302,DEBIT,FAILED
6666,297,31708,CREDIT,SUCCESS
6667,399,53249,CREDIT,SUCCESS
6668,400,58100,DEBIT,SUCCESS
6669,102,53127,CREDIT,SUCCESS
6670,479,77927,DEBIT,SUCCESS
6671,339,23852,CREDIT,SUCCESS
6672,188,87012,DEBIT,FAILED
6673,387,92891,CREDIT,SUCCESS
6674,210,34778,DEBIT,SUCCESS
6675,274,80894,DEBIT,SUCCESS
6676,470,8341,CREDIT,SUCCESS
6677,139,20530,DEBIT,SUCCESS
6678,391,69814,DEBIT,SUCCESS
6679,374,65749,DEBIT,SUCCESS
6680,294,48896,CREDIT,SUCCESS
6681,192,33197,DEBIT,SUCCESS
6682,259,59564,CREDIT,SUCCESS
6683,373,94578,DEBIT,FAILED
6684,319,26856,CREDIT,SUCCESS
6685,459,51964,CREDIT,SUCCESS
6686,465,89443,DEBIT,SUCCESS
6687,142,97663,CREDIT,FAILED
6688,267,80063,CREDIT,SUCCESS
6689,337,43658,CREDIT,FAILED
6690,491,92221,CREDIT,SUCCESS
6691,380,61680,DEBIT,SUCCESS
6692,494,50546,DEBIT,SUCCESS
6693,478,84712,CREDIT,SUCCESS
6694,188,87445,CREDIT,SUCCESS
6695,178,3909,DEBIT,SUCCESS
6696,299,63765,CREDIT,SUCCESS
6697,336,82177,CREDIT,SUCCESS
6698,490,41690,CREDIT,FAILED
6699,265,23179,DEBIT,SUCCESS
6700,483,43631,DEBIT,SUCCESS
6701,492,21652,CREDIT,SUCCESS
6702,324,8831,DEBIT,SUCCESS
6703,175,1033,DEBIT,SUCCESS
6704,215,72074,DEBIT,SUCCESS
6705,182,10812,CREDIT,FAILED
6706,259,24733,DEBIT,SUCCESS
6707,192,64419,CREDIT,SUCCESS
6708,240,79062,CREDIT,SUCCESS
6709,144,93703,CREDIT,FAILED
6710,324,80288,DEBIT,SUCCESS
6711,131,41736,CREDIT,FAILED
6712,301,80104,CREDIT,SUCCESS
6713,207,29511,DEBIT,SUCCESS
6714,416,71641,DEBIT,SUCCESS
6715,370,88686,DEBIT,SUCCESS
6716,189,96035,CREDIT,SUCCESS
6717,411,22277,CREDIT,SUCCESS
6718,159,98523,DEBIT,SUCCESS
6719,483,36826,CREDIT,SUCCESS
6720,375,15970,DEBIT,SUCCESS
6721,482,38953,CREDIT,SUCCESS
6722,107,54882,CREDIT,FAILED
6723,366,32358,CREDIT,SUCCESS
6724,366,30457,CREDIT,FAILED
6725,270,55959,CREDIT,SUCCESS
6726,103,79082,CREDIT,SUCCESS
6727,259,4176,CREDIT,SUCCESS
6728,427,43172,CREDIT,SUCCESS
6729,145,48207,DEBIT,FAILED
6730,178,85942,CREDIT,SUCCESS
6731,339,97392,DEBIT,SUCCESS
6732,247,78431,DEBIT,SUCCESS
6733,138,88576,CREDIT,SUCCESS
6734,223,94466,DEBIT,SUCCESS
6735,311,73613,CREDIT,FAILED
6736,201,17948,DEBIT,FAILED
6737,325,88590,CREDIT,SUCCESS
6738,288,68459,CREDIT,SUCCESS
6739,245,1909,CREDIT,SUCCESS
6740,246,95346,CREDIT,FAILED
6741,487,31385,CREDIT,SUCCESS
6742,303,3917,CREDIT,SUCCESS
6743,343,22051,DEBIT,SUCCESS
6744,235,53345,DEBIT,FAILED
6745,410,86294,DEBIT,SUCCESS
6746,279,69951,CREDIT,SUCCESS
6747,498,19859,DEBIT,SUCCESS
6748,465,79831,DEBIT,SUCCESS
6749,230,68913,DEBIT,SUCCESS
6750,193,46890,DEBIT,SUCCESS
6751,463,56168,CREDIT,SUCCESS
6752,258,37475,DEBIT,SUCCESS
6753,379,65339,CREDIT,FAILED
6754,443,68513,DEBIT,SUCCESS
6755,406,59376,DEBIT,SUCCESS
6756,110,14797,DEBIT,SUCCESS
6757,202,51947,DEBIT,SUCCESS
6758,145,98977,DEBIT,SUCCESS
6759,219,39056,CREDIT,FAILED
6760,382,46886,CREDIT,FAILED
6761,184,9553,DEBIT,SUCCESS
6762,227,61471,DEBIT,SUCCESS
6763,387,66136,DEBIT,SUCCESS
6764,233,4010,CREDIT,SUCCESS
6765,150,15229,DEBIT,FAILED
6766,310,94888,CREDIT,FAILED
6767,109,10473,CREDIT,SUCCESS
6768,348,36821,DEBIT,SUCCESS
6769,212,21910,CREDIT,FAILED
6770,470,47511,DEBIT,SUCCESS
6771,164,58629,CREDIT,SUCCESS
6772,397,43244,DEBIT,SUCCESS
6773,141,63988,DEBIT,SUCCESS
6774,298,26220,CREDIT,SUCCESS
6775,442,66851,CREDIT,SUCCESS
6776,185,3976,DEBIT,SUCCESS
6777,337,92393,DEBIT,SUCCESS
6778,166,43497,CREDIT,FAILED
6779,453,75090,CREDIT,FAILED
6780,128,26897,DEBIT,SUCCESS
6781,403,43748,DEBIT,SUCCESS
6782,458,35344,DEBIT,SUCCESS
6783,385,63682,CREDIT,FAILED
6784,256,91354,CREDIT,SUCCESS
6785,196,19166,CREDIT,SUCCESS
6786,444,91443,CREDIT,SUCCESS
6787,435,99043,CREDIT,SUCCESS
6788,335,37056,CREDIT,SUCCESS
6789,313,33362,CREDIT,SUCCESS
6790,344,44575,CREDIT,FAILED
6791,248,92859,CREDIT,FAILED
6792,398,14191,CREDIT,FAILED
6793,162,36484,DEBIT,SUCCESS
6794,276,35415,DEBIT,SUCCESS
6795,132,81232,CREDIT,FAILED
6796,363,14953,CREDIT,SUCCESS
6797,139,42696,DEBIT,SUCCESS
6798,498,25237,CREDIT,SUCCESS
6799,380,4987,DEBIT,SUCCESS
6800,479,65927,DEBIT,SUCCESS
6801,220,94112,CREDIT,SUCCESS
6802,347,99679,DEBIT,SUCCESS
6803,464,99674,DEBIT,SUCCESS
6804,261,93958,CREDIT,SUCCESS
6805,307,19299,DEBIT,FAILED
6806,406,41629,CREDIT,SUCCESS
6807,347,54428,DEBIT,SUCCESS
6808,367,60896,DEBIT,SUCCESS
6809,272,75751,CREDIT,SUCCESS
6810,205,88187,CREDIT,SUCCESS
6811,344,99052,CREDIT,SUCCESS
6812,488,75078,CREDIT,SUCCESS
6813,238,13307,DEBIT,FAILED
6814,326,21612,DEBIT,SUCCESS
6815,142,78053,DEBIT,SUCCESS
6816,246,18290,DEBIT,SUCCESS
6817,408,62133,DEBIT,SUCCESS
6818,436,11637,DEBIT,SUCCESS
6819,104,3049,CREDIT,SUCCESS
6820,446,57029,DEBIT,FAILED
6821,349,34668,CREDIT,SUCCESS
6822,360,57500,DEBIT,SUCCESS
6823,238,81847,DEBIT,SUCCESS
6824,465,94186,DEBIT,SUCCESS
6825,334,38777,CREDIT,SUCCESS
6826,384,80549,CREDIT,SUCCESS
6827,168,96044,DEBIT,SUCCESS
6828,443,25163,DEBIT,SUCCESS
6829,171,41656,CREDIT,SUCCESS
6830,322,55856,CREDIT,SUCCESS
6831,254,75714,CREDIT,SUCCESS
6832,120,33496,DEBIT,SUCCESS
6833,173,60620,CREDIT,SUCCESS
6834,210,4150,CREDIT,SUCCESS
6835,317,67192,DEBIT,SUCCESS
6836,460,7770,DEBIT,SUCCESS
6837,154,96694,CREDIT,FAILED
6838,300,49523,DEBIT,SUCCESS
6839,416,39902,DEBIT,SUCCESS
6840,314,13056,DEBIT,SUCCESS
6841,306,49298,DEBIT,SUCCESS
6842,423,50542,CREDIT,SUCCESS
6843,262,68956,DEBIT,SUCCESS
6844,413,45804,DEBIT,SUCCESS
6845,431,59576,DEBIT,SUCCESS
6846,336,48626,CREDIT,SUCCESS
6847,421,60222,DEBIT,SUCCESS
6848,132,28197,CREDIT,SUCCESS
6849,256,62587,CREDIT,SUCCESS
6850,171,71026,CREDIT,SUCCESS
6851,142,33474,CREDIT,SUCCESS
6852,359,45610,CREDIT,SUCCESS
6853,195,28398,CREDIT,FAILED
6854,363,69173,CREDIT,FAILED
6855,175,56296,CREDIT,FAILED
6856,259,75569,DEBIT,SUCCESS
6857,323,65415,CREDIT,SUCCESS
6858,262,61407,CREDIT,FAILED
6859,443,66724,DEBIT,SUCCESS
6860,443,57501,CREDIT,SUCCESS
6861,280,24102,CREDIT,FAILED
6862,358,85762,DEBIT,SUCCESS
6863,370,18359,DEBIT,SUCCESS
6864,213,69222,DEBIT,SUCCESS
6865,249,28777,DEBIT,FAILED
6866,122,6801,DEBIT,SUCCESS
6867,309,31421,DEBIT,SUCCESS
6868,135,76406,DEBIT,SUCCESS
6869,287,90602,CREDIT,SUCCESS
6870,139,12915,DEBIT,SUCCESS
6871,287,31488,CREDIT,SUCCESS
6872,124,14277,CREDIT,SUCCESS
6873,466,29484,CREDIT,SUCCESS
6874,175,30880,CREDIT,FAILED
6875,116,94496,DEBIT,SUCCESS
6876,478,33595,CREDIT,FAILED
6877,161,27702,CREDIT,FAILED
6878,322,97913,DEBIT,SUCCESS
6879,271,4731,DEBIT,SUCCESS
6880,217,98883,DEBIT,FAILED
6881,285,71909,DEBIT,SUCCESS
6882,214,63491,DEBIT,FAILED
6883,294,30086,DEBIT,SUCCESS
6884,121,87682,DEBIT,SUCCESS
6885,341,16724,CREDIT,SUCCESS
6886,170,43749,DEBIT,FAILED
6887,464,9479,CREDIT,SUCCESS
6888,148,93784,DEBIT,SUCCESS
6889,482,8442,DEBIT,SUCCESS
6890,397,14243,CREDIT,SUCCESS
6891,222,48582,DEBIT,SUCCESS
6892,205,32221,DEBIT,SUCCESS
6893,258,76109,CREDIT,SUCCESS
6894,461,94937,DEBIT,SUCCESS
6895,470,41665,CREDIT,SUCCESS
6896,461,88197,CREDIT,SUCCESS
6897,374,71477,CREDIT,SUCCESS
6898,231,38801,DEBIT,SUCCESS
6899,159,15241,DEBIT,SUCCESS
6900,499,77401,CREDIT,FAILED
6901,369,61929,CREDIT,SUCCESS
6902,323,26857,DEBIT,SUCCESS
6903,184,63234,CREDIT,FAILED
6904,479,52147,DEBIT,SUCCESS
6905,130,49687,DEBIT,SUCCESS
6906,421,53526,CREDIT,SUCCESS
6907,285,60028,CREDIT,SUCCESS
6908,365,61051,DEBIT,SUCCESS
6909,277,56194,CREDIT,FAILED
6910,403,70115,DEBIT,SUCCESS
6911,167,5088,DEBIT,SUCCESS
6912,432,77111,DEBIT,SUCCESS
6913,435,81370,DEBIT,SUCCESS
6914,422,86369,DEBIT,SUCCESS
6915,446,24693,CREDIT,SUCCESS
6916,129,43356,DEBIT,SUCCESS
6917,201,43943,DEBIT,FAILED
6918,442,83837,DEBIT,FAILED
6919,410,86747,CREDIT,SUCCESS
6920,468,33249,DEBIT,SUCCESS
6921,185,60513,CREDIT,SUCCESS
6922,259,53308,DEBIT,FAILED
6923,124,71822,DEBIT,SUCCESS
6924,476,21537,DEBIT,SUCCESS
6925,344,35581,DEBIT,SUCCESS
6926,383,17557,CREDIT,SUCCESS
6927,288,50734,DEBIT,FAILED
6928,228,52784,DEBIT,SUCCESS
6929,286,48994,CREDIT,FAILED
6930,225,12358,CREDIT,SUCCESS
6931,133,46391,CREDIT,SUCCESS
6932,397,40279,CREDIT,SUCCESS
6933,343,46416,CREDIT,SUCCESS
6934,492,33159,DEBIT,FAILED
6935,329,42478,CREDIT,SUCCESS
6936,360,73231,DEBIT,SUCCESS
6937,473,31218,CREDIT,SUCCESS
6938,489,44394,DEBIT,FAILED
6939,106,69863,DEBIT,FAILED
6940,135,69121,CREDIT,FAILED
6941,175,81627,CREDIT,SUCCESS
6942,235,4365,CREDIT,SUCCESS
6943,495,93579,CREDIT,SUCCESS
6944,199,29251,CREDIT,SUCCESS
6945,187,28829,DEBIT,SUCCESS
6946,271,94127,CREDIT,SUCCESS
6947,329,83889,DEBIT,SUCCESS
6948,368,49107,CREDIT,FAILED
6949,484,21705,DEBIT,FAILED
6950,332,33798,DEBIT,SUCCESS
6951,154,30256,DEBIT,SUCCESS
6952,244,34228,DEBIT,SUCCESS
6953,268,82771,DEBIT,FAILED
6954,259,79077,DEBIT,FAILED
6955,132,66026,DEBIT,SUCCESS
6956,287,58033,CREDIT,FAILED
6957,173,97752,DEBIT,FAILED
6958,314,71142,DEBIT,SUCCESS
6959,252,53882,DEBIT,SUCCESS
6960,236,79610,CREDIT,FAILED
6961,260,22070,CREDIT,SUCCESS
6962,368,8583,CREDIT,SUCCESS
6963,236,96235,CREDIT,SUCCESS
6964,453,25460,DEBIT,SUCCESS
6965,252,46200,CREDIT,FAILED
6966,462,12417,CREDIT,SUCCESS
6967,254,77915,DEBIT,SUCCESS
6968,327,72285,CREDIT,SUCCESS
6969,371,86563,CREDIT,SUCCESS
6970,482,4251,CREDIT,FAILED
6971,224,39651,DEBIT,SUCCESS
6972,229,93849,DEBIT,FAILED
6973,338,18463,CREDIT,SUCCESS
6974,288,92595,DEBIT,SUCCESS
6975,284,96920,CREDIT,FAILED
6976,229,53010,DEBIT,SUCCESS
6977,265,52610,CREDIT,SUCCESS
6978,487,98983,CREDIT,SUCCESS
6979,172,2201,DEBIT,SUCCESS
6980,458,46510,DEBIT,SUCCESS
6981,264,53010,DEBIT,FAILED
6982,361,26287,DEBIT,FAILED
6983,478,67062,CREDIT,SUCCESS
6984,389,66795,CREDIT,SUCCESS
6985,229,52501,CREDIT,SUCCESS
6986,492,28414,CREDIT,SUCCESS
6987,469,81473,CREDIT,SUCCESS
6988,454,25070,DEBIT,FAILED
6989,382,78377,DEBIT,SUCCESS
6990,104,41214,DEBIT,SUCCESS
6991,419,86881,DEBIT,SUCCESS
6992,175,26005,DEBIT,SUCCESS
6993,148,90168,DEBIT,SUCCESS
6994,187,1946,CREDIT,SUCCESS
6995,202,87951,CREDIT,SUCCESS
6996,468,75908,CREDIT,SUCCESS
6997,214,50478,DEBIT,FAILED
6998,121,97346,CREDIT,SUCCESS
6999,322,10448,CREDIT,SUCCESS
7000,200,72812,DEBIT,SUCCESS
7001,383,39884,DEBIT,SUCCESS
7002,257,63314,DEBIT,SUCCESS
7003,344,8627,CREDIT,SUCCESS
7004,462,43679,CREDIT,FAILED
7005,397,5078,CREDIT,FAILED
7006,260,26278,CREDIT,SUCCESS
7007,491,29482,DEBIT,SUCCESS
7008,264,88005,CREDIT,FAILED
7009,434,46561,CREDIT,SUCCESS
7010,119,68332,CREDIT,SUCCESS
7011,427,30222,DEBIT,SUCCESS
7012,198,96350,DEBIT,SUCCESS
7013,464,65163,DEBIT,SUCCESS
7014,251,56505,DEBIT,FAILED
7015,313,99753,CREDIT,SUCCESS
7016,328,58760,DEBIT,SUCCESS
7017,265,86800,CREDIT,SUCCESS
7018,251,40685,DEBIT,SUCCESS
7019,464,27691,DEBIT,SUCCESS
7020,285,69767,CREDIT,FAILED
7021,353,15089,DEBIT,SUCCESS
7022,277,36146,DEBIT,SUCCESS
7023,240,90607,CREDIT,SUCCESS
7024,452,62829,DEBIT,FAILED
7025,153,87925,CREDIT,SUCCESS
7026,145,79308,DEBIT,FAILED
7027,133,50992,CREDIT,SUCCESS
7028,121,95331,CREDIT,FAILED
7029,405,57367,DEBIT,FAILED
7030,126,35545,CREDIT,FAILED
7031,483,3717,DEBIT,FAILED
7032,423,10351,CREDIT,FAILED
7033,413,75489,DEBIT,FAILED
7034,304,78892,DEBIT,FAILED
7035,431,2124,DEBIT,SUCCESS
7036,446,4624,DEBIT,SUCCESS
7037,409,88906,DEBIT,SUCCESS
7038,205,43335,DEBIT,SUCCESS
7039,175,37173,DEBIT,SUCCESS
7040,140,23055,CREDIT,SUCCESS
7041,139,75163,CREDIT,SUCCESS
7042,373,97827,CREDIT,SUCCESS
7043,457,32447,CREDIT,SUCCESS
7044,258,57410,CREDIT,SUCCESS
7045,348,74821,DEBIT,SUCCESS
7046,242,48603,CREDIT,FAILED
7047,288,74728,CREDIT,SUCCESS
7048,431,47357,DEBIT,SUCCESS
7049,154,51630,DEBIT,SUCCESS
7050,403,92140,DEBIT,FAILED
7051,276,25999,DEBIT,FAILED
7052,421,37085,CREDIT,SUCCESS
7053,379,63583,CREDIT,SUCCESS
7054,259,65530,DEBIT,SUCCESS
7055,225,98958,CREDIT,SUCCESS
7056,487,64090,DEBIT,FAILED
7057,183,43498,CREDIT,SUCCESS
7058,281,86627,DEBIT,SUCCESS
7059,141,52102,DEBIT,SUCCESS
7060,135,58333,CREDIT,SUCCESS
7061,384,23791,CREDIT,SUCCESS
7062,418,60332,DEBIT,SUCCESS
7063,311,19152,CREDIT,FAILED
7064,241,15440,CREDIT,SUCCESS
7065,188,12758,CREDIT,SUCCESS
7066,374,13155,CREDIT,FAILED
7067,361,37633,DEBIT,SUCCESS
7068,100,44187,DEBIT,FAILED
7069,126,38043,DEBIT,SUCCESS
7070,340,40789,DEBIT,SUCCESS
7071,428,47950,DEBIT,SUCCESS
7072,248,61219,CREDIT,SUCCESS
7073,147,61528,DEBIT,SUCCESS
7074,410,59652,CREDIT,FAILED
7075,429,84519,CREDIT,SUCCESS
7076,480,89586,CREDIT,SUCCESS
7077,410,7983,DEBIT,SUCCESS
7078,199,96309,DEBIT,SUCCESS
7079,179,43760,DEBIT,SUCCESS
7080,296,41947,CREDIT,SUCCESS
7081,160,84608,CREDIT,SUCCESS
7082,211,1566,CREDIT,SUCCESS
7083,472,1137,CREDIT,SUCCESS
7084,445,81532,CREDIT,SUCCESS
7085,211,38734,CREDIT,FAILED
7086,269,34132,DEBIT,SUCCESS
7087,448,76004,DEBIT,SUCCESS
7088,289,40051,CREDIT,FAILED
7089,280,69713,CREDIT,SUCCESS
7090,294,66402,CREDIT,SUCCESS
7091,249,90448,CREDIT,SUCCESS
7092,137,32823,CREDIT,SUCCESS
7093,359,98458,CREDIT,SUCCESS
7094,180,70355,DEBIT,SUCCESS
7095,363,1273,DEBIT,SUCCESS
7096,369,2423,CREDIT,SUCCESS
7097,309,85838,CREDIT,FAILED
7098,489,29327,CREDIT,FAILED
7099,333,37398,DEBIT,SUCCESS
7100,317,81489,DEBIT,SUCCESS
7101,202,18650,DEBIT,SUCCESS
7102,250,93876,CREDIT,SUCCESS
7103,161,88821,DEBIT,SUCCESS
7104,183,36107,CREDIT,SUCCESS
7105,200,29183,CREDIT,SUCCESS
7106,366,84557,CREDIT,SUCCESS
7107,462,50023,DEBIT,FAILED
7108,414,13846,CREDIT,SUCCESS
7109,461,64673,DEBIT,SUCCESS
7110,147,91828,CREDIT,FAILED
7111,312,56461,DEBIT,SUCCESS
7112,374,17350,DEBIT,SUCCESS
7113,358,81048,CREDIT,SUCCESS
7114,298,46814,DEBIT,SUCCESS
7115,276,65913,DEBIT,SUCCESS
7116,407,14634,DEBIT,SUCCESS
7117,247,90978,CREDIT,FAILED
7118,319,26726,CREDIT,SUCCESS
7119,251,52956,CREDIT,SUCCESS
7120,472,48465,DEBIT,FAILED
7121,426,78573,DEBIT,SUCCESS
7122,288,43280,DEBIT,FAILED
7123,160,5619,CREDIT,FAILED
7124,194,62197,DEBIT,SUCCESS
7125,197,70043,CREDIT,SUCCESS
7126,216,4604,DEBIT,SUCCESS
7127,348,23926,DEBIT,SUCCESS
7128,145,77494,DEBIT,SUCCESS
7129,208,14226,CREDIT,SUCCESS
7130,224,29743,CREDIT,SUCCESS
7131,190,39149,DEBIT,SUCCESS
7132,132,84205,DEBIT,FAILED
7133,441,15784,DEBIT,SUCCESS
7134,377,43325,DEBIT,FAILED
7135,185,98756,DEBIT,FAILED
7136,441,63052,DEBIT,SUCCESS
7137,128,52540,CREDIT,FAILED
7138,149,50024,DEBIT,SUCCESS
7139,375,76711,CREDIT,FAILED
7140,129,69496,CREDIT,SUCCESS
7141,470,92497,DEBIT,SUCCESS
7142,439,11004,DEBIT,SUCCESS
7143,311,10623,CREDIT,FAILED
7144,290,30284,DEBIT,SUCCESS
7145,170,7296,DEBIT,SUCCESS
7146,271,97133,DEBIT,SUCCESS
7147,369,45087,DEBIT,SUCCESS
7148,156,59521,DEBIT,FAILED
7149,468,49763,DEBIT,SUCCESS
7150,264,99398,DEBIT,FAILED
7151,181,18763,CREDIT,SUCCESS
7152,149,20192,DEBIT,SUCCESS
7153,191,77154,DEBIT,FAILED
7154,163,57659,DEBIT,SUCCESS
7155,225,13991,CREDIT,SUCCESS
7156,327,1237,DEBIT,SUCCESS
7157,255,51305,DEBIT,FAILED
7158,498,59905,DEBIT,FAILED
7159,133,65149,CREDIT,SUCCESS
7160,274,87177,DEBIT,FAILED
7161,441,14803,CREDIT,SUCCESS
7162,478,2842,CREDIT,FAILED
7163,488,85438,CREDIT,SUCCESS
7164,321,60477,CREDIT,SUCCESS
7165,366,16523,CREDIT,SUCCESS
7166,117,23372,CREDIT,SUCCESS
7167,313,97251,CREDIT,SUCCESS
7168,273,2561,CREDIT,FAILED
7169,324,84505,DEBIT,SUCCESS
7170,200,82012,DEBIT,SUCCESS
7171,171,2716,DEBIT,SUCCESS
7172,166,89433,DEBIT,SUCCESS
7173,184,88108,DEBIT,FAILED
7174,294,97307,DEBIT,SUCCESS
7175,393,22673,DEBIT,FAILED
7176,470,28757,CREDIT,SUCCESS
7177,102,19280,CREDIT,SUCCESS
7178,454,51622,DEBIT,SUCCESS
7179,220,82108,DEBIT,FAILED
7180,221,95363,CREDIT,SUCCESS
7181,443,31797,CREDIT,SUCCESS
7182,244,43843,CREDIT,SUCCESS
7183,311,42239,CREDIT,SUCCESS
7184,184,56384,CREDIT,SUCCESS
7185,468,1057,CREDIT,SUCCESS
7186,125,17539,DEBIT,SUCCESS
7187,199,32549,DEBIT,FAILED
7188,271,45360,DEBIT,SUCCESS
7189,262,61650,DEBIT,SUCCESS
7190,327,17985,CREDIT,SUCCESS
7191,174,57475,DEBIT,SUCCESS
7192,484,23648,CREDIT,FAILED
7193,370,50684,CREDIT,FAILED
7194,141,46925,CREDIT,FAILED
7195,219,24580,DEBIT,FAILED
7196,374,16537,CREDIT,SUCCESS
7197,116,24417,CREDIT,FAILED
7198,432,46113,DEBIT,SUCCESS
7199,122,6097,DEBIT,SUCCESS
7200,375,28171,CREDIT,SUCCESS
7201,145,85797,CREDIT,SUCCESS
7202,388,75438,DEBIT,SUCCESS
7203,487,74811,DEBIT,FAILED
7204,385,16464,DEBIT,FAILED
7205,493,7219,DEBIT,SUCCESS
7206,163,46282,DEBIT,SUCCESS
7207,387,53346,DEBIT,FAILED
7208,243,79830,DEBIT,SUCCESS
7209,262,69106,DEBIT,SUCCESS
7210,345,75692,CREDIT,FAILED
7211,194,17227,CREDIT,SUCCESS
7212,276,66254,CREDIT,FAILED
7213,430,65233,DEBIT,SUCCESS
7214,145,73881,DEBIT,FAILED
7215,450,20981,CREDIT,SUCCESS
7216,481,69287,CREDIT,SUCCESS
7217,464,75631,DEBIT,SUCCESS
7218,480,92143,CREDIT,FAILED
7219,476,57432,CREDIT,SUCCESS
7220,379,9692,CREDIT,SUCCESS
7221,137,84229,CREDIT,SUCCESS
7222,413,26863,CREDIT,SUCCESS
7223,313,86988,DEBIT,SUCCESS
7224,274,57798,DEBIT,SUCCESS
7225,117,44303,DEBIT,FAILED
7226,500,99994,CREDIT,SUCCESS
7227,140,84627,CREDIT,FAILED
7228,157,12677,DEBIT,SUCCESS
7229,235,18425,DEBIT,FAILED
7230,221,86198,CREDIT,SUCCESS
7231,195,27551,DEBIT,SUCCESS
7232,248,68847,DEBIT,SUCCESS
7233,379,31593,DEBIT,SUCCESS
7234,203,93173,CREDIT,SUCCESS
7235,401,1383,CREDIT,SUCCESS
7236,256,51474,DEBIT,SUCCESS
7237,130,52125,CREDIT,SUCCESS
7238,438,59119,CREDIT,SUCCESS
7239,212,23391,CREDIT,SUCCESS
7240,230,21924,DEBIT,SUCCESS
7241,164,7447,DEBIT,SUCCESS
7242,461,57918,CREDIT,SUCCESS
7243,340,91377,CREDIT,SUCCESS
7244,460,63815,DEBIT,SUCCESS
7245,206,81975,DEBIT,FAILED
7246,462,81076,DEBIT,FAILED
7247,114,92340,CREDIT,SUCCESS
7248,480,80870,DEBIT,FAILED
7249,344,88383,DEBIT,SUCCESS
7250,402,94444,CREDIT,FAILED
7251,245,68509,DEBIT,SUCCESS
7252,312,49911,DEBIT,SUCCESS
7253,396,60112,CREDIT,FAILED
7254,109,6418,DEBIT,SUCCESS
7255,126,40845,DEBIT,FAILED
7256,393,79115,DEBIT,FAILED
7257,453,51052,CREDIT,FAILED
7258,198,74057,CREDIT,FAILED
7259,128,53085,DEBIT,FAILED
7260,154,90045,CREDIT,SUCCESS
7261,402,82160,DEBIT,FAILED
7262,444,17516,DEBIT,SUCCESS
7263,297,3238,DEBIT,SUCCESS
7264,120,88345,DEBIT,FAILED
7265,267,97191,DEBIT,FAILED
7266,126,75883,CREDIT,SUCCESS
7267,365,95061,CREDIT,SUCCESS
7268,463,70607,CREDIT,SUCCESS
7269,394,99969,CREDIT,SUCCESS
7270,324,33628,DEBIT,SUCCESS
7271,189,35355,CREDIT,FAILED
7272,176,2609,DEBIT,FAILED
7273,257,71122,DEBIT,FAILED
7274,364,69824,DEBIT,FAILED
7275,236,38371,DEBIT,SUCCESS
7276,107,54050,DEBIT,SUCCESS
7277,311,18562,CREDIT,SUCCESS
7278,212,65556,CREDIT,SUCCESS
7279,159,74292,DEBIT,SUCCESS
7280,353,90045,DEBIT,SUCCESS
7281,374,11927,CREDIT,SUCCESS
7282,403,76161,DEBIT,SUCCESS
7283,182,70198,DEBIT,SUCCESS
7284,226,98109,CREDIT,FAILED
7285,216,33967,CREDIT,SUCCESS
7286,385,1285,DEBIT,FAILED
7287,271,49745,CREDIT,FAILED
7288,158,29793,CREDIT,SUCCESS
7289,423,37574,CREDIT,SUCCESS
7290,110,52428,DEBIT,SUCCESS
7291,426,12074,DEBIT,FAILED
7292,209,34650,DEBIT,SUCCESS
7293,350,41621,DEBIT,SUCCESS
7294,132,87024,DEBIT,FAILED
7295,125,12225,DEBIT,SUCCESS
7296,207,82899,DEBIT,SUCCESS
7297,108,1216,DEBIT,SUCCESS
7298,234,97971,CREDIT,SUCCESS
7299,289,52778,DEBIT,SUCCESS
7300,403,82331,CREDIT,SUCCESS
7301,401,19905,DEBIT,SUCCESS
7302,467,39267,DEBIT,SUCCESS
7303,387,49138,CREDIT,FAILED
7304,337,89114,CREDIT,SUCCESS
7305,467,36869,CREDIT,SUCCESS
7306,106,9975,DEBIT,FAILED
7307,460,96980,CREDIT,SUCCESS
7308,376,98646,DEBIT,SUCCESS
7309,388,84488,CREDIT,SUCCESS
7310,291,21523,DEBIT,SUCCESS
7311,222,85653,DEBIT,SUCCESS
7312,469,24623,DEBIT,SUCCESS
7313,169,36052,CREDIT,SUCCESS
7314,408,50026,CREDIT,SUCCESS
7315,458,74352,DEBIT,SUCCESS
7316,111,5281,CREDIT,SUCCESS
7317,102,11480,CREDIT,SUCCESS
7318,313,15541,CREDIT,FAILED
7319,313,12714,DEBIT,SUCCESS
7320,486,50122,CREDIT,SUCCESS
7321,132,51225,CREDIT,SUCCESS
7322,158,3939,DEBIT,SUCCESS
7323,249,12708,DEBIT,FAILED
7324,251,54851,DEBIT,SUCCESS
7325,409,80632,DEBIT,SUCCESS
7326,374,85679,CREDIT,SUCCESS
7327,124,29257,DEBIT,FAILED
7328,348,34673,DEBIT,SUCCESS
7329,167,64602,CREDIT,SUCCESS
7330,164,33592,DEBIT,FAILED
7331,322,69434,CREDIT,SUCCESS
7332,400,23601,DEBIT,SUCCESS
7333,480,55427,CREDIT,FAILED
7334,354,18066,CREDIT,FAILED
7335,256,23950,DEBIT,SUCCESS
7336,200,4398,DEBIT,SUCCESS
7337,152,91901,CREDIT,SUCCESS
7338,324,50050,DEBIT,SUCCESS
7339,244,87924,DEBIT,SUCCESS
7340,380,49618,CREDIT,SUCCESS
7341,177,86482,DEBIT,SUCCESS
7342,188,30818,CREDIT,FAILED
7343,436,91818,DEBIT,SUCCESS
7344,360,55772,DEBIT,SUCCESS
7345,115,34471,DEBIT,FAILED
7346,186,58637,DEBIT,SUCCESS
7347,407,92658,CREDIT,SUCCESS
7348,384,54330,CREDIT,SUCCESS
7349,380,71137,DEBIT,FAILED
7350,117,73308,CREDIT,SUCCESS
7351,236,20979,CREDIT,SUCCESS
7352,145,40955,CREDIT,SUCCESS
7353,296,75653,CREDIT,SUCCESS
7354,248,61030,DEBIT,FAILED
7355,414,54927,CREDIT,SUCCESS
7356,281,82282,DEBIT,FAILED
7357,309,71778,CREDIT,SUCCESS
7358,133,42973,CREDIT,SUCCESS
7359,482,39133,CREDIT,SUCCESS
7360,499,23295,DEBIT,SUCCESS
7361,165,43722,DEBIT,FAILED
7362,393,92945,DEBIT,SUCCESS
7363,417,15245,CREDIT,SUCCESS
7364,201,81123,CREDIT,FAILED
7365,379,28100,DEBIT,SUCCESS
7366,335,7339,CREDIT,FAILED
7367,203,45149,CREDIT,SUCCESS
7368,349,19595,DEBIT,SUCCESS
7369,299,80034,CREDIT,SUCCESS
7370,432,54340,CREDIT,FAILED
7371,358,94519,DEBIT,SUCCESS
7372,241,74412,CREDIT,FAILED
7373,158,35163,CREDIT,SUCCESS
7374,313,23562,CREDIT,SUCCESS
7375,348,27860,DEBIT,SUCCESS
7376,282,80725,DEBIT,SUCCESS
7377,486,71651,CREDIT,SUCCESS
7378,494,65322,DEBIT,SUCCESS
7379,489,69299,CREDIT,SUCCESS
7380,475,78846,CREDIT,FAILED
7381,252,31329,DEBIT,SUCCESS
7382,331,40798,CREDIT,SUCCESS
7383,316,53692,CREDIT,SUCCESS
7384,230,86781,CREDIT,SUCCESS
7385,383,17128,DEBIT,SUCCESS
7386,320,13573,CREDIT,FAILED
7387,226,96219,DEBIT,SUCCESS
7388,287,47966,DEBIT,SUCCESS
7389,259,51342,DEBIT,FAILED
7390,399,98925,DEBIT,SUCCESS
7391,208,49079,DEBIT,SUCCESS
7392,370,25576,CREDIT,SUCCESS
7393,423,61577,DEBIT,FAILED
7394,198,86799,CREDIT,SUCCESS
7395,260,98958,DEBIT,FAILED
7396,277,17268,DEBIT,FAILED
7397,500,82820,DEBIT,SUCCESS
7398,139,61840,DEBIT,SUCCESS
7399,133,19866,CREDIT,FAILED
7400,365,1487,CREDIT,SUCCESS
7401,272,5775,CREDIT,FAILED
7402,154,26703,DEBIT,SUCCESS
7403,388,15447,CREDIT,SUCCESS
7404,305,69729,CREDIT,SUCCESS
7405,193,94733,CREDIT,FAILED
7406,242,78441,DEBIT,SUCCESS
7407,208,73851,DEBIT,SUCCESS
7408,341,76006,CREDIT,SUCCESS
7409,226,78421,CREDIT,SUCCESS
7410,145,28243,CREDIT,FAILED
7411,338,31411,DEBIT,FAILED
7412,170,18644,CREDIT,FAILED
7413,308,62846,DEBIT,FAILED
7414,377,17196,CREDIT,SUCCESS
7415,195,60440,CREDIT,SUCCESS
7416,279,85312,CREDIT,FAILED
7417,486,53299,CREDIT,SUCCESS
7418,344,75535,CREDIT,SUCCESS
7419,449,39132,CREDIT,SUCCESS
7420,419,39455,DEBIT,SUCCESS
7421,310,40136,CREDIT,SUCCESS
7422,144,78797,DEBIT,SUCCESS
7423,381,10114,CREDIT,SUCCESS
7424,112,63232,CREDIT,SUCCESS
7425,381,43008,CREDIT,SUCCESS
7426,292,33780,DEBIT,FAILED
7427,104,52351,DEBIT,FAILED
7428,361,4379,DEBIT,SUCCESS
7429,358,64141,DEBIT,SUCCESS
7430,490,56555,CREDIT,FAILED
7431,140,75473,CREDIT,SUCCESS
7432,235,50007,DEBIT,SUCCESS
7433,124,1406,CREDIT,SUCCESS
7434,430,32468,CREDIT,SUCCESS
7435,441,14581,DEBIT,SUCCESS
7436,170,15546,CREDIT,FAILED
7437,213,36679,DEBIT,SUCCESS
7438,168,9227,CREDIT,SUCCESS
7439,195,29643,CREDIT,SUCCESS
7440,331,56845,DEBIT,SUCCESS
7441,343,1957,DEBIT,SUCCESS
7442,333,19057,CREDIT,FAILED
7443,383,1188,CREDIT,SUCCESS
7444,152,95350,DEBIT,SUCCESS
7445,116,8206,DEBIT,SUCCESS
7446,403,22290,DEBIT,SUCCESS
7447,182,52174,DEBIT,SUCCESS
7448,365,75329,DEBIT,FAILED
7449,411,29565,CREDIT,FAILED
7450,164,95405,DEBIT,SUCCESS
7451,466,4329,CREDIT,FAILED
7452,185,36271,CREDIT,FAILED
7453,190,80932,CREDIT,SUCCESS
7454,420,5960,DEBIT,FAILED
7455,407,10042,CREDIT,SUCCESS
7456,485,74346,DEBIT,SUCCESS
7457,156,15952,CREDIT,SUCCESS
7458,436,40196,DEBIT,FAILED
7459,465,44264,DEBIT,SUCCESS
7460,145,59041,CREDIT,SUCCESS
7461,212,63177,DEBIT,SUCCESS
7462,223,65748,CREDIT,SUCCESS
7463,275,98620,CREDIT,SUCCESS
7464,174,28661,CREDIT,SUCCESS
7465,198,94772,CREDIT,SUCCESS
7466,260,87450,DEBIT,SUCCESS
7467,205,24610,DEBIT,FAILED
7468,230,91962,DEBIT,FAILED
7469,117,64723,DEBIT,SUCCESS
7470,173,74212,CREDIT,FAILED
7471,167,61734,DEBIT,SUCCESS
7472,474,69908,DEBIT,SUCCESS
7473,363,32397,CREDIT,SUCCESS
7474,119,5722,DEBIT,FAILED
7475,168,87835,CREDIT,SUCCESS
7476,387,1348,CREDIT,SUCCESS
7477,311,52328,CREDIT,FAILED
7478,255,88374,DEBIT,SUCCESS
7479,178,55253,DEBIT,FAILED
7480,337,48825,CREDIT,FAILED
7481,451,59632,DEBIT,SUCCESS
7482,380,52155,CREDIT,FAILED
7483,387,23788,DEBIT,FAILED
7484,192,98351,CREDIT,SUCCESS
7485,332,20131,DEBIT,FAILED
7486,199,88331,DEBIT,SUCCESS
7487,432,96605,DEBIT,SUCCESS
7488,476,28285,DEBIT,FAILED
7489,410,11525,DEBIT,FAILED
7490,117,81605,CREDIT,SUCCESS
7491,331,52666,DEBIT,SUCCESS
7492,188,87419,CREDIT,SUCCESS
7493,418,22685,CREDIT,SUCCESS
7494,255,39847,DEBIT,SUCCESS
7495,208,66996,CREDIT,FAILED
7496,486,16912,DEBIT,FAILED
7497,199,59853,CREDIT,SUCCESS
7498,281,77064,CREDIT,SUCCESS
7499,481,64409,DEBIT,SUCCESS
7500,127,67245,CREDIT,SUCCESS
7501,185,58855,DEBIT,SUCCESS
7502,267,91011,CREDIT,SUCCESS
7503,399,14390,DEBIT,FAILED
7504,437,45040,DEBIT,SUCCESS
7505,150,27729,CREDIT,FAILED
7506,342,54981,CREDIT,SUCCESS
7507,447,52528,DEBIT,SUCCESS
7508,264,31272,CREDIT,SUCCESS
7509,133,8627,DEBIT,SUCCESS
7510,328,56710,CREDIT,FAILED
7511,145,48075,DEBIT,FAILED
7512,203,29448,DEBIT,SUCCESS
7513,482,84084,DEBIT,SUCCESS
7514,358,58444,CREDIT,SUCCESS
7515,460,38101,DEBIT,SUCCESS
7516,230,51251,CREDIT,SUCCESS
7517,460,19472,CREDIT,SUCCESS
7518,434,16801,CREDIT,SUCCESS
7519,122,86058,DEBIT,SUCCESS
7520,133,77459,CREDIT,SUCCESS
7521,224,81849,DEBIT,FAILED
7522,370,18439,DEBIT,SUCCESS
7523,306,3684,DEBIT,SUCCESS
7524,211,49691,DEBIT,FAILED
7525,108,84464,CREDIT,SUCCESS
7526,372,65106,CREDIT,SUCCESS
7527,461,55054,DEBIT,FAILED
7528,173,69236,CREDIT,SUCCESS
7529,244,67409,DEBIT,SUCCESS
7530,126,60886,DEBIT,FAILED
7531,143,96179,DEBIT,SUCCESS
7532,443,29960,DEBIT,FAILED
7533,453,74402,DEBIT,FAILED
7534,421,10443,CREDIT,SUCCESS
7535,265,86665,DEBIT,FAILED
7536,185,38482,CREDIT,FAILED
7537,311,33950,CREDIT,SUCCESS
7538,403,49565,DEBIT,SUCCESS
7539,385,80157,CREDIT,SUCCESS
7540,183,56723,DEBIT,FAILED
7541,456,70040,CREDIT,SUCCESS
7542,445,59360,CREDIT,SUCCESS
7543,200,21869,DEBIT,SUCCESS
7544,168,83594,CREDIT,SUCCESS
7545,202,46395,DEBIT,SUCCESS
7546,252,80257,DEBIT,SUCCESS
7547,371,34724,CREDIT,FAILED
7548,166,42779,CREDIT,SUCCESS
7549,380,62655,CREDIT,SUCCESS
7550,483,89448,DEBIT,SUCCESS
7551,482,78924,DEBIT,FAILED
7552,185,72588,DEBIT,FAILED
7553,107,50554,DEBIT,SUCCESS
7554,260,12154,DEBIT,SUCCESS
7555,131,14737,DEBIT,SUCCESS
7556,171,51701,DEBIT,SUCCESS
7557,482,96505,DEBIT,SUCCESS
7558,445,42436,DEBIT,SUCCESS
7559,423,51474,CREDIT,SUCCESS
7560,452,96496,CREDIT,SUCCESS
7561,496,21225,DEBIT,FAILED
7562,129,95402,CREDIT,SUCCESS
7563,269,72770,DEBIT,SUCCESS
7564,294,64665,CREDIT,SUCCESS
7565,388,46013,DEBIT,FAILED
7566,196,72032,CREDIT,FAILED
7567,137,85154,CREDIT,FAILED
7568,461,33007,CREDIT,SUCCESS
7569,273,39394,CREDIT,SUCCESS
7570,119,44188,CREDIT,SUCCESS
7571,440,27579,CREDIT,SUCCESS
7572,142,47363,CREDIT,SUCCESS
7573,307,61704,CREDIT,SUCCESS
7574,370,9007,DEBIT,SUCCESS
7575,487,24305,CREDIT,SUCCESS
7576,259,48217,DEBIT,SUCCESS
7577,385,91700,DEBIT,SUCCESS
7578,252,63622,CREDIT,SUCCESS
7579,293,44065,DEBIT,FAILED
7580,445,86943,DEBIT,SUCCESS
7581,478,11599,DEBIT,FAILED
7582,110,29359,DEBIT,SUCCESS
7583,386,38923,DEBIT,FAILED
7584,261,94991,CREDIT,SUCCESS
7585,213,16441,DEBIT,SUCCESS
7586,361,97133,DEBIT,SUCCESS
7587,365,60267,DEBIT,SUCCESS
7588,428,88158,CREDIT,SUCCESS
7589,344,64741,CREDIT,FAILED
7590,288,5110,CREDIT,SUCCESS
7591,359,24623,DEBIT,SUCCESS
7592,433,53185,CREDIT,FAILED
7593,406,13836,DEBIT,SUCCESS
7594,249,15768,CREDIT,SUCCESS
7595,445,27784,DEBIT,FAILED
7596,271,24470,CREDIT,SUCCESS
7597,460,2375,DEBIT,SUCCESS
7598,178,8182,CREDIT,SUCCESS
7599,400,4527,CREDIT,SUCCESS
7600,438,85692,DEBIT,FAILED
7601,186,1789,DEBIT,SUCCESS
7602,221,9272,DEBIT,FAILED
7603,429,62001,CREDIT,SUCCESS
7604,287,72165,CREDIT,SUCCESS
7605,222,65012,CREDIT,SUCCESS
7606,208,39516,CREDIT,SUCCESS
7607,193,52411,DEBIT,SUCCESS
7608,108,67063,DEBIT,FAILED
7609,491,72569,DEBIT,FAILED
7610,133,24266,DEBIT,SUCCESS
7611,333,51739,DEBIT,SUCCESS
7612,306,65565,CREDIT,SUCCESS
7613,215,66392,CREDIT,SUCCESS
7614,451,68197,CREDIT,SUCCESS
7615,362,98875,CREDIT,FAILED
7616,382,15511,CREDIT,SUCCESS
7617,189,16479,CREDIT,FAILED
7618,155,67759,CREDIT,SUCCESS
7619,355,95339,CREDIT,SUCCESS
7620,473,92022,CREDIT,SUCCESS
7621,474,67915,DEBIT,SUCCESS
7622,473,17039,CREDIT,SUCCESS
7623,241,68983,DEBIT,FAILED
7624,296,91524,CREDIT,SUCCESS
7625,322,88580,CREDIT,FAILED
7626,412,49967,CREDIT,SUCCESS
7627,158,10111,CREDIT,SUCCESS
7628,462,86430,DEBIT,SUCCESS
7629,228,19360,DEBIT,SUCCESS
7630,200,79218,DEBIT,SUCCESS
7631,325,71379,DEBIT,SUCCESS
7632,477,92092,CREDIT,SUCCESS
7633,188,48154,DEBIT,SUCCESS
7634,394,96838,CREDIT,FAILED
7635,468,67378,CREDIT,FAILED
7636,198,97367,CREDIT,SUCCESS
7637,340,59491,DEBIT,SUCCESS
7638,177,22214,DEBIT,SUCCESS
7639,383,64710,CREDIT,FAILED
7640,358,34189,DEBIT,SUCCESS
7641,380,58050,CREDIT,SUCCESS
7642,363,69000,CREDIT,SUCCESS
7643,436,93184,DEBIT,SUCCESS
7644,244,71714,CREDIT,SUCCESS
7645,147,10286,CREDIT,FAILED
7646,223,57262,DEBIT,SUCCESS
7647,205,8341,DEBIT,SUCCESS
7648,181,5943,DEBIT,SUCCESS
7649,122,18719,CREDIT,SUCCESS
7650,250,5854,DEBIT,SUCCESS
7651,133,86708,CREDIT,SUCCESS
7652,134,34791,CREDIT,FAILED
7653,358,85712,DEBIT,SUCCESS
7654,175,81794,CREDIT,SUCCESS
7655,467,81886,DEBIT,SUCCESS
7656,278,71708,DEBIT,SUCCESS
7657,451,22937,CREDIT,SUCCESS
7658,481,63811,DEBIT,SUCCESS
7659,483,90967,CREDIT,SUCCESS
7660,479,65168,CREDIT,SUCCESS
7661,359,48039,CREDIT,SUCCESS
7662,325,52978,CREDIT,FAILED
7663,123,96630,CREDIT,SUCCESS
7664,387,49505,DEBIT,SUCCESS
7665,213,71690,DEBIT,SUCCESS
7666,122,42420,CREDIT,FAILED
7667,188,25633,DEBIT,FAILED
7668,441,95846,CREDIT,SUCCESS
7669,384,89059,DEBIT,SUCCESS
7670,380,75762,DEBIT,FAILED
7671,469,24223,CREDIT,SUCCESS
7672,149,97868,DEBIT,SUCCESS
7673,162,44204,DEBIT,FAILED
7674,175,82271,CREDIT,SUCCESS
7675,480,6108,DEBIT,SUCCESS
7676,223,51125,CREDIT,SUCCESS
7677,287,17997,CREDIT,SUCCESS
7678,180,45616,DEBIT,SUCCESS
7679,328,66180,CREDIT,SUCCESS
7680,444,44237,CREDIT,SUCCESS
7681,130,88949,DEBIT,FAILED
7682,335,43097,CREDIT,FAILED
7683,372,36535,CREDIT,SUCCESS
7684,489,10205,CREDIT,SUCCESS
7685,193,21636,CREDIT,SUCCESS
7686,243,89112,CREDIT,FAILED
7687,285,42982,DEBIT,SUCCESS
7688,194,44767,CREDIT,SUCCESS
7689,367,50042,CREDIT,SUCCESS
7690,199,2464,DEBIT,SUCCESS
7691,282,73544,CREDIT,SUCCESS
7692,470,75087,CREDIT,SUCCESS
7693,104,73104,CREDIT,SUCCESS
7694,443,4140,DEBIT,FAILED
7695,412,76309,CREDIT,FAILED
7696,366,57845,DEBIT,SUCCESS
7697,251,51704,CREDIT,FAILED
7698,125,11037,DEBIT,SUCCESS
7699,238,97492,DEBIT,SUCCESS
7700,468,5716,DEBIT,FAILED
7701,202,95612,DEBIT,SUCCESS
7702,428,90524,CREDIT,SUCCESS
7703,226,19128,CREDIT,FAILED
7704,166,33341,CREDIT,SUCCESS
7705,336,41771,DEBIT,FAILED
7706,437,35396,DEBIT,SUCCESS
7707,195,76856,DEBIT,SUCCESS
7708,144,58963,DEBIT,SUCCESS
7709,184,35232,CREDIT,FAILED
7710,118,70874,CREDIT,SUCCESS
7711,488,10055,DEBIT,SUCCESS
7712,288,42949,DEBIT,SUCCESS
7713,170,94974,DEBIT,SUCCESS
7714,273,25650,DEBIT,FAILED
7715,328,46418,CREDIT,SUCCESS
7716,361,82959,CREDIT,SUCCESS
7717,227,72524,CREDIT,SUCCESS
7718,426,37192,DEBIT,FAILED
7719,420,16062,CREDIT,SUCCESS
7720,238,18484,CREDIT,SUCCESS
7721,355,1227,DEBIT,SUCCESS
7722,448,13073,CREDIT,SUCCESS
7723,494,7105,DEBIT,FAILED
7724,311,67695,DEBIT,SUCCESS
7725,338,59703,CREDIT,SUCCESS
7726,368,7976,DEBIT,SUCCESS
7727,379,34309,DEBIT,SUCCESS
7728,109,78279,CREDIT,SUCCESS
7729,359,35047,DEBIT,SUCCESS
7730,266,25400,DEBIT,SUCCESS
7731,329,91302,DEBIT,SUCCESS
7732,264,25220,DEBIT,SUCCESS
7733,422,32967,DEBIT,SUCCESS
7734,488,6785,DEBIT,SUCCESS
7735,165,9462,CREDIT,FAILED
7736,280,68737,CREDIT,FAILED
7737,333,88048,CREDIT,SUCCESS
7738,422,47272,DEBIT,SUCCESS
7739,378,1781,DEBIT,SUCCESS
7740,338,21355,CREDIT,SUCCESS
7741,307,20349,DEBIT,SUCCESS
7742,484,12281,CREDIT,SUCCESS
7743,353,61299,CREDIT,SUCCESS
7744,215,11608,DEBIT,SUCCESS
7745,111,90086,DEBIT,SUCCESS
7746,382,30894,CREDIT,SUCCESS
7747,358,34896,CREDIT,SUCCESS
7748,219,83605,DEBIT,SUCCESS
7749,353,40986,DEBIT,SUCCESS
7750,299,78270,DEBIT,FAILED
7751,388,68046,CREDIT,FAILED
7752,120,45066,CREDIT,SUCCESS
7753,306,32097,DEBIT,SUCCESS
7754,333,94604,DEBIT,SUCCESS
7755,474,69221,CREDIT,FAILED
7756,219,70273,DEBIT,SUCCESS
7757,494,71074,CREDIT,FAILED
7758,202,21266,DEBIT,SUCCESS
7759,402,32999,DEBIT,FAILED
7760,303,48527,DEBIT,SUCCESS
7761,456,51128,CREDIT,SUCCESS
7762,196,29244,CREDIT,SUCCESS
7763,493,42589,CREDIT,SUCCESS
7764,329,65748,DEBIT,FAILED
7765,147,94519,DEBIT,SUCCESS
7766,302,46781,DEBIT,SUCCESS
7767,393,35357,DEBIT,SUCCESS
7768,111,48231,CREDIT,SUCCESS
7769,104,96636,CREDIT,SUCCESS
7770,292,13039,DEBIT,SUCCESS
7771,408,48629,CREDIT,FAILED
7772,296,22365,DEBIT,FAILED
7773,399,32175,DEBIT,SUCCESS
7774,496,82951,DEBIT,FAILED
7775,102,6534,CREDIT,SUCCESS
7776,429,2394,DEBIT,SUCCESS
7777,130,33997,DEBIT,SUCCESS
7778,333,69209,DEBIT,FAILED
7779,465,55213,CREDIT,FAILED
7780,269,93721,DEBIT,SUCCESS
7781,368,20672,DEBIT,SUCCESS
7782,184,16907,CREDIT,SUCCESS
7783,308,90115,DEBIT,SUCCESS
7784,119,86451,DEBIT,FAILED
7785,262,57097,DEBIT,SUCCESS
7786,404,38258,DEBIT,FAILED
7787,168,47343,DEBIT,SUCCESS
7788,326,40347,CREDIT,SUCCESS
7789,291,19259,DEBIT,SUCCESS
7790,443,86453,DEBIT,SUCCESS
7791,213,42369,DEBIT,SUCCESS
7792,333,63332,DEBIT,FAILED
7793,184,95651,DEBIT,SUCCESS
7794,166,2348,DEBIT,FAILED
7795,282,3385,CREDIT,SUCCESS
7796,343,88582,CREDIT,SUCCESS
7797,231,4850,CREDIT,SUCCESS
7798,113,67200,DEBIT,SUCCESS
7799,221,21093,CREDIT,SUCCESS
7800,444,48053,DEBIT,SUCCESS
7801,320,73689,DEBIT,SUCCESS
7802,163,95630,DEBIT,SUCCESS
7803,188,50033,DEBIT,SUCCESS
7804,159,92456,DEBIT,FAILED
7805,182,71713,CREDIT,SUCCESS
7806,376,32131,CREDIT,SUCCESS
7807,430,82711,DEBIT,SUCCESS
7808,451,12178,CREDIT,SUCCESS
7809,400,10619,CREDIT,SUCCESS
7810,173,67847,DEBIT,SUCCESS
7811,154,4372,CREDIT,SUCCESS
7812,140,86327,CREDIT,SUCCESS
7813,249,22027,CREDIT,SUCCESS
7814,487,70753,DEBIT,SUCCESS
7815,280,84327,CREDIT,SUCCESS
7816,370,24193,DEBIT,SUCCESS
7817,432,78121,DEBIT,SUCCESS
7818,450,10658,DEBIT,SUCCESS
7819,392,5352,DEBIT,SUCCESS
7820,288,18833,DEBIT,FAILED
7821,299,41535,CREDIT,FAILED
7822,249,80959,CREDIT,SUCCESS
7823,338,24113,DEBIT,SUCCESS
7824,203,14019,CREDIT,FAILED
7825,247,32092,DEBIT,SUCCESS
7826,300,60529,CREDIT,SUCCESS
7827,133,80469,DEBIT,SUCCESS
7828,247,89620,DEBIT,SUCCESS
7829,408,51895,CREDIT,FAILED
7830,469,18375,CREDIT,FAILED
7831,320,50844,DEBIT,SUCCESS
7832,328,97312,CREDIT,FAILED
7833,239,39842,DEBIT,SUCCESS
7834,193,22826,CREDIT,SUCCESS
7835,171,75390,CREDIT,FAILED
7836,155,55755,CREDIT,SUCCESS
7837,235,21308,DEBIT,SUCCESS
7838,272,58650,DEBIT,FAILED
7839,399,69609,CREDIT,FAILED
7840,351,68965,CREDIT,FAILED
7841,254,65462,CREDIT,FAILED
7842,489,84728,DEBIT,SUCCESS
7843,245,44194,DEBIT,FAILED
7844,286,78321,DEBIT,SUCCESS
7845,498,39004,DEBIT,SUCCESS
7846,193,72709,CREDIT,SUCCESS
7847,438,32661,CREDIT,SUCCESS
7848,145,10975,CREDIT,FAILED
7849,254,56662,CREDIT,SUCCESS
7850,451,92507,CREDIT,SUCCESS
7851,150,88798,CREDIT,SUCCESS
7852,251,48541,CREDIT,SUCCESS
7853,216,93947,DEBIT,SUCCESS
7854,189,58106,DEBIT,SUCCESS
7855,194,18204,DEBIT,FAILED
7856,182,69511,DEBIT,FAILED
7857,146,89888,DEBIT,FAILED
7858,176,74757,DEBIT,SUCCESS
7859,387,47086,CREDIT,SUCCESS
7860,202,56446,DEBIT,FAILED
7861,398,52624,CREDIT,SUCCESS
7862,103,72801,DEBIT,SUCCESS
7863,232,35060,CREDIT,SUCCESS
7864,413,52373,DEBIT,SUCCESS
7865,171,17858,DEBIT,SUCCESS
7866,175,70766,DEBIT,SUCCESS
7867,273,87177,CREDIT,SUCCESS
7868,483,90524,DEBIT,FAILED
7869,204,49385,CREDIT,SUCCESS
7870,130,69008,CREDIT,FAILED
7871,174,36952,DEBIT,SUCCESS
7872,282,82719,CREDIT,SUCCESS
7873,467,39707,CREDIT,FAILED
7874,406,99013,DEBIT,SUCCESS
7875,407,17947,DEBIT,SUCCESS
7876,217,28501,CREDIT,SUCCESS
7877,305,42101,CREDIT,FAILED
7878,307,19464,DEBIT,FAILED
7879,489,5858,DEBIT,SUCCESS
7880,304,27906,CREDIT,SUCCESS
7881,296,43404,DEBIT,SUCCESS
7882,407,35184,CREDIT,SUCCESS
7883,201,36021,DEBIT,SUCCESS
7884,325,16105,CREDIT,SUCCESS
7885,191,16981,DEBIT,FAILED
7886,267,21155,CREDIT,SUCCESS
7887,432,28558,DEBIT,SUCCESS
7888,466,28373,CREDIT,SUCCESS
7889,107,47116,DEBIT,FAILED
7890,155,4432,CREDIT,FAILED
7891,206,74986,CREDIT,FAILED
7892,232,71577,DEBIT,SUCCESS
7893,184,87601,CREDIT,FAILED
7894,301,79346,DEBIT,FAILED
7895,135,11618,CREDIT,FAILED
7896,105,93791,DEBIT,SUCCESS
7897,127,6005,CREDIT,SUCCESS
7898,303,91575,DEBIT,SUCCESS
7899,407,67551,CREDIT,SUCCESS
7900,334,39899,CREDIT,SUCCESS
7901,403,49933,DEBIT,SUCCESS
7902,143,98797,DEBIT,FAILED
7903,207,77539,DEBIT,SUCCESS
7904,223,11797,DEBIT,SUCCESS
7905,305,94901,DEBIT,SUCCESS
7906,372,78980,DEBIT,SUCCESS
7907,201,74780,DEBIT,SUCCESS
7908,203,93632,CREDIT,SUCCESS
7909,299,58528,CREDIT,SUCCESS
7910,168,9319,DEBIT,SUCCESS
7911,378,57731,DEBIT,SUCCESS
7912,487,21700,DEBIT,FAILED
7913,242,48984,DEBIT,SUCCESS
7914,392,95222,DEBIT,SUCCESS
7915,334,80805,CREDIT,FAILED
7916,325,86431,CREDIT,FAILED
7917,180,40612,DEBIT,FAILED
7918,460,60855,CREDIT,SUCCESS
7919,280,55469,CREDIT,FAILED
7920,106,75599,DEBIT,FAILED
7921,255,56049,DEBIT,SUCCESS
7922,276,98539,CREDIT,FAILED
7923,217,17869,CREDIT,SUCCESS
7924,293,11658,DEBIT,SUCCESS
7925,403,2214,DEBIT,SUCCESS
7926,183,34041,CREDIT,SUCCESS
7927,455,85907,CREDIT,SUCCESS
7928,164,96917,CREDIT,SUCCESS
7929,421,85810,CREDIT,SUCCESS
7930,336,97493,DEBIT,SUCCESS
7931,500,74361,DEBIT,FAILED
7932,120,34654,DEBIT,SUCCESS
7933,258,62478,CREDIT,SUCCESS
7934,311,48351,DEBIT,SUCCESS
7935,101,29357,DEBIT,SUCCESS
7936,135,11866,CREDIT,FAILED
7937,177,34768,DEBIT,FAILED
7938,237,49459,DEBIT,SUCCESS
7939,311,12111,CREDIT,SUCCESS
7940,417,20415,CREDIT,SUCCESS
7941,355,23650,CREDIT,SUCCESS
7942,342,94324,CREDIT,SUCCESS
7943,157,68058,DEBIT,SUCCESS
7944,448,43918,DEBIT,FAILED
7945,473,64534,DEBIT,FAILED
7946,153,54512,CREDIT,SUCCESS
7947,291,37513,CREDIT,FAILED
7948,275,30051,DEBIT,FAILED
7949,391,86198,CREDIT,FAILED
7950,213,61612,DEBIT,SUCCESS
7951,363,28878,DEBIT,SUCCESS
7952,197,22018,DEBIT,SUCCESS
7953,204,73657,CREDIT,SUCCESS
7954,145,26289,DEBIT,SUCCESS
7955,340,35553,DEBIT,FAILED
7956,411,24959,CREDIT,SUCCESS
7957,171,76812,DEBIT,SUCCESS
7958,487,62797,DEBIT,FAILED
7959,228,35609,DEBIT,SUCCESS
7960,127,20454,DEBIT,FAILED
7961,350,13767,CREDIT,SUCCESS
7962,136,75153,CREDIT,SUCCESS
7963,412,9187,CREDIT,SUCCESS
7964,396,67727,CREDIT,SUCCESS
7965,219,96896,CREDIT,SUCCESS
7966,380,91922,CREDIT,SUCCESS
7967,427,23822,CREDIT,SUCCESS
7968,292,51626,DEBIT,FAILED
7969,446,34128,DEBIT,SUCCESS
7970,249,63560,DEBIT,SUCCESS
7971,367,18738,DEBIT,SUCCESS
7972,168,52823,CREDIT,SUCCESS
7973,334,41113,CREDIT,SUCCESS
7974,334,88893,DEBIT,SUCCESS
7975,275,13841,DEBIT,FAILED
7976,297,37134,CREDIT,SUCCESS
7977,439,70758,DEBIT,SUCCESS
7978,212,74062,DEBIT,SUCCESS
7979,221,93546,DEBIT,SUCCESS
7980,118,73667,DEBIT,SUCCESS
7981,457,33197,DEBIT,FAILED
7982,300,76132,CREDIT,FAILED
7983,244,58052,CREDIT,SUCCESS
7984,269,94992,CREDIT,FAILED
7985,307,47409,DEBIT,SUCCESS
7986,135,85643,DEBIT,SUCCESS
7987,221,56264,DEBIT,SUCCESS
7988,137,9551,CREDIT,SUCCESS
7989,446,24893,DEBIT,SUCCESS
7990,377,86535,DEBIT,FAILED
7991,151,93980,DEBIT,SUCCESS
7992,338,5248,DEBIT,FAILED
7993,158,33666,CREDIT,SUCCESS
7994,356,69385,DEBIT,SUCCESS
7995,199,57123,DEBIT,FAILED
7996,313,19443,CREDIT,SUCCESS
7997,245,92972,CREDIT,SUCCESS
7998,448,81358,CREDIT,SUCCESS
7999,213,11078,DEBIT,SUCCESS
8000,414,52305,DEBIT,SUCCESS
8001,232,54072,DEBIT,SUCCESS
8002,486,35910,DEBIT,SUCCESS
8003,422,74426,DEBIT,SUCCESS
8004,456,59714,CREDIT,SUCCESS
8005,178,15979,DEBIT,SUCCESS
8006,199,43982,DEBIT,FAILED
8007,192,76477,DEBIT,SUCCESS
8008,394,30540,CREDIT,SUCCESS
8009,282,48622,DEBIT,SUCCESS
8010,188,76805,CREDIT,SUCCESS
8011,439,10661,DEBIT,SUCCESS
8012,118,87696,DEBIT,SUCCESS
8013,447,98932,CREDIT,SUCCESS
8014,462,21555,DEBIT,SUCCESS
8015,137,47802,DEBIT,SUCCESS
8016,119,67873,DEBIT,FAILED
8017,395,67952,CREDIT,SUCCESS
8018,395,64421,CREDIT,FAILED
8019,440,90286,DEBIT,FAILED
8020,334,69230,DEBIT,SUCCESS
8021,219,32001,DEBIT,SUCCESS
8022,458,32905,CREDIT,SUCCESS
8023,103,5466,CREDIT,SUCCESS
8024,241,24005,CREDIT,SUCCESS
8025,437,43728,CREDIT,SUCCESS
8026,172,42198,DEBIT,FAILED
8027,257,50474,CREDIT,SUCCESS
8028,442,22185,DEBIT,SUCCESS
8029,263,7607,DEBIT,SUCCESS
8030,426,75991,DEBIT,SUCCESS
8031,140,94959,CREDIT,SUCCESS
8032,257,76441,DEBIT,SUCCESS
8033,372,97160,DEBIT,SUCCESS
8034,286,84023,CREDIT,SUCCESS
8035,447,95962,CREDIT,SUCCESS
8036,252,35631,CREDIT,SUCCESS
8037,276,33742,DEBIT,FAILED
8038,293,26779,CREDIT,SUCCESS
8039,174,45824,DEBIT,SUCCESS
8040,194,53775,DEBIT,FAILED
8041,436,90461,CREDIT,SUCCESS
8042,197,46609,CREDIT,FAILED
8043,327,30282,CREDIT,SUCCESS
8044,235,94464,CREDIT,SUCCESS
8045,372,31068,CREDIT,SUCCESS
8046,349,38265,DEBIT,FAILED
8047,368,32066,CREDIT,FAILED
8048,458,93212,DEBIT,SUCCESS
8049,249,93965,CREDIT,FAILED
8050,148,32255,DEBIT,SUCCESS
8051,438,92406,DEBIT,SUCCESS
8052,102,51761,DEBIT,SUCCESS
8053,122,49266,CREDIT,FAILED
8054,212,48393,DEBIT,SUCCESS
8055,390,33427,DEBIT,SUCCESS
8056,324,40827,CREDIT,SUCCESS
8057,255,3810,DEBIT,FAILED
8058,148,96779,DEBIT,FAILED
8059,357,48203,DEBIT,SUCCESS
8060,275,46772,DEBIT,FAILED
8061,121,59349,DEBIT,SUCCESS
8062,292,38418,DEBIT,SUCCESS
8063,300,10924,CREDIT,SUCCESS
8064,185,97313,CREDIT,SUCCESS
8065,270,65012,CREDIT,SUCCESS
8066,310,94682,DEBIT,SUCCESS
8067,202,3901,CREDIT,SUCCESS
8068,176,74985,DEBIT,FAILED
8069,457,54598,DEBIT,FAILED
8070,309,79364,DEBIT,SUCCESS
8071,498,88104,DEBIT,FAILED
8072,246,54533,CREDIT,FAILED
8073,444,92822,CREDIT,FAILED
8074,399,41453,CREDIT,SUCCESS
8075,142,65207,CREDIT,SUCCESS
8076,358,58414,DEBIT,SUCCESS
8077,332,31520,DEBIT,SUCCESS
8078,255,97454,DEBIT,SUCCESS
8079,301,94746,CREDIT,FAILED
8080,172,60290,DEBIT,SUCCESS
8081,105,74360,DEBIT,SUCCESS
8082,199,21204,CREDIT,SUCCESS
8083,154,76571,DEBIT,SUCCESS
8084,485,49652,DEBIT,FAILED
8085,322,71739,CREDIT,SUCCESS
8086,495,16232,DEBIT,SUCCESS
8087,463,94382,CREDIT,SUCCESS
8088,258,38147,CREDIT,FAILED
8089,289,34334,DEBIT,FAILED
8090,267,56362,DEBIT,SUCCESS
8091,284,46779,CREDIT,SUCCESS
8092,411,61772,CREDIT,SUCCESS
8093,383,62619,CREDIT,SUCCESS
8094,464,83387,DEBIT,SUCCESS
8095,500,68365,DEBIT,SUCCESS
8096,379,61262,DEBIT,SUCCESS
8097,433,67441,CREDIT,FAILED
8098,289,43624,DEBIT,SUCCESS
8099,198,77459,CREDIT,FAILED
8100,199,22591,CREDIT,SUCCESS
8101,457,89759,CREDIT,FAILED
8102,320,39978,DEBIT,SUCCESS
8103,430,47093,DEBIT,FAILED
8104,152,70096,CREDIT,SUCCESS
8105,410,27548,CREDIT,FAILED
8106,301,76008,DEBIT,SUCCESS
8107,403,41600,DEBIT,SUCCESS
8108,370,34059,CREDIT,FAILED
8109,109,10832,DEBIT,SUCCESS
8110,500,50685,CREDIT,SUCCESS
8111,114,25669,CREDIT,SUCCESS
8112,167,76167,CREDIT,SUCCESS
8113,241,54257,CREDIT,SUCCESS
8114,261,44996,DEBIT,FAILED
8115,361,85917,CREDIT,SUCCESS
8116,463,12801,CREDIT,SUCCESS
8117,156,63415,CREDIT,SUCCESS
8118,404,28423,DEBIT,SUCCESS
8119,104,95101,DEBIT,SUCCESS
8120,389,11942,CREDIT,SUCCESS
8121,393,6183,CREDIT,FAILED
8122,130,24701,DEBIT,SUCCESS
8123,385,75036,DEBIT,SUCCESS
8124,258,87947,CREDIT,SUCCESS
8125,108,65549,CREDIT,SUCCESS
8126,182,96443,CREDIT,SUCCESS
8127,258,93264,DEBIT,SUCCESS
8128,430,94264,DEBIT,SUCCESS
8129,406,58449,DEBIT,SUCCESS
8130,412,98233,CREDIT,SUCCESS
8131,362,15199,DEBIT,SUCCESS
8132,174,82873,DEBIT,SUCCESS
8133,297,56543,DEBIT,FAILED
8134,319,75483,DEBIT,SUCCESS
8135,250,19875,CREDIT,FAILED
8136,482,73450,CREDIT,SUCCESS
8137,490,71539,DEBIT,FAILED
8138,101,64270,CREDIT,SUCCESS
8139,153,6080,DEBIT,SUCCESS
8140,154,9548,CREDIT,SUCCESS
8141,379,26537,DEBIT,FAILED
8142,315,86281,CREDIT,FAILED
8143,275,12997,CREDIT,SUCCESS
8144,352,71565,CREDIT,SUCCESS
8145,118,34019,DEBIT,SUCCESS
8146,147,47568,CREDIT,SUCCESS
8147,128,22339,DEBIT,SUCCESS
8148,361,5284,CREDIT,SUCCESS
8149,154,14125,CREDIT,SUCCESS
8150,116,19443,DEBIT,SUCCESS
8151,355,29556,CREDIT,FAILED
8152,242,8162,DEBIT,SUCCESS
8153,363,58022,DEBIT,SUCCESS
8154,123,66488,DEBIT,SUCCESS
8155,161,17331,DEBIT,SUCCESS
8156,244,67818,DEBIT,FAILED
8157,128,55477,DEBIT,FAILED
8158,308,11287,DEBIT,SUCCESS
8159,152,55463,CREDIT,SUCCESS
8160,423,39098,CREDIT,FAILED
8161,362,64776,CREDIT,SUCCESS
8162,265,10703,DEBIT,SUCCESS
8163,183,65371,CREDIT,FAILED
8164,411,38518,DEBIT,SUCCESS
8165,414,54903,CREDIT,SUCCESS
8166,107,38681,DEBIT,SUCCESS
8167,128,31030,DEBIT,SUCCESS
8168,317,11349,CREDIT,SUCCESS
8169,427,43643,CREDIT,SUCCESS
8170,401,92536,DEBIT,SUCCESS
8171,280,28607,CREDIT,SUCCESS
8172,150,33584,DEBIT,SUCCESS
8173,335,15776,DEBIT,SUCCESS
8174,385,27734,DEBIT,SUCCESS
8175,359,38505,CREDIT,FAILED
8176,441,79267,CREDIT,SUCCESS
8177,202,85508,CREDIT,FAILED
8178,166,22706,DEBIT,SUCCESS
8179,465,1758,CREDIT,SUCCESS
8180,495,39780,DEBIT,FAILED
8181,283,63013,CREDIT,SUCCESS
8182,389,53491,CREDIT,SUCCESS
8183,239,21599,DEBIT,SUCCESS
8184,150,10398,DEBIT,FAILED
8185,199,37287,CREDIT,SUCCESS
8186,217,29518,CREDIT,SUCCESS
8187,355,2191,CREDIT,SUCCESS
8188,229,73572,DEBIT,SUCCESS
8189,228,69936,DEBIT,FAILED
8190,485,50173,CREDIT,SUCCESS
8191,105,62100,DEBIT,FAILED
8192,474,63316,DEBIT,SUCCESS
8193,394,75529,DEBIT,SUCCESS
8194,324,58403,DEBIT,SUCCESS
8195,446,35611,CREDIT,SUCCESS
8196,233,46494,DEBIT,SUCCESS
8197,351,90383,DEBIT,SUCCESS
8198,277,83470,DEBIT,FAILED
8199,265,19185,CREDIT,SUCCESS
8200,439,71932,CREDIT,SUCCESS
8201,314,20945,CREDIT,SUCCESS
8202,146,3376,CREDIT,FAILED
8203,436,16351,CREDIT,SUCCESS
8204,248,89435,CREDIT,SUCCESS
8205,179,92949,CREDIT,SUCCESS
8206,338,34909,DEBIT,SUCCESS
8207,136,31421,CREDIT,SUCCESS
8208,385,87485,CREDIT,SUCCESS
8209,382,55004,DEBIT,SUCCESS
8210,472,46276,CREDIT,FAILED
8211,191,33113,CREDIT,FAILED
8212,451,60539,DEBIT,SUCCESS
8213,486,17928,CREDIT,SUCCESS
8214,356,85735,DEBIT,SUCCESS
8215,195,41125,DEBIT,SUCCESS
8216,463,42940,CREDIT,SUCCESS
8217,296,90269,DEBIT,SUCCESS
8218,121,19343,DEBIT,SUCCESS
8219,311,67705,DEBIT,FAILED
8220,433,32601,CREDIT,SUCCESS
8221,492,13518,DEBIT,SUCCESS
8222,200,74181,CREDIT,SUCCESS
8223,240,58582,CREDIT,SUCCESS
8224,319,85484,CREDIT,SUCCESS
8225,101,58240,DEBIT,SUCCESS
8226,404,23590,DEBIT,SUCCESS
8227,105,88334,DEBIT,FAILED
8228,177,6525,CREDIT,FAILED
8229,378,26759,CREDIT,SUCCESS
8230,158,80546,DEBIT,SUCCESS
8231,378,47266,CREDIT,SUCCESS
8232,360,3680,CREDIT,SUCCESS
8233,453,57937,DEBIT,SUCCESS
8234,112,53270,DEBIT,SUCCESS
8235,459,31286,CREDIT,SUCCESS
8236,255,86386,DEBIT,SUCCESS
8237,372,73229,CREDIT,SUCCESS
8238,129,63624,DEBIT,SUCCESS
8239,397,78007,CREDIT,SUCCESS
8240,415,54498,CREDIT,SUCCESS
8241,362,1186,DEBIT,SUCCESS
8242,179,10465,CREDIT,SUCCESS
8243,249,88394,CREDIT,FAILED
8244,254,37844,DEBIT,SUCCESS
8245,211,50929,CREDIT,SUCCESS
8246,452,2481,DEBIT,FAILED
8247,145,4256,CREDIT,SUCCESS
8248,469,39042,CREDIT,SUCCESS
8249,354,5050,DEBIT,FAILED
8250,465,98675,DEBIT,FAILED
8251,311,96536,CREDIT,FAILED
8252,101,69642,CREDIT,SUCCESS
8253,111,50625,DEBIT,SUCCESS
8254,433,95609,DEBIT,SUCCESS
8255,491,97311,CREDIT,FAILED
8256,374,84250,DEBIT,SUCCESS
8257,167,14365,DEBIT,SUCCESS
8258,210,46191,CREDIT,SUCCESS
8259,353,37170,CREDIT,SUCCESS
8260,144,88762,DEBIT,SUCCESS
8261,475,2054,CREDIT,SUCCESS
8262,116,31892,CREDIT,SUCCESS
8263,201,73993,CREDIT,SUCCESS
8264,495,32329,CREDIT,FAILED
8265,151,78143,CREDIT,SUCCESS
8266,302,29256,DEBIT,SUCCESS
8267,203,53386,CREDIT,SUCCESS
8268,293,98438,DEBIT,SUCCESS
8269,164,33611,DEBIT,FAILED
8270,374,68965,CREDIT,SUCCESS
8271,435,72877,CREDIT,FAILED
8272,312,60722,DEBIT,SUCCESS
8273,170,44028,DEBIT,FAILED
8274,235,72159,DEBIT,FAILED
8275,294,43198,DEBIT,SUCCESS
8276,385,40283,DEBIT,FAILED
8277,307,45868,CREDIT,SUCCESS
8278,172,25048,DEBIT,SUCCESS
8279,119,8549,CREDIT,SUCCESS
8280,440,91446,DEBIT,SUCCESS
8281,238,24930,DEBIT,FAILED
8282,256,57434,CREDIT,SUCCESS
8283,284,2255,DEBIT,FAILED
8284,314,36110,CREDIT,SUCCESS
8285,276,41127,CREDIT,SUCCESS
8286,115,61844,DEBIT,SUCCESS
8287,400,76698,DEBIT,SUCCESS
8288,153,28080,DEBIT,SUCCESS
8289,117,71286,DEBIT,SUCCESS
8290,420,2744,CREDIT,SUCCESS
8291,165,56857,DEBIT,SUCCESS
8292,150,19613,DEBIT,FAILED
8293,243,67185,DEBIT,FAILED
8294,306,57156,CREDIT,SUCCESS
8295,252,85564,CREDIT,SUCCESS
8296,471,88441,DEBIT,SUCCESS
8297,390,33624,CREDIT,SUCCESS
8298,460,3317,DEBIT,SUCCESS
8299,269,69455,DEBIT,SUCCESS
8300,216,98956,DEBIT,SUCCESS
8301,461,48962,CREDIT,SUCCESS
8302,430,28541,CREDIT,SUCCESS
8303,210,57098,CREDIT,SUCCESS
8304,158,7340,CREDIT,SUCCESS
8305,341,29807,DEBIT,SUCCESS
8306,268,54100,CREDIT,SUCCESS
8307,298,57135,CREDIT,SUCCESS
8308,134,90096,DEBIT,SUCCESS
8309,336,60338,DEBIT,SUCCESS
8310,252,41040,DEBIT,FAILED
8311,221,88484,CREDIT,SUCCESS
8312,489,29025,DEBIT,FAILED
8313,329,14015,CREDIT,SUCCESS
8314,267,26306,DEBIT,SUCCESS
8315,367,69903,CREDIT,SUCCESS
8316,463,73515,DEBIT,SUCCESS
8317,336,60947,CREDIT,SUCCESS
8318,372,69189,CREDIT,SUCCESS
8319,208,59432,CREDIT,SUCCESS
8320,286,78033,DEBIT,FAILED
8321,134,98011,DEBIT,FAILED
8322,201,57814,DEBIT,SUCCESS
8323,108,27863,CREDIT,SUCCESS
8324,477,13299,CREDIT,FAILED
8325,420,72530,CREDIT,SUCCESS
8326,164,63186,CREDIT,SUCCESS
8327,401,72493,CREDIT,FAILED
8328,376,84586,CREDIT,SUCCESS
8329,435,55080,DEBIT,FAILED
8330,461,87158,CREDIT,SUCCESS
8331,186,33787,CREDIT,SUCCESS
8332,495,15359,DEBIT,SUCCESS
8333,459,60856,CREDIT,FAILED
8334,368,16280,DEBIT,FAILED
8335,181,43683,CREDIT,SUCCESS
8336,267,84292,CREDIT,SUCCESS
8337,233,16513,DEBIT,SUCCESS
8338,480,87984,CREDIT,SUCCESS
8339,278,82779,DEBIT,FAILED
8340,135,54074,CREDIT,SUCCESS
8341,277,54876,DEBIT,FAILED
8342,345,45094,CREDIT,SUCCESS
8343,167,14895,DEBIT,SUCCESS
8344,484,73391,DEBIT,SUCCESS
8345,251,64843,DEBIT,FAILED
8346,482,99541,CREDIT,SUCCESS
8347,350,21374,DEBIT,SUCCESS
8348,462,55466,CREDIT,FAILED
8349,375,75273,DEBIT,SUCCESS
8350,308,53724,CREDIT,SUCCESS
8351,458,38941,CREDIT,SUCCESS
8352,454,96646,CREDIT,FAILED
8353,417,96381,CREDIT,FAILED
8354,168,76544,CREDIT,FAILED
8355,160,60641,CREDIT,FAILED
8356,244,96898,DEBIT,FAILED
8357,361,45387,DEBIT,SUCCESS
8358,425,91368,CREDIT,SUCCESS
8359,249,75202,DEBIT,SUCCESS
8360,399,23674,DEBIT,FAILED
8361,366,24027,CREDIT,SUCCESS
8362,106,90872,DEBIT,SUCCESS
8363,346,75373,CREDIT,FAILED
8364,346,29176,DEBIT,SUCCESS
8365,156,24009,CREDIT,SUCCESS
8366,460,99478,DEBIT,SUCCESS
8367,249,24829,CREDIT,SUCCESS
8368,345,2262,CREDIT,SUCCESS
8369,268,36658,CREDIT,SUCCESS
8370,333,4690,DEBIT,SUCCESS
8371,280,53223,DEBIT,FAILED
8372,260,7094,CREDIT,FAILED
8373,123,90365,DEBIT,SUCCESS
8374,290,13450,DEBIT,FAILED
8375,365,76154,DEBIT,SUCCESS
8376,103,71474,DEBIT,FAILED
8377,159,84752,DEBIT,SUCCESS
8378,199,87901,DEBIT,SUCCESS
8379,370,74146,CREDIT,SUCCESS
8380,128,8497,DEBIT,SUCCESS
8381,153,56880,CREDIT,SUCCESS
8382,307,88153,CREDIT,FAILED
8383,146,54579,CREDIT,SUCCESS
8384,448,37183,DEBIT,SUCCESS
8385,402,23931,DEBIT,SUCCESS
8386,195,59667,CREDIT,SUCCESS
8387,111,68640,DEBIT,SUCCESS
8388,237,47113,CREDIT,SUCCESS
8389,176,60904,CREDIT,SUCCESS
8390,352,27530,CREDIT,FAILED
8391,461,69426,DEBIT,FAILED
8392,155,43079,CREDIT,SUCCESS
8393,344,82529,DEBIT,SUCCESS
8394,415,30149,CREDIT,SUCCESS
8395,202,6621,DEBIT,SUCCESS
8396,419,33318,CREDIT,SUCCESS
8397,471,76067,CREDIT,SUCCESS
8398,419,7776,CREDIT,SUCCESS
8399,297,35781,CREDIT,FAILED
8400,448,30188,CREDIT,FAILED
8401,144,63341,DEBIT,SUCCESS
8402,233,25733,CREDIT,SUCCESS
8403,127,70241,CREDIT,SUCCESS
8404,207,29475,DEBIT,SUCCESS
8405,346,32616,CREDIT,SUCCESS
8406,351,71770,DEBIT,SUCCESS
8407,280,14200,CREDIT,SUCCESS
8408,326,96642,DEBIT,FAILED
8409,272,96976,CREDIT,SUCCESS
8410,466,45545,DEBIT,FAILED
8411,177,59709,CREDIT,FAILED
8412,171,98116,DEBIT,SUCCESS
8413,108,18609,CREDIT,FAILED
8414,492,8093,CREDIT,FAILED
8415,109,85916,CREDIT,SUCCESS
8416,121,58515,DEBIT,SUCCESS
8417,491,4535,CREDIT,SUCCESS
8418,470,49670,CREDIT,SUCCESS
8419,222,18345,DEBIT,SUCCESS
8420,364,22807,DEBIT,SUCCESS
8421,422,40334,CREDIT,SUCCESS
8422,123,67695,CREDIT,SUCCESS
8423,266,27569,CREDIT,SUCCESS
8424,304,5030,CREDIT,SUCCESS
8425,294,2050,CREDIT,SUCCESS
8426,160,93055,DEBIT,SUCCESS
8427,192,49017,CREDIT,SUCCESS
8428,337,84063,DEBIT,FAILED
8429,237,5634,CREDIT,SUCCESS
8430,277,42446,DEBIT,SUCCESS
8431,369,71373,CREDIT,SUCCESS
8432,462,64427,CREDIT,FAILED
8433,221,62186,CREDIT,SUCCESS
8434,210,59606,CREDIT,SUCCESS
8435,469,78975,CREDIT,FAILED
8436,233,55619,CREDIT,SUCCESS
8437,129,26156,DEBIT,SUCCESS
8438,184,57315,DEBIT,SUCCESS
8439,246,55065,CREDIT,SUCCESS
8440,437,7475,CREDIT,FAILED
8441,232,52452,CREDIT,SUCCESS
8442,119,97862,CREDIT,SUCCESS
8443,118,88388,DEBIT,FAILED
8444,254,45388,CREDIT,SUCCESS
8445,138,41369,DEBIT,FAILED
8446,375,86862,CREDIT,SUCCESS
8447,337,31926,CREDIT,FAILED
8448,143,10729,CREDIT,FAILED
8449,423,88696,CREDIT,SUCCESS
8450,316,31663,CREDIT,SUCCESS
8451,254,65066,DEBIT,SUCCESS
8452,188,27879,DEBIT,SUCCESS
8453,204,59468,DEBIT,SUCCESS
8454,420,15124,CREDIT,SUCCESS
8455,136,12281,DEBIT,SUCCESS
8456,372,20532,DEBIT,FAILED
8457,397,22216,DEBIT,SUCCESS
8458,277,30116,CREDIT,FAILED
8459,430,54678,CREDIT,SUCCESS
8460,498,60808,CREDIT,SUCCESS
8461,370,5627,DEBIT,FAILED
8462,274,52094,DEBIT,SUCCESS
8463,315,3258,CREDIT,SUCCESS
8464,283,20245,CREDIT,SUCCESS
8465,489,37083,CREDIT,SUCCESS
8466,242,46307,CREDIT,SUCCESS
8467,129,53011,DEBIT,FAILED
8468,225,49000,CREDIT,SUCCESS
8469,415,32012,CREDIT,FAILED
8470,346,22227,CREDIT,SUCCESS
8471,344,38082,CREDIT,SUCCESS
8472,493,47504,CREDIT,SUCCESS
8473,231,32874,CREDIT,SUCCESS
8474,459,30888,DEBIT,FAILED
8475,424,27838,CREDIT,FAILED
8476,292,85313,DEBIT,SUCCESS
8477,468,48671,DEBIT,SUCCESS
8478,298,56425,CREDIT,SUCCESS
8479,429,54647,DEBIT,FAILED
8480,246,53585,CREDIT,SUCCESS
8481,105,68700,DEBIT,SUCCESS
8482,320,51139,DEBIT,SUCCESS
8483,479,43539,CREDIT,SUCCESS
8484,271,94273,CREDIT,SUCCESS
8485,471,53781,CREDIT,SUCCESS
8486,399,38888,DEBIT,SUCCESS
8487,187,44393,DEBIT,FAILED
8488,277,20881,DEBIT,SUCCESS
8489,230,88007,CREDIT,SUCCESS
8490,484,36223,CREDIT,SUCCESS
8491,221,46650,DEBIT,SUCCESS
8492,184,52125,DEBIT,FAILED
8493,120,38805,DEBIT,FAILED
8494,347,56889,DEBIT,FAILED
8495,338,92965,DEBIT,SUCCESS
8496,250,54986,CREDIT,SUCCESS
8497,114,23379,CREDIT,SUCCESS
8498,146,10918,CREDIT,SUCCESS
8499,105,25619,CREDIT,FAILED
8500,383,83804,CREDIT,SUCCESS
8501,251,74437,DEBIT,SUCCESS
8502,476,87450,DEBIT,SUCCESS
8503,457,56955,DEBIT,SUCCESS
8504,245,29263,DEBIT,SUCCESS
8505,107,33032,CREDIT,SUCCESS
8506,383,86398,DEBIT,SUCCESS
8507,187,18197,DEBIT,FAILED
8508,417,99053,DEBIT,SUCCESS
8509,127,42420,CREDIT,FAILED
8510,369,32384,DEBIT,FAILED
8511,103,75192,CREDIT,FAILED
8512,420,48621,CREDIT,FAILED
8513,358,29479,CREDIT,SUCCESS
8514,432,36720,DEBIT,SUCCESS
8515,237,16434,CREDIT,FAILED
8516,211,86747,DEBIT,SUCCESS
8517,356,23928,CREDIT,SUCCESS
8518,212,62704,DEBIT,SUCCESS
8519,190,75520,CREDIT,SUCCESS
8520,121,4465,DEBIT,SUCCESS
8521,386,75164,CREDIT,SUCCESS
8522,332,50767,CREDIT,FAILED
8523,184,65474,CREDIT,SUCCESS
8524,137,3208,DEBIT,SUCCESS
8525,401,24438,DEBIT,SUCCESS
8526,168,17017,CREDIT,SUCCESS
8527,200,51289,DEBIT,SUCCESS
8528,183,56922,DEBIT,SUCCESS
8529,350,58291,CREDIT,SUCCESS
8530,470,88248,CREDIT,FAILED
8531,436,10896,CREDIT,SUCCESS
8532,418,70663,CREDIT,SUCCESS
8533,264,53018,CREDIT,SUCCESS
8534,274,57080,DEBIT,SUCCESS
8535,468,36399,DEBIT,FAILED
8536,169,54604,CREDIT,SUCCESS
8537,242,4532,DEBIT,SUCCESS
8538,280,42556,DEBIT,FAILED
8539,146,53093,DEBIT,FAILED
8540,388,85722,DEBIT,SUCCESS
8541,284,81187,CREDIT,SUCCESS
8542,487,96137,CREDIT,SUCCESS
8543,274,72484,CREDIT,SUCCESS
8544,151,57021,DEBIT,SUCCESS
8545,427,78766,CREDIT,FAILED
8546,186,22136,CREDIT,SUCCESS
8547,448,48879,DEBIT,SUCCESS
8548,478,58500,DEBIT,FAILED
8549,123,17697,CREDIT,SUCCESS
8550,296,61153,CREDIT,FAILED
8551,483,54215,DEBIT,SUCCESS
8552,176,63066,DEBIT,SUCCESS
8553,336,68190,CREDIT,SUCCESS
8554,419,60234,DEBIT,FAILED
8555,247,6462,CREDIT,SUCCESS
8556,171,71112,CREDIT,SUCCESS
8557,263,56429,DEBIT,SUCCESS
8558,173,54010,CREDIT,SUCCESS
8559,274,92721,CREDIT,SUCCESS
8560,440,23877,DEBIT,SUCCESS
8561,334,55034,CREDIT,SUCCESS
8562,460,77679,DEBIT,FAILED
8563,155,68784,CREDIT,FAILED
8564,270,45509,DEBIT,SUCCESS
8565,415,74268,CREDIT,FAILED
8566,409,81102,CREDIT,SUCCESS
8567,304,3371,CREDIT,FAILED
8568,264,74508,DEBIT,SUCCESS
8569,301,80106,CREDIT,SUCCESS
8570,171,6586,CREDIT,SUCCESS
8571,232,24939,CREDIT,SUCCESS
8572,154,78220,DEBIT,SUCCESS
8573,312,68349,DEBIT,FAILED
8574,109,82024,DEBIT,SUCCESS
8575,138,82113,DEBIT,SUCCESS
8576,295,97487,CREDIT,SUCCESS
8577,349,32700,CREDIT,SUCCESS
8578,158,77201,CREDIT,SUCCESS
8579,416,92251,DEBIT,SUCCESS
8580,328,92494,DEBIT,SUCCESS
8581,119,56272,DEBIT,SUCCESS
8582,444,34020,CREDIT,SUCCESS
8583,335,66844,DEBIT,SUCCESS
8584,232,96943,CREDIT,SUCCESS
8585,376,48343,CREDIT,SUCCESS
8586,113,78247,CREDIT,SUCCESS
8587,365,91017,CREDIT,SUCCESS
8588,203,87984,CREDIT,SUCCESS
8589,258,56531,CREDIT,SUCCESS
8590,384,74229,CREDIT,SUCCESS
8591,456,96099,CREDIT,SUCCESS
8592,109,25334,DEBIT,SUCCESS
8593,436,67700,DEBIT,SUCCESS
8594,405,2597,CREDIT,FAILED
8595,410,73347,DEBIT,SUCCESS
8596,367,45945,DEBIT,SUCCESS
8597,257,23295,CREDIT,SUCCESS
8598,115,7761,CREDIT,SUCCESS
8599,139,18639,CREDIT,SUCCESS
8600,417,39057,CREDIT,FAILED
8601,199,87356,DEBIT,FAILED
8602,195,53330,CREDIT,FAILED
8603,430,71781,CREDIT,FAILED
8604,180,39564,DEBIT,SUCCESS
8605,471,78075,CREDIT,FAILED
8606,174,46816,DEBIT,FAILED
8607,490,76531,DEBIT,SUCCESS
8608,228,44830,CREDIT,SUCCESS
8609,208,70651,CREDIT,FAILED
8610,431,71155,DEBIT,FAILED
8611,131,79695,CREDIT,FAILED
8612,443,73234,DEBIT,FAILED
8613,116,89986,DEBIT,SUCCESS
8614,142,88713,CREDIT,SUCCESS
8615,444,57344,CREDIT,SUCCESS
8616,465,96299,DEBIT,SUCCESS
8617,384,67094,CREDIT,SUCCESS
8618,430,87617,DEBIT,FAILED
8619,412,16367,CREDIT,FAILED
8620,337,18899,CREDIT,FAILED
8621,248,39177,DEBIT,SUCCESS
8622,316,18066,DEBIT,SUCCESS
8623,304,67289,DEBIT,FAILED
8624,149,76255,DEBIT,SUCCESS
8625,242,34864,DEBIT,SUCCESS
8626,278,11906,DEBIT,FAILED
8627,259,48252,CREDIT,FAILED
8628,375,91453,CREDIT,SUCCESS
8629,260,28610,DEBIT,SUCCESS
8630,101,63422,CREDIT,SUCCESS
8631,258,67039,CREDIT,SUCCESS
8632,405,83722,CREDIT,SUCCESS
8633,448,50472,CREDIT,SUCCESS
8634,310,77165,DEBIT,SUCCESS
8635,170,94389,DEBIT,SUCCESS
8636,314,39550,DEBIT,SUCCESS
8637,146,20855,DEBIT,SUCCESS
8638,280,52847,CREDIT,SUCCESS
8639,414,96487,DEBIT,FAILED
8640,195,30239,CREDIT,SUCCESS
8641,356,29309,CREDIT,SUCCESS
8642,385,50424,CREDIT,SUCCESS
8643,124,35593,CREDIT,SUCCESS
8644,439,71423,DEBIT,FAILED
8645,359,74027,DEBIT,FAILED
8646,448,10711,DEBIT,SUCCESS
8647,463,66148,DEBIT,SUCCESS
8648,350,40766,DEBIT,SUCCESS
8649,309,71263,DEBIT,SUCCESS
8650,380,47480,DEBIT,SUCCESS
8651,479,88336,CREDIT,SUCCESS
8652,282,76089,DEBIT,SUCCESS
8653,424,4340,CREDIT,SUCCESS
8654,349,69985,DEBIT,SUCCESS
8655,431,56541,CREDIT,SUCCESS
8656,331,86490,CREDIT,SUCCESS
8657,366,40369,DEBIT,SUCCESS
8658,435,7822,CREDIT,SUCCESS
8659,328,68662,CREDIT,SUCCESS
8660,159,13582,DEBIT,SUCCESS
8661,145,47776,DEBIT,SUCCESS
8662,164,73136,CREDIT,SUCCESS
8663,255,83511,CREDIT,SUCCESS
8664,379,73796,CREDIT,FAILED
8665,153,79986,CREDIT,SUCCESS
8666,436,16983,DEBIT,SUCCESS
8667,434,59238,DEBIT,SUCCESS
8668,275,18721,DEBIT,SUCCESS
8669,169,79659,DEBIT,SUCCESS
8670,397,28349,CREDIT,FAILED
8671,153,46628,CREDIT,SUCCESS
8672,465,77078,CREDIT,FAILED
8673,129,97664,DEBIT,SUCCESS
8674,362,58425,CREDIT,FAILED
8675,136,89084,CREDIT,SUCCESS
8676,440,21426,DEBIT,SUCCESS
8677,337,21064,DEBIT,SUCCESS
8678,403,61017,CREDIT,FAILED
8679,367,72161,DEBIT,FAILED
8680,317,20260,DEBIT,SUCCESS
8681,274,42918,DEBIT,SUCCESS
8682,220,60833,CREDIT,SUCCESS
8683,481,6388,DEBIT,SUCCESS
8684,382,81308,CREDIT,SUCCESS
8685,218,98839,CREDIT,SUCCESS
8686,237,20353,DEBIT,SUCCESS
8687,102,38405,CREDIT,SUCCESS
8688,236,94757,DEBIT,SUCCESS
8689,180,55449,DEBIT,SUCCESS
8690,493,78128,DEBIT,SUCCESS
8691,267,28962,CREDIT,SUCCESS
8692,107,54336,CREDIT,FAILED
8693,385,53570,DEBIT,SUCCESS
8694,144,34885,DEBIT,SUCCESS
8695,419,49522,CREDIT,SUCCESS
8696,138,67713,DEBIT,FAILED
8697,325,56855,DEBIT,FAILED
8698,316,55508,DEBIT,SUCCESS
8699,137,74226,CREDIT,SUCCESS
8700,413,39529,CREDIT,SUCCESS
8701,440,96269,CREDIT,SUCCESS
8702,359,81727,DEBIT,FAILED
8703,104,38237,DEBIT,SUCCESS
8704,117,90983,DEBIT,SUCCESS
8705,272,34889,CREDIT,SUCCESS
8706,121,77113,DEBIT,SUCCESS
8707,306,27392,CREDIT,SUCCESS
8708,292,44584,DEBIT,SUCCESS
8709,481,49176,CREDIT,SUCCESS
8710,280,69234,CREDIT,SUCCESS
8711,133,20225,DEBIT,SUCCESS
8712,162,48313,CREDIT,SUCCESS
8713,215,95709,CREDIT,SUCCESS
8714,361,82025,DEBIT,SUCCESS
8715,249,76337,DEBIT,FAILED
8716,500,18766,CREDIT,SUCCESS
8717,414,52369,DEBIT,SUCCESS
8718,291,5574,DEBIT,SUCCESS
8719,318,70278,DEBIT,SUCCESS
8720,460,58906,CREDIT,FAILED
8721,391,12624,CREDIT,SUCCESS
8722,219,30070,CREDIT,SUCCESS
8723,387,4606,DEBIT,FAILED
8724,120,49515,CREDIT,FAILED
8725,331,88134,CREDIT,SUCCESS
8726,148,80913,DEBIT,SUCCESS
8727,293,56228,DEBIT,SUCCESS
8728,395,22902,CREDIT,SUCCESS
8729,443,27067,CREDIT,FAILED
8730,130,1505,DEBIT,SUCCESS
8731,213,99546,CREDIT,SUCCESS
8732,379,64775,CREDIT,SUCCESS
8733,306,63640,DEBIT,SUCCESS
8734,232,44560,CREDIT,SUCCESS
8735,456,30809,DEBIT,SUCCESS
8736,422,32521,CREDIT,FAILED
8737,340,29250,DEBIT,SUCCESS
8738,491,60007,CREDIT,FAILED
8739,427,95912,DEBIT,SUCCESS
8740,118,93080,CREDIT,FAILED
8741,107,23534,DEBIT,SUCCESS
8742,402,5629,CREDIT,SUCCESS
8743,423,36985,CREDIT,SUCCESS
8744,245,88609,CREDIT,FAILED
8745,292,94940,CREDIT,SUCCESS
8746,388,7721,DEBIT,SUCCESS
8747,292,39936,DEBIT,SUCCESS
8748,259,38110,DEBIT,SUCCESS
8749,242,14974,CREDIT,SUCCESS
8750,277,92796,DEBIT,SUCCESS
8751,344,43798,CREDIT,FAILED
8752,411,46107,CREDIT,FAILED
8753,253,98972,DEBIT,FAILED
8754,425,72306,DEBIT,SUCCESS
8755,391,17272,CREDIT,SUCCESS
8756,427,13934,CREDIT,SUCCESS
8757,366,32621,DEBIT,SUCCESS
8758,312,53039,CREDIT,SUCCESS
8759,373,61482,DEBIT,SUCCESS
8760,329,51917,CREDIT,SUCCESS
8761,233,46241,CREDIT,SUCCESS
8762,453,33445,DEBIT,SUCCESS
8763,454,19658,DEBIT,FAILED
8764,234,12388,CREDIT,FAILED
8765,154,69216,CREDIT,SUCCESS
8766,421,23422,DEBIT,SUCCESS
8767,445,92697,CREDIT,SUCCESS
8768,364,42534,CREDIT,SUCCESS
8769,140,30364,CREDIT,FAILED
8770,498,80754,DEBIT,FAILED
8771,398,42874,CREDIT,SUCCESS
8772,248,81731,DEBIT,SUCCESS
8773,116,72430,DEBIT,SUCCESS
8774,221,14639,CREDIT,SUCCESS
8775,274,69972,CREDIT,FAILED
8776,287,83049,DEBIT,FAILED
8777,205,17847,CREDIT,SUCCESS
8778,245,71933,DEBIT,FAILED
8779,290,65676,CREDIT,SUCCESS
8780,106,80889,CREDIT,SUCCESS
8781,278,47450,DEBIT,SUCCESS
8782,134,63395,DEBIT,SUCCESS
8783,423,20192,DEBIT,SUCCESS
8784,419,28198,DEBIT,SUCCESS
8785,399,53855,CREDIT,SUCCESS
8786,229,19671,DEBIT,FAILED
8787,455,9298,CREDIT,SUCCESS
8788,112,74561,CREDIT,FAILED
8789,153,77594,CREDIT,FAILED
8790,242,95711,CREDIT,FAILED
8791,194,61088,DEBIT,FAILED
8792,302,34258,CREDIT,FAILED
8793,416,59927,CREDIT,FAILED
8794,379,4087,DEBIT,FAILED
8795,147,38580,DEBIT,FAILED
8796,114,98044,DEBIT,SUCCESS
8797,150,55676,CREDIT,SUCCESS
8798,461,26757,CREDIT,SUCCESS
8799,355,23018,DEBIT,FAILED
8800,294,89168,DEBIT,SUCCESS
8801,330,43891,DEBIT,SUCCESS
8802,228,50900,CREDIT,SUCCESS
8803,339,2295,DEBIT,SUCCESS
8804,203,37553,DEBIT,SUCCESS
8805,137,40391,DEBIT,FAILED
8806,380,63579,CREDIT,SUCCESS
8807,499,62331,CREDIT,FAILED
8808,417,37906,CREDIT,FAILED
8809,312,60851,DEBIT,SUCCESS
8810,117,20643,CREDIT,SUCCESS
8811,275,64259,CREDIT,SUCCESS
8812,145,12053,CREDIT,SUCCESS
8813,381,79939,DEBIT,SUCCESS
8814,173,82606,CREDIT,FAILED
8815,213,31922,CREDIT,SUCCESS
8816,125,17683,CREDIT,SUCCESS
8817,405,84733,CREDIT,SUCCESS
8818,486,71361,DEBIT,SUCCESS
8819,134,29507,DEBIT,SUCCESS
8820,184,92961,CREDIT,SUCCESS
8821,160,79981,CREDIT,SUCCESS
8822,174,76521,CREDIT,FAILED
8823,382,87969,CREDIT,SUCCESS
8824,148,27113,CREDIT,SUCCESS
8825,464,72277,DEBIT,FAILED
8826,435,22597,CREDIT,SUCCESS
8827,170,27848,CREDIT,SUCCESS
8828,323,45451,DEBIT,FAILED
8829,336,58973,CREDIT,SUCCESS
8830,384,56274,DEBIT,SUCCESS
8831,438,95415,CREDIT,FAILED
8832,315,14750,DEBIT,SUCCESS
8833,433,56850,DEBIT,SUCCESS
8834,368,42261,DEBIT,SUCCESS
8835,234,3216,DEBIT,FAILED
8836,349,46385,DEBIT,SUCCESS
8837,199,3669,CREDIT,SUCCESS
8838,289,88246,DEBIT,FAILED
8839,307,78329,CREDIT,SUCCESS
8840,289,19549,CREDIT,SUCCESS
8841,241,7332,CREDIT,FAILED
8842,340,18010,DEBIT,FAILED
8843,428,99554,DEBIT,SUCCESS
8844,467,22475,DEBIT,FAILED
8845,418,70882,CREDIT,FAILED
8846,492,37708,DEBIT,FAILED
8847,189,65142,DEBIT,FAILED
8848,143,58315,DEBIT,SUCCESS
8849,168,92541,CREDIT,SUCCESS
8850,412,57247,CREDIT,FAILED
8851,464,54436,DEBIT,FAILED
8852,351,28880,CREDIT,SUCCESS
8853,177,95869,CREDIT,SUCCESS
8854,189,6767,DEBIT,FAILED
8855,454,70996,CREDIT,FAILED
8856,464,26310,DEBIT,FAILED
8857,265,64112,DEBIT,SUCCESS
8858,441,46579,CREDIT,SUCCESS
8859,331,25391,CREDIT,SUCCESS
8860,125,53173,CREDIT,SUCCESS
8861,473,18212,CREDIT,SUCCESS
8862,121,71652,DEBIT,FAILED
8863,496,64226,CREDIT,SUCCESS
8864,485,80175,CREDIT,SUCCESS
8865,202,4650,CREDIT,SUCCESS
8866,221,78355,DEBIT,SUCCESS
8867,245,87849,CREDIT,FAILED
8868,481,47632,DEBIT,SUCCESS
8869,299,20549,DEBIT,SUCCESS
8870,199,49654,DEBIT,FAILED
8871,364,84356,DEBIT,SUCCESS
8872,195,81529,DEBIT,SUCCESS
8873,179,62886,DEBIT,FAILED
8874,141,17136,CREDIT,SUCCESS
8875,303,6704,CREDIT,SUCCESS
8876,103,90989,CREDIT,SUCCESS
8877,387,12760,CREDIT,FAILED
8878,427,35627,DEBIT,FAILED
8879,229,77624,DEBIT,SUCCESS
8880,148,97920,CREDIT,SUCCESS
8881,318,84283,DEBIT,SUCCESS
8882,113,59200,DEBIT,SUCCESS
8883,370,34889,DEBIT,SUCCESS
8884,297,73148,DEBIT,SUCCESS
8885,106,27740,CREDIT,SUCCESS
8886,440,1126,CREDIT,SUCCESS
8887,274,7967,CREDIT,SUCCESS
8888,245,82871,DEBIT,SUCCESS
8889,340,55609,DEBIT,FAILED
8890,404,25733,CREDIT,FAILED
8891,442,7799,DEBIT,SUCCESS
8892,319,64665,DEBIT,SUCCESS
8893,185,89083,DEBIT,FAILED
8894,143,25109,CREDIT,FAILED
8895,467,95995,DEBIT,SUCCESS
8896,134,31794,DEBIT,FAILED
8897,183,82014,DEBIT,SUCCESS
8898,250,29701,CREDIT,SUCCESS
8899,191,24312,CREDIT,SUCCESS
8900,284,81124,CREDIT,SUCCESS
8901,263,82650,CREDIT,SUCCESS
8902,247,9943,DEBIT,FAILED
8903,163,26125,DEBIT,FAILED
8904,434,77165,CREDIT,SUCCESS
8905,297,96000,CREDIT,SUCCESS
8906,253,72675,DEBIT,SUCCESS
8907,192,14843,CREDIT,FAILED
8908,283,85568,DEBIT,SUCCESS
8909,269,88422,CREDIT,FAILED
8910,222,70122,CREDIT,FAILED
8911,425,68684,CREDIT,SUCCESS
8912,355,39394,DEBIT,FAILED
8913,232,68211,CREDIT,SUCCESS
8914,308,1975,CREDIT,SUCCESS
8915,363,42905,CREDIT,SUCCESS
8916,401,2924,DEBIT,FAILED
8917,244,75614,CREDIT,SUCCESS
8918,389,48936,DEBIT,SUCCESS
8919,132,45626,DEBIT,SUCCESS
8920,207,66100,CREDIT,SUCCESS
8921,271,11554,CREDIT,SUCCESS
8922,277,83913,DEBIT,SUCCESS
8923,418,50174,DEBIT,SUCCESS
8924,341,82934,DEBIT,SUCCESS
8925,418,42691,CREDIT,SUCCESS
8926,421,18659,DEBIT,SUCCESS
8927,184,84975,CREDIT,SUCCESS
8928,233,52984,CREDIT,FAILED
8929,356,73012,DEBIT,SUCCESS
8930,324,19604,CREDIT,SUCCESS
8931,257,35644,DEBIT,FAILED
8932,206,92933,CREDIT,SUCCESS
8933,130,77809,DEBIT,FAILED
8934,495,71400,CREDIT,SUCCESS
8935,488,17234,CREDIT,FAILED
8936,117,56232,CREDIT,SUCCESS
8937,345,98982,DEBIT,SUCCESS
8938,381,22852,CREDIT,FAILED
8939,333,84544,DEBIT,SUCCESS
8940,294,43120,CREDIT,SUCCESS
8941,295,79351,CREDIT,FAILED
8942,345,81478,CREDIT,SUCCESS
8943,109,5901,CREDIT,FAILED
8944,328,36901,CREDIT,SUCCESS
8945,417,34986,CREDIT,SUCCESS
8946,307,56478,DEBIT,SUCCESS
8947,114,93795,DEBIT,FAILED
8948,209,66052,CREDIT,FAILED
8949,201,94124,CREDIT,SUCCESS
8950,187,75310,DEBIT,SUCCESS
8951,476,13100,DEBIT,SUCCESS
8952,420,89556,DEBIT,SUCCESS
8953,364,88145,CREDIT,FAILED
8954,229,19250,DEBIT,SUCCESS
8955,392,30272,CREDIT,SUCCESS
8956,476,93507,DEBIT,SUCCESS
8957,185,95319,CREDIT,SUCCESS
8958,334,69553,DEBIT,SUCCESS
8959,223,57369,DEBIT,SUCCESS
8960,242,67667,CREDIT,SUCCESS
8961,297,60600,DEBIT,SUCCESS
8962,446,96096,DEBIT,FAILED
8963,482,52268,DEBIT,SUCCESS
8964,310,73488,CREDIT,SUCCESS
8965,228,7392,CREDIT,SUCCESS
8966,212,88062,DEBIT,SUCCESS
8967,346,79420,CREDIT,SUCCESS
8968,140,81508,DEBIT,SUCCESS
8969,146,24562,DEBIT,FAILED
8970,247,68337,CREDIT,SUCCESS
8971,496,45812,CREDIT,FAILED
8972,364,16642,DEBIT,SUCCESS
8973,429,67356,DEBIT,SUCCESS
8974,360,83383,CREDIT,SUCCESS
8975,470,96303,DEBIT,SUCCESS
8976,112,8827,CREDIT,SUCCESS
8977,288,76090,DEBIT,FAILED
8978,398,11832,DEBIT,SUCCESS
8979,419,48182,CREDIT,SUCCESS
8980,468,59407,DEBIT,SUCCESS
8981,472,33186,DEBIT,SUCCESS
8982,343,90686,DEBIT,SUCCESS
8983,304,12648,DEBIT,SUCCESS
8984,320,33149,DEBIT,SUCCESS
8985,483,99235,CREDIT,SUCCESS
8986,189,24538,CREDIT,SUCCESS
8987,275,47221,CREDIT,SUCCESS
8988,341,3870,DEBIT,SUCCESS
8989,205,30637,DEBIT,SUCCESS
8990,269,39890,DEBIT,SUCCESS
8991,178,41624,DEBIT,SUCCESS
8992,201,8963,CREDIT,SUCCESS
8993,473,7583,DEBIT,FAILED
8994,290,87289,CREDIT,SUCCESS
8995,408,96107,DEBIT,SUCCESS
8996,447,29089,CREDIT,SUCCESS
8997,239,12285,DEBIT,SUCCESS
8998,126,72750,CREDIT,SUCCESS
8999,310,49757,DEBIT,FAILED
9000,409,61427,DEBIT,SUCCESS
9001,340,84331,DEBIT,SUCCESS
9002,270,18194,CREDIT,SUCCESS
9003,420,41139,CREDIT,SUCCESS
9004,197,11112,CREDIT,SUCCESS
9005,191,95582,CREDIT,SUCCESS
9006,146,82739,DEBIT,SUCCESS
9007,290,4449,DEBIT,FAILED
9008,471,64919,CREDIT,SUCCESS
9009,210,29154,DEBIT,SUCCESS
9010,179,32984,CREDIT,SUCCESS
9011,339,28876,CREDIT,SUCCESS
9012,136,55536,DEBIT,SUCCESS
9013,329,87670,CREDIT,FAILED
9014,461,52902,DEBIT,SUCCESS
9015,149,71817,CREDIT,SUCCESS
9016,361,79492,CREDIT,SUCCESS
9017,371,73417,DEBIT,SUCCESS
9018,459,33625,DEBIT,SUCCESS
9019,472,35614,DEBIT,FAILED
9020,101,46100,DEBIT,SUCCESS
9021,230,87758,DEBIT,FAILED
9022,130,50158,CREDIT,FAILED
9023,398,55762,CREDIT,FAILED
9024,432,2668,DEBIT,SUCCESS
9025,448,67343,CREDIT,SUCCESS
9026,169,61724,DEBIT,FAILED
9027,343,4935,DEBIT,FAILED
9028,200,97736,CREDIT,SUCCESS
9029,186,93796,CREDIT,FAILED
9030,422,69789,CREDIT,SUCCESS
9031,142,45797,CREDIT,SUCCESS
9032,109,19252,CREDIT,SUCCESS
9033,173,13471,CREDIT,SUCCESS
9034,483,19916,CREDIT,SUCCESS
9035,127,78443,DEBIT,SUCCESS
9036,233,22960,DEBIT,SUCCESS
9037,216,87862,CREDIT,SUCCESS
9038,278,41400,DEBIT,FAILED
9039,137,62105,CREDIT,SUCCESS
9040,300,57130,DEBIT,FAILED
9041,343,38459,CREDIT,SUCCESS
9042,269,12885,CREDIT,SUCCESS
9043,425,44039,DEBIT,SUCCESS
9044,345,74680,DEBIT,SUCCESS
9045,494,58023,CREDIT,SUCCESS
9046,337,9072,CREDIT,FAILED
9047,321,36533,CREDIT,SUCCESS
9048,395,66323,CREDIT,FAILED
9049,375,73100,CREDIT,FAILED
9050,172,79134,DEBIT,FAILED
9051,129,82463,CREDIT,SUCCESS
9052,297,67800,CREDIT,SUCCESS
9053,384,67819,DEBIT,SUCCESS
9054,320,30155,DEBIT,FAILED
9055,138,41784,DEBIT,SUCCESS
9056,216,83519,CREDIT,FAILED
9057,123,90174,DEBIT,FAILED
9058,428,89230,CREDIT,SUCCESS
9059,251,67159,DEBIT,SUCCESS
9060,165,47682,CREDIT,FAILED
9061,353,95674,CREDIT,SUCCESS
9062,414,87633,DEBIT,SUCCESS
9063,247,10122,DEBIT,SUCCESS
9064,405,26600,CREDIT,SUCCESS
9065,234,36444,CREDIT,SUCCESS
9066,417,45858,CREDIT,SUCCESS
9067,313,77459,DEBIT,FAILED
9068,385,15661,DEBIT,FAILED
9069,457,40694,DEBIT,SUCCESS
9070,435,67894,CREDIT,SUCCESS
9071,303,23784,DEBIT,SUCCESS
9072,328,98469,DEBIT,SUCCESS
9073,315,91612,DEBIT,FAILED
9074,234,40420,CREDIT,SUCCESS
9075,117,71264,CREDIT,SUCCESS
9076,290,77494,DEBIT,SUCCESS
9077,124,62057,DEBIT,SUCCESS
9078,330,45579,CREDIT,SUCCESS
9079,310,9199,DEBIT,SUCCESS
9080,459,44007,CREDIT,FAILED
9081,275,73312,CREDIT,SUCCESS
9082,323,13242,DEBIT,SUCCESS
9083,277,98127,DEBIT,FAILED
9084,330,15090,CREDIT,FAILED
9085,242,90890,DEBIT,SUCCESS
9086,289,95219,DEBIT,SUCCESS
9087,159,81885,CREDIT,SUCCESS
9088,210,30571,DEBIT,FAILED
9089,439,66706,CREDIT,SUCCESS
9090,321,68754,CREDIT,SUCCESS
9091,403,92425,DEBIT,FAILED
9092,473,3072,DEBIT,SUCCESS
9093,491,33659,DEBIT,SUCCESS
9094,244,8647,CREDIT,FAILED
9095,454,74881,CREDIT,SUCCESS
9096,194,70945,CREDIT,FAILED
9097,235,25583,CREDIT,SUCCESS
9098,437,96996,DEBIT,SUCCESS
9099,140,89108,DEBIT,SUCCESS
9100,136,49111,CREDIT,SUCCESS
9101,133,61682,DEBIT,FAILED
9102,254,26595,DEBIT,SUCCESS
9103,259,14927,CREDIT,SUCCESS
9104,138,6260,DEBIT,SUCCESS
9105,468,94551,DEBIT,SUCCESS
9106,368,69446,DEBIT,SUCCESS
9107,322,60012,CREDIT,FAILED
9108,482,28997,CREDIT,SUCCESS
9109,235,76983,DEBIT,SUCCESS
9110,221,61518,DEBIT,SUCCESS
9111,290,99043,CREDIT,SUCCESS
9112,318,59530,CREDIT,SUCCESS
9113,312,58151,CREDIT,FAILED
9114,269,42767,CREDIT,SUCCESS
9115,385,98439,DEBIT,SUCCESS
9116,281,86560,CREDIT,SUCCESS
9117,317,89978,CREDIT,FAILED
9118,322,23392,DEBIT,FAILED
9119,129,68447,DEBIT,SUCCESS
9120,344,24726,DEBIT,FAILED
9121,146,70231,CREDIT,SUCCESS
9122,102,83693,CREDIT,FAILED
9123,268,9656,DEBIT,FAILED
9124,452,62774,CREDIT,FAILED
9125,470,2492,DEBIT,SUCCESS
9126,240,34680,CREDIT,SUCCESS
9127,452,55285,CREDIT,SUCCESS
9128,475,53827,DEBIT,FAILED
9129,219,95031,DEBIT,SUCCESS
9130,449,11201,CREDIT,SUCCESS
9131,208,68049,CREDIT,SUCCESS
9132,134,38057,CREDIT,SUCCESS
9133,498,30195,CREDIT,FAILED
9134,448,18535,CREDIT,SUCCESS
9135,179,42774,DEBIT,SUCCESS
9136,315,1842,DEBIT,SUCCESS
9137,433,74805,CREDIT,SUCCESS
9138,282,20008,DEBIT,SUCCESS
9139,405,11994,DEBIT,SUCCESS
9140,132,83893,DEBIT,SUCCESS
9141,155,2637,CREDIT,SUCCESS
9142,375,5756,DEBIT,SUCCESS
9143,177,96769,CREDIT,FAILED
9144,102,46037,DEBIT,SUCCESS
9145,440,98147,DEBIT,SUCCESS
9146,274,38660,CREDIT,SUCCESS
9147,364,48809,DEBIT,FAILED
9148,403,11697,CREDIT,FAILED
9149,341,81831,DEBIT,SUCCESS
9150,274,98514,CREDIT,SUCCESS
9151,316,24452,DEBIT,SUCCESS
9152,206,91022,CREDIT,SUCCESS
9153,390,14679,CREDIT,SUCCESS
9154,171,80935,CREDIT,SUCCESS
9155,489,46891,DEBIT,SUCCESS
9156,188,90106,DEBIT,FAILED
9157,470,46456,CREDIT,SUCCESS
9158,132,72255,CREDIT,SUCCESS
9159,183,99163,CREDIT,FAILED
9160,137,76646,DEBIT,SUCCESS
9161,228,98074,DEBIT,FAILED
9162,448,42527,DEBIT,SUCCESS
9163,170,6829,CREDIT,SUCCESS
9164,272,9176,DEBIT,SUCCESS
9165,324,96399,DEBIT,SUCCESS
9166,247,77307,DEBIT,SUCCESS
9167,242,70489,DEBIT,SUCCESS
9168,241,17223,DEBIT,SUCCESS
9169,272,3940,DEBIT,FAILED
9170,337,46203,CREDIT,SUCCESS
9171,490,41221,DEBIT,FAILED
9172,388,20909,CREDIT,FAILED
9173,272,50966,CREDIT,FAILED
9174,395,57807,CREDIT,FAILED
9175,131,5753,DEBIT,SUCCESS
9176,479,70112,CREDIT,SUCCESS
9177,110,62223,CREDIT,SUCCESS
9178,420,39435,CREDIT,SUCCESS
9179,407,33934,DEBIT,SUCCESS
9180,146,50267,DEBIT,SUCCESS
9181,203,43268,CREDIT,SUCCESS
9182,102,65615,DEBIT,FAILED
9183,297,15332,CREDIT,FAILED
9184,456,49430,CREDIT,SUCCESS
9185,188,82724,CREDIT,SUCCESS
9186,437,6317,DEBIT,SUCCESS
9187,197,40155,CREDIT,FAILED
9188,349,78139,CREDIT,FAILED
9189,354,95511,CREDIT,SUCCESS
9190,429,76485,CREDIT,SUCCESS
9191,120,32480,DEBIT,SUCCESS
9192,311,62417,CREDIT,FAILED
9193,153,72947,DEBIT,SUCCESS
9194,414,28746,CREDIT,FAILED
9195,175,81800,DEBIT,FAILED
9196,105,31425,CREDIT,FAILED
9197,226,82742,CREDIT,SUCCESS
9198,292,88105,DEBIT,FAILED
9199,345,23873,DEBIT,FAILED
9200,143,1529,CREDIT,FAILED
9201,298,85655,DEBIT,SUCCESS
9202,386,54186,DEBIT,FAILED
9203,178,66397,CREDIT,SUCCESS
9204,226,79655,DEBIT,FAILED
9205,239,13226,DEBIT,FAILED
9206,459,15734,DEBIT,SUCCESS
9207,439,73027,CREDIT,SUCCESS
9208,392,52319,DEBIT,SUCCESS
9209,309,74761,CREDIT,SUCCESS
9210,441,27462,DEBIT,FAILED
9211,159,12044,CREDIT,SUCCESS
9212,148,69566,CREDIT,SUCCESS
9213,260,36988,DEBIT,SUCCESS
9214,420,60913,CREDIT,SUCCESS
9215,475,37092,DEBIT,SUCCESS
9216,451,92109,CREDIT,SUCCESS
9217,385,10941,DEBIT,SUCCESS
9218,316,28400,CREDIT,SUCCESS
9219,397,96158,DEBIT,FAILED
9220,500,4820,CREDIT,FAILED
9221,215,64901,CREDIT,SUCCESS
9222,365,49046,CREDIT,SUCCESS
9223,393,14843,DEBIT,SUCCESS
9224,362,9033,CREDIT,SUCCESS
9225,143,83205,DEBIT,SUCCESS
9226,428,90074,DEBIT,SUCCESS
9227,222,52406,DEBIT,SUCCESS
9228,287,18807,DEBIT,FAILED
9229,109,70651,DEBIT,SUCCESS
9230,478,68947,DEBIT,SUCCESS
9231,483,15054,DEBIT,FAILED
9232,282,66142,DEBIT,SUCCESS
9233,299,53939,DEBIT,FAILED
9234,211,51939,CREDIT,SUCCESS
9235,444,44520,DEBIT,SUCCESS
9236,178,29946,CREDIT,FAILED
9237,316,29838,DEBIT,SUCCESS
9238,252,57967,DEBIT,SUCCESS
9239,477,55816,CREDIT,SUCCESS
9240,109,87559,CREDIT,SUCCESS
9241,286,45205,DEBIT,SUCCESS
9242,118,23349,DEBIT,SUCCESS
9243,404,33075,CREDIT,SUCCESS
9244,100,31769,CREDIT,SUCCESS
9245,494,11839,CREDIT,SUCCESS
9246,486,70592,CREDIT,SUCCESS
9247,444,19610,CREDIT,FAILED
9248,252,47532,CREDIT,SUCCESS
9249,161,19857,CREDIT,FAILED
9250,465,69737,CREDIT,SUCCESS
9251,313,97224,CREDIT,SUCCESS
9252,203,97992,DEBIT,FAILED
9253,196,65734,CREDIT,FAILED
9254,467,47433,CREDIT,SUCCESS
9255,463,66219,CREDIT,SUCCESS
9256,177,20709,CREDIT,SUCCESS
9257,287,34409,DEBIT,SUCCESS
9258,420,9886,CREDIT,SUCCESS
9259,404,37902,DEBIT,SUCCESS
9260,229,10592,DEBIT,SUCCESS
9261,239,26920,DEBIT,SUCCESS
9262,222,41907,DEBIT,SUCCESS
9263,407,54436,CREDIT,SUCCESS
9264,144,96696,DEBIT,SUCCESS
9265,209,43912,DEBIT,SUCCESS
9266,305,30010,DEBIT,SUCCESS
9267,264,74368,CREDIT,SUCCESS
9268,170,1689,CREDIT,FAILED
9269,144,74386,DEBIT,SUCCESS
9270,229,11835,CREDIT,SUCCESS
9271,109,15831,DEBIT,FAILED
9272,102,96096,DEBIT,SUCCESS
9273,287,54761,CREDIT,SUCCESS
9274,425,21310,CREDIT,SUCCESS
9275,276,93775,DEBIT,SUCCESS
9276,482,1756,CREDIT,SUCCESS
9277,248,1790,DEBIT,SUCCESS
9278,374,98831,CREDIT,SUCCESS
9279,323,26485,DEBIT,SUCCESS
9280,330,88954,DEBIT,SUCCESS
9281,318,16355,CREDIT,SUCCESS
9282,297,6430,DEBIT,SUCCESS
9283,234,6736,CREDIT,SUCCESS
9284,103,43404,DEBIT,SUCCESS
9285,270,40520,DEBIT,SUCCESS
9286,380,66059,CREDIT,SUCCESS
9287,481,61118,DEBIT,SUCCESS
9288,106,81162,CREDIT,SUCCESS
9289,320,57734,DEBIT,SUCCESS
9290,152,59009,CREDIT,FAILED
9291,143,6325,DEBIT,SUCCESS
9292,266,10845,DEBIT,SUCCESS
9293,329,99039,CREDIT,FAILED
9294,289,53920,CREDIT,SUCCESS
9295,489,77160,DEBIT,SUCCESS
9296,293,21511,CREDIT,FAILED
9297,213,72536,DEBIT,FAILED
9298,271,92885,CREDIT,SUCCESS
9299,403,31292,CREDIT,FAILED
9300,164,56481,DEBIT,SUCCESS
9301,189,39062,CREDIT,SUCCESS
9302,451,75565,DEBIT,SUCCESS
9303,288,96035,CREDIT,SUCCESS
9304,496,55962,CREDIT,SUCCESS
9305,433,41991,DEBIT,FAILED
9306,169,93342,DEBIT,SUCCESS
9307,480,96055,DEBIT,SUCCESS
9308,193,19044,CREDIT,SUCCESS
9309,234,10839,CREDIT,SUCCESS
9310,415,29740,CREDIT,SUCCESS
9311,489,28487,DEBIT,FAILED
9312,395,20865,CREDIT,SUCCESS
9313,317,99554,DEBIT,FAILED
9314,182,58459,CREDIT,FAILED
9315,239,50738,DEBIT,SUCCESS
9316,215,56965,CREDIT,SUCCESS
9317,337,35811,DEBIT,SUCCESS
9318,113,92869,CREDIT,FAILED
9319,189,77847,DEBIT,SUCCESS
9320,105,97875,CREDIT,SUCCESS
9321,408,14960,DEBIT,SUCCESS
9322,372,38780,DEBIT,FAILED
9323,336,63502,CREDIT,SUCCESS
9324,365,1366,CREDIT,SUCCESS
9325,131,13520,CREDIT,SUCCESS
9326,134,48136,CREDIT,SUCCESS
9327,271,26369,DEBIT,SUCCESS
9328,289,6065,DEBIT,SUCCESS
9329,344,12853,CREDIT,SUCCESS
9330,181,80217,CREDIT,SUCCESS
9331,332,16964,CREDIT,SUCCESS
9332,430,56631,CREDIT,SUCCESS
9333,425,48320,DEBIT,FAILED
9334,246,36099,CREDIT,FAILED
9335,430,55403,DEBIT,SUCCESS
9336,191,3326,CREDIT,FAILED
9337,439,8299,CREDIT,FAILED
9338,157,12872,CREDIT,SUCCESS
9339,146,50076,DEBIT,SUCCESS
9340,267,95326,CREDIT,SUCCESS
9341,436,83739,DEBIT,FAILED
9342,405,59489,DEBIT,SUCCESS
9343,328,30341,DEBIT,FAILED
9344,170,57768,DEBIT,SUCCESS
9345,193,82536,CREDIT,SUCCESS
9346,298,94411,DEBIT,SUCCESS
9347,396,56732,CREDIT,FAILED
9348,353,38480,CREDIT,SUCCESS
9349,218,40844,DEBIT,SUCCESS
9350,340,46993,DEBIT,SUCCESS
9351,491,61667,CREDIT,SUCCESS
9352,328,51129,CREDIT,SUCCESS
9353,488,72478,DEBIT,SUCCESS
9354,199,87293,DEBIT,SUCCESS
9355,340,81171,CREDIT,FAILED
9356,482,15567,CREDIT,SUCCESS
9357,271,67231,DEBIT,SUCCESS
9358,233,3100,CREDIT,SUCCESS
9359,357,45919,CREDIT,SUCCESS
9360,323,62118,DEBIT,SUCCESS
9361,319,91269,DEBIT,SUCCESS
9362,457,42902,CREDIT,SUCCESS
9363,445,63668,DEBIT,SUCCESS
9364,459,79376,CREDIT,SUCCESS
9365,360,48056,DEBIT,SUCCESS
9366,111,13519,DEBIT,FAILED
9367,307,50343,DEBIT,FAILED
9368,413,11702,DEBIT,SUCCESS
9369,486,47480,CREDIT,FAILED
9370,350,48108,CREDIT,SUCCESS
9371,384,92278,DEBIT,SUCCESS
9372,418,27305,CREDIT,SUCCESS
9373,205,72007,DEBIT,SUCCESS
9374,353,95750,DEBIT,SUCCESS
9375,346,5650,CREDIT,SUCCESS
9376,138,17636,CREDIT,SUCCESS
9377,396,55020,CREDIT,SUCCESS
9378,119,20345,DEBIT,FAILED
9379,357,18267,CREDIT,SUCCESS
9380,244,52950,DEBIT,FAILED
9381,187,63037,CREDIT,SUCCESS
9382,369,19918,DEBIT,FAILED
9383,396,32188,DEBIT,SUCCESS
9384,334,50133,CREDIT,SUCCESS
9385,170,99362,DEBIT,FAILED
9386,174,71059,DEBIT,SUCCESS
9387,142,40276,DEBIT,SUCCESS
9388,202,34582,DEBIT,SUCCESS
9389,313,32284,CREDIT,SUCCESS
9390,388,27850,DEBIT,FAILED
9391,103,57981,CREDIT,SUCCESS
9392,478,10641,CREDIT,SUCCESS
9393,395,49635,CREDIT,SUCCESS
9394,108,98273,DEBIT,SUCCESS
9395,493,12674,CREDIT,SUCCESS
9396,487,31951,CREDIT,SUCCESS
9397,103,4655,CREDIT,FAILED
9398,156,53269,CREDIT,SUCCESS
9399,391,91770,CREDIT,FAILED
9400,424,51841,CREDIT,FAILED
9401,251,57438,CREDIT,FAILED
9402,402,16463,CREDIT,SUCCESS
9403,148,96213,CREDIT,SUCCESS
9404,248,56981,DEBIT,FAILED
9405,493,40744,CREDIT,SUCCESS
9406,234,9274,DEBIT,FAILED
9407,389,91590,DEBIT,SUCCESS
9408,230,89092,DEBIT,SUCCESS
9409,147,60516,DEBIT,SUCCESS
9410,146,20439,DEBIT,SUCCESS
9411,212,31455,DEBIT,FAILED
9412,175,22478,CREDIT,FAILED
9413,239,14860,DEBIT,SUCCESS
9414,466,94907,CREDIT,SUCCESS
9415,290,76431,CREDIT,FAILED
9416,260,57639,CREDIT,SUCCESS
9417,430,62777,CREDIT,SUCCESS
9418,492,17743,DEBIT,SUCCESS
9419,466,47329,CREDIT,SUCCESS
9420,353,21823,CREDIT,SUCCESS
9421,175,91675,CREDIT,SUCCESS
9422,262,16590,DEBIT,SUCCESS
9423,116,73837,CREDIT,SUCCESS
9424,183,81578,CREDIT,SUCCESS
9425,460,85542,DEBIT,SUCCESS
9426,238,75720,DEBIT,SUCCESS
9427,464,46608,DEBIT,SUCCESS
9428,243,44464,DEBIT,SUCCESS
9429,282,48211,DEBIT,FAILED
9430,319,38788,DEBIT,SUCCESS
9431,231,22139,DEBIT,SUCCESS
9432,436,16084,DEBIT,FAILED
9433,212,72235,DEBIT,SUCCESS
9434,243,25521,DEBIT,SUCCESS
9435,275,27368,CREDIT,FAILED
9436,104,47939,CREDIT,SUCCESS
9437,235,13195,CREDIT,SUCCESS
9438,182,97069,DEBIT,SUCCESS
9439,342,75049,DEBIT,FAILED
9440,408,4004,CREDIT,SUCCESS
9441,171,78326,CREDIT,SUCCESS
9442,356,21529,CREDIT,SUCCESS
9443,255,20763,DEBIT,SUCCESS
9444,476,81763,DEBIT,SUCCESS
9445,426,79772,CREDIT,SUCCESS
9446,191,9369,DEBIT,SUCCESS
9447,136,21427,CREDIT,SUCCESS
9448,428,1161,DEBIT,SUCCESS
9449,208,46505,DEBIT,SUCCESS
9450,209,7115,CREDIT,SUCCESS
9451,444,12362,DEBIT,SUCCESS
9452,457,20040,DEBIT,FAILED
9453,481,49522,CREDIT,SUCCESS
9454,172,74668,CREDIT,SUCCESS
9455,116,81133,DEBIT,SUCCESS
9456,185,17631,DEBIT,SUCCESS
9457,289,34017,CREDIT,FAILED
9458,493,81685,DEBIT,SUCCESS
9459,187,81261,CREDIT,SUCCESS
9460,232,95446,CREDIT,SUCCESS
9461,377,53924,CREDIT,FAILED
9462,111,85662,DEBIT,SUCCESS
9463,283,36168,DEBIT,FAILED
9464,159,66653,CREDIT,SUCCESS
9465,418,4364,DEBIT,SUCCESS
9466,492,4176,DEBIT,SUCCESS
9467,312,98900,CREDIT,FAILED
9468,131,8147,CREDIT,SUCCESS
9469,285,59140,CREDIT,SUCCESS
9470,189,13247,CREDIT,SUCCESS
9471,430,28676,CREDIT,SUCCESS
9472,266,63497,DEBIT,SUCCESS
9473,201,85927,CREDIT,SUCCESS
9474,434,4502,DEBIT,SUCCESS
9475,394,40365,DEBIT,FAILED
9476,272,55821,CREDIT,SUCCESS
9477,458,80048,DEBIT,SUCCESS
9478,486,94565,CREDIT,SUCCESS
9479,346,71554,CREDIT,SUCCESS
9480,319,92886,DEBIT,FAILED
9481,157,85424,CREDIT,SUCCESS
9482,413,76440,CREDIT,SUCCESS
9483,348,62280,DEBIT,SUCCESS
9484,490,19422,CREDIT,SUCCESS
9485,135,78320,DEBIT,FAILED
9486,331,81684,CREDIT,SUCCESS
9487,457,75699,DEBIT,SUCCESS
9488,198,78423,DEBIT,SUCCESS
9489,295,83725,CREDIT,SUCCESS
9490,426,17236,CREDIT,SUCCESS
9491,321,97723,CREDIT,SUCCESS
9492,231,95358,DEBIT,SUCCESS
9493,367,86549,DEBIT,FAILED
9494,261,50014,DEBIT,FAILED
9495,264,83271,CREDIT,SUCCESS
9496,390,45097,CREDIT,FAILED
9497,288,33980,CREDIT,FAILED
9498,416,40751,CREDIT,FAILED
9499,250,88730,CREDIT,SUCCESS
9500,215,27305,DEBIT,FAILED
9501,205,44309,DEBIT,SUCCESS
9502,396,65334,CREDIT,SUCCESS
9503,350,73240,CREDIT,FAILED
9504,406,85350,DEBIT,SUCCESS
9505,137,61742,DEBIT,FAILED
9506,349,71325,DEBIT,FAILED
9507,265,16727,CREDIT,SUCCESS
9508,406,20642,DEBIT,FAILED
9509,274,50671,DEBIT,SUCCESS
9510,322,75604,DEBIT,SUCCESS
9511,239,69810,DEBIT,FAILED
9512,358,36502,CREDIT,SUCCESS
9513,199,18860,CREDIT,FAILED
9514,251,67490,DEBIT,SUCCESS
9515,106,87462,DEBIT,FAILED
9516,432,60532,DEBIT,FAILED
9517,442,15987,CREDIT,SUCCESS
9518,119,40672,DEBIT,FAILED
9519,416,70678,CREDIT,SUCCESS
9520,368,80372,CREDIT,FAILED
9521,367,75305,DEBIT,SUCCESS
9522,289,81772,CREDIT,SUCCESS
9523,372,45353,DEBIT,SUCCESS
9524,203,82417,CREDIT,SUCCESS
9525,172,65551,DEBIT,SUCCESS
9526,351,67814,DEBIT,FAILED
9527,389,1430,CREDIT,SUCCESS
9528,434,61317,DEBIT,SUCCESS
9529,331,13008,CREDIT,SUCCESS
9530,222,54715,DEBIT,SUCCESS
9531,367,15018,DEBIT,FAILED
9532,363,7967,CREDIT,FAILED
9533,147,51726,DEBIT,SUCCESS
9534,261,12726,CREDIT,SUCCESS
9535,359,12594,CREDIT,SUCCESS
9536,222,24831,CREDIT,FAILED
9537,494,60968,CREDIT,SUCCESS
9538,484,38983,CREDIT,SUCCESS
9539,365,1309,DEBIT,FAILED
9540,250,67418,DEBIT,SUCCESS
9541,160,69441,CREDIT,SUCCESS
9542,194,75434,CREDIT,SUCCESS
9543,141,95105,DEBIT,SUCCESS
9544,150,77659,DEBIT,SUCCESS
9545,281,5654,CREDIT,SUCCESS
9546,326,43097,DEBIT,FAILED
9547,254,94041,DEBIT,FAILED
9548,291,73987,CREDIT,SUCCESS
9549,170,51303,CREDIT,SUCCESS
9550,202,41480,CREDIT,FAILED
9551,227,46936,DEBIT,FAILED
9552,183,60849,CREDIT,SUCCESS
9553,433,33101,DEBIT,SUCCESS
9554,477,38845,CREDIT,SUCCESS
9555,296,76170,DEBIT,SUCCESS
9556,293,23104,CREDIT,SUCCESS
9557,494,48831,CREDIT,FAILED
9558,320,29841,DEBIT,SUCCESS
9559,166,57140,DEBIT,SUCCESS
9560,148,40418,DEBIT,FAILED
9561,172,9651,CREDIT,SUCCESS
9562,119,33119,CREDIT,SUCCESS
9563,313,29529,CREDIT,SUCCESS
9564,339,78701,CREDIT,SUCCESS
9565,443,76647,CREDIT,SUCCESS
9566,295,8794,DEBIT,SUCCESS
9567,389,24746,DEBIT,FAILED
9568,223,93726,DEBIT,SUCCESS
9569,181,64257,DEBIT,FAILED
9570,120,79640,CREDIT,FAILED
9571,111,48246,CREDIT,SUCCESS
9572,123,54382,CREDIT,SUCCESS
9573,368,6911,CREDIT,SUCCESS
9574,302,55544,CREDIT,SUCCESS
9575,329,82101,DEBIT,SUCCESS
9576,211,21326,DEBIT,FAILED
9577,290,4380,CREDIT,SUCCESS
9578,365,90988,CREDIT,SUCCESS
9579,321,18012,CREDIT,SUCCESS
9580,290,42881,CREDIT,SUCCESS
9581,116,78795,DEBIT,SUCCESS
9582,488,55773,CREDIT,SUCCESS
9583,111,40509,DEBIT,SUCCESS
9584,436,80857,CREDIT,SUCCESS
9585,229,54840,CREDIT,SUCCESS
9586,257,2119,CREDIT,FAILED
9587,451,49574,DEBIT,SUCCESS
9588,487,57668,CREDIT,SUCCESS
9589,400,23956,CREDIT,SUCCESS
9590,496,41433,DEBIT,SUCCESS
9591,340,37826,DEBIT,SUCCESS
9592,210,19709,DEBIT,SUCCESS
9593,464,64713,CREDIT,SUCCESS
9594,362,41255,CREDIT,SUCCESS
9595,372,89654,DEBIT,SUCCESS
9596,240,40645,CREDIT,SUCCESS
9597,488,96757,CREDIT,SUCCESS
9598,125,42996,CREDIT,SUCCESS
9599,425,81370,CREDIT,FAILED
9600,345,57510,CREDIT,SUCCESS
9601,215,29814,CREDIT,SUCCESS
9602,478,18717,CREDIT,SUCCESS
9603,189,89008,CREDIT,SUCCESS
9604,252,40778,DEBIT,SUCCESS
9605,385,22737,DEBIT,SUCCESS
9606,320,32390,CREDIT,SUCCESS
9607,432,66504,CREDIT,SUCCESS
9608,414,98846,CREDIT,SUCCESS
9609,149,10910,DEBIT,SUCCESS
9610,313,85501,CREDIT,SUCCESS
9611,410,50843,CREDIT,FAILED
9612,358,76182,DEBIT,FAILED
9613,319,9443,CREDIT,SUCCESS
9614,183,50469,DEBIT,FAILED
9615,414,34501,CREDIT,SUCCESS
9616,269,14404,CREDIT,FAILED
9617,396,97814,CREDIT,SUCCESS
9618,122,28986,DEBIT,SUCCESS
9619,296,57060,DEBIT,FAILED
9620,339,76410,DEBIT,SUCCESS
9621,409,20226,DEBIT,SUCCESS
9622,364,21557,DEBIT,FAILED
9623,438,4305,CREDIT,FAILED
9624,241,58141,CREDIT,SUCCESS
9625,497,63088,DEBIT,SUCCESS
9626,108,69576,DEBIT,SUCCESS
9627,476,62059,DEBIT,SUCCESS
9628,482,26615,DEBIT,SUCCESS
9629,358,27455,DEBIT,SUCCESS
9630,100,58229,DEBIT,SUCCESS
9631,329,34694,CREDIT,SUCCESS
9632,418,2077,DEBIT,FAILED
9633,224,42074,DEBIT,SUCCESS
9634,446,42125,DEBIT,SUCCESS
9635,468,62224,DEBIT,FAILED
9636,186,27233,CREDIT,SUCCESS
9637,379,52192,DEBIT,SUCCESS
9638,443,64886,CREDIT,SUCCESS
9639,148,61070,DEBIT,SUCCESS
9640,362,99806,CREDIT,FAILED
9641,403,14834,DEBIT,SUCCESS
9642,210,50998,CREDIT,FAILED
9643,479,37547,DEBIT,SUCCESS
9644,493,37881,CREDIT,SUCCESS
9645,469,77349,CREDIT,SUCCESS
9646,252,35781,DEBIT,SUCCESS
9647,464,66248,DEBIT,SUCCESS
9648,246,69332,CREDIT,FAILED
9649,486,72340,DEBIT,SUCCESS
9650,187,64264,CREDIT,SUCCESS
9651,443,82070,CREDIT,SUCCESS
9652,140,14479,DEBIT,SUCCESS
9653,390,15595,DEBIT,SUCCESS
9654,188,36907,DEBIT,SUCCESS
9655,332,13759,DEBIT,SUCCESS
9656,317,28324,CREDIT,SUCCESS
9657,394,34742,DEBIT,SUCCESS
9658,319,16897,DEBIT,SUCCESS
9659,201,78708,DEBIT,SUCCESS
9660,366,97212,CREDIT,FAILED
9661,329,7824,CREDIT,SUCCESS
9662,166,65841,DEBIT,SUCCESS
9663,471,89541,DEBIT,SUCCESS
9664,426,6638,DEBIT,SUCCESS
9665,303,47447,DEBIT,SUCCESS
9666,234,55655,DEBIT,SUCCESS
9667,141,19393,DEBIT,FAILED
9668,167,41066,CREDIT,FAILED
9669,206,12993,CREDIT,SUCCESS
9670,354,85114,CREDIT,SUCCESS
9671,289,58620,DEBIT,SUCCESS
9672,369,83215,CREDIT,FAILED
9673,155,12474,CREDIT,FAILED
9674,476,86490,CREDIT,SUCCESS
9675,498,25472,CREDIT,SUCCESS
9676,332,90141,CREDIT,SUCCESS
9677,399,27101,DEBIT,SUCCESS
9678,411,4979,DEBIT,SUCCESS
9679,192,15344,CREDIT,FAILED
9680,273,43429,CREDIT,SUCCESS
9681,345,99052,DEBIT,FAILED
9682,300,10589,CREDIT,FAILED
9683,443,41093,CREDIT,SUCCESS
9684,113,93462,CREDIT,SUCCESS
9685,196,26407,CREDIT,SUCCESS
9686,498,36739,DEBIT,SUCCESS
9687,462,53261,DEBIT,FAILED
9688,365,77685,DEBIT,SUCCESS
9689,276,19659,DEBIT,SUCCESS
9690,225,15018,DEBIT,FAILED
9691,488,6249,CREDIT,FAILED
9692,444,62452,CREDIT,FAILED
9693,490,79894,CREDIT,SUCCESS
9694,278,86364,DEBIT,SUCCESS
9695,297,95378,CREDIT,SUCCESS
9696,329,21929,CREDIT,FAILED
9697,267,92607,DEBIT,SUCCESS
9698,315,78109,DEBIT,SUCCESS
9699,130,70520,DEBIT,SUCCESS
9700,162,18213,CREDIT,SUCCESS
9701,451,94475,DEBIT,FAILED
9702,415,58084,CREDIT,SUCCESS
9703,279,71369,DEBIT,SUCCESS
9704,386,98131,CREDIT,SUCCESS
9705,297,52223,CREDIT,SUCCESS
9706,374,50408,DEBIT,FAILED
9707,114,19670,CREDIT,FAILED
9708,402,17700,DEBIT,FAILED
9709,445,28525,DEBIT,SUCCESS
9710,144,71745,CREDIT,SUCCESS
9711,222,25268,DEBIT,FAILED
9712,404,29138,CREDIT,SUCCESS
9713,333,99834,DEBIT,SUCCESS
9714,210,75035,DEBIT,SUCCESS
9715,493,24998,DEBIT,SUCCESS
9716,390,84509,DEBIT,FAILED
9717,432,69973,CREDIT,FAILED
9718,267,52786,CREDIT,SUCCESS
9719,430,50648,DEBIT,FAILED
9720,347,11722,CREDIT,FAILED
9721,245,29040,DEBIT,SUCCESS
9722,274,64527,DEBIT,SUCCESS
9723,175,10831,CREDIT,SUCCESS
9724,393,59495,DEBIT,SUCCESS
9725,212,19787,DEBIT,SUCCESS
9726,146,16478,DEBIT,SUCCESS
9727,177,68618,CREDIT,SUCCESS
9728,324,99493,DEBIT,SUCCESS
9729,109,92082,CREDIT,SUCCESS
9730,382,15559,CREDIT,FAILED
9731,423,9743,DEBIT,SUCCESS
9732,398,21972,CREDIT,SUCCESS
9733,209,66890,DEBIT,SUCCESS
9734,124,24455,DEBIT,SUCCESS
9735,131,52897,DEBIT,FAILED
9736,346,18056,DEBIT,FAILED
9737,186,63086,CREDIT,FAILED
9738,314,22425,DEBIT,SUCCESS
9739,161,96002,CREDIT,FAILED
9740,448,79676,DEBIT,SUCCESS
9741,169,8064,CREDIT,SUCCESS
9742,332,13580,DEBIT,FAILED
9743,440,8313,DEBIT,SUCCESS
9744,290,19591,CREDIT,FAILED
9745,154,10945,DEBIT,FAILED
9746,375,78391,CREDIT,SUCCESS
9747,187,89020,CREDIT,SUCCESS
9748,339,75453,CREDIT,SUCCESS
9749,451,85120,CREDIT,SUCCESS
9750,237,26977,DEBIT,SUCCESS
9751,182,76621,DEBIT,SUCCESS
9752,465,10051,CREDIT,FAILED
9753,479,66064,DEBIT,FAILED
9754,453,80508,DEBIT,SUCCESS
9755,372,49840,DEBIT,SUCCESS
9756,460,55117,DEBIT,SUCCESS
9757,477,70341,DEBIT,SUCCESS
9758,146,60242,CREDIT,SUCCESS
9759,426,89382,DEBIT,SUCCESS
9760,142,73034,CREDIT,SUCCESS
9761,289,40755,DEBIT,SUCCESS
9762,274,67985,CREDIT,SUCCESS
9763,210,74865,DEBIT,SUCCESS
9764,274,30521,DEBIT,SUCCESS
9765,185,28147,DEBIT,SUCCESS
9766,202,29872,DEBIT,SUCCESS
9767,442,93099,DEBIT,SUCCESS
9768,138,69865,CREDIT,FAILED
9769,346,59642,CREDIT,SUCCESS
9770,368,56086,DEBIT,SUCCESS
9771,262,73133,DEBIT,FAILED
9772,289,41599,DEBIT,SUCCESS
9773,461,97775,CREDIT,SUCCESS
9774,465,19991,CREDIT,FAILED
9775,145,67014,CREDIT,FAILED
9776,325,30499,CREDIT,SUCCESS
9777,137,29775,CREDIT,FAILED
9778,144,70820,DEBIT,SUCCESS
9779,401,18805,DEBIT,FAILED
9780,405,79369,CREDIT,FAILED
9781,477,21914,DEBIT,SUCCESS
9782,136,80038,CREDIT,FAILED
9783,249,48363,CREDIT,SUCCESS
9784,236,91976,DEBIT,FAILED
9785,424,88104,DEBIT,FAILED
9786,457,55569,CREDIT,SUCCESS
9787,302,11966,DEBIT,SUCCESS
9788,368,49594,DEBIT,SUCCESS
9789,146,49528,CREDIT,SUCCESS
9790,120,82502,CREDIT,SUCCESS
9791,407,41130,CREDIT,SUCCESS
9792,173,46208,CREDIT,FAILED
9793,449,53049,DEBIT,SUCCESS
9794,369,58517,DEBIT,SUCCESS
9795,275,92660,CREDIT,SUCCESS
9796,379,12620,DEBIT,SUCCESS
9797,421,65751,DEBIT,SUCCESS
9798,476,58806,CREDIT,SUCCESS
9799,242,63817,DEBIT,SUCCESS
9800,483,52848,CREDIT,SUCCESS
9801,244,43535,CREDIT,SUCCESS
9802,264,23985,CREDIT,SUCCESS
9803,334,81140,DEBIT,SUCCESS
9804,102,12303,DEBIT,SUCCESS
9805,306,88463,CREDIT,SUCCESS
9806,334,91137,CREDIT,FAILED
9807,408,71053,CREDIT,SUCCESS
9808,347,22789,CREDIT,SUCCESS
9809,328,26966,CREDIT,SUCCESS
9810,127,29992,CREDIT,SUCCESS
9811,295,68899,DEBIT,SUCCESS
9812,329,38713,CREDIT,SUCCESS
9813,427,14720,DEBIT,SUCCESS
9814,352,99315,CREDIT,SUCCESS
9815,262,49330,CREDIT,SUCCESS
9816,163,11786,DEBIT,FAILED
9817,129,48660,DEBIT,SUCCESS
9818,387,97859,CREDIT,SUCCESS
9819,412,77651,DEBIT,SUCCESS
9820,284,31262,CREDIT,SUCCESS
9821,446,11362,DEBIT,SUCCESS
9822,255,32707,DEBIT,SUCCESS
9823,339,18253,DEBIT,SUCCESS
9824,387,93586,DEBIT,SUCCESS
9825,272,42796,DEBIT,SUCCESS
9826,485,78198,CREDIT,FAILED
9827,105,15900,CREDIT,SUCCESS
9828,207,69300,DEBIT,SUCCESS
9829,488,62054,DEBIT,SUCCESS
9830,214,80920,CREDIT,SUCCESS
9831,255,33519,CREDIT,FAILED
9832,314,68783,DEBIT,SUCCESS
9833,410,39082,CREDIT,FAILED
9834,118,77752,DEBIT,SUCCESS
9835,385,55570,DEBIT,FAILED
9836,472,27981,CREDIT,SUCCESS
9837,177,94418,DEBIT,FAILED
9838,462,91834,CREDIT,SUCCESS
9839,435,98562,CREDIT,FAILED
9840,255,93925,CREDIT,FAILED
9841,492,77937,CREDIT,SUCCESS
9842,142,50290,DEBIT,SUCCESS
9843,266,33253,DEBIT,SUCCESS
9844,318,90404,DEBIT,FAILED
9845,331,69801,DEBIT,SUCCESS
9846,221,38573,DEBIT,SUCCESS
9847,396,89696,CREDIT,SUCCESS
9848,485,51858,CREDIT,SUCCESS
9849,481,90090,CREDIT,FAILED
9850,322,47314,CREDIT,FAILED
9851,480,3906,CREDIT,SUCCESS
9852,382,88816,DEBIT,SUCCESS
9853,470,47086,DEBIT,SUCCESS
9854,112,25343,CREDIT,FAILED
9855,193,84524,DEBIT,SUCCESS
9856,303,79914,CREDIT,FAILED
9857,100,54106,CREDIT,SUCCESS
9858,107,40194,CREDIT,SUCCESS
9859,281,44709,CREDIT,SUCCESS
9860,394,87294,DEBIT,SUCCESS
9861,457,44682,DEBIT,SUCCESS
9862,410,79444,CREDIT,SUCCESS
9863,240,42962,DEBIT,SUCCESS
9864,245,16408,DEBIT,FAILED
9865,316,27324,DEBIT,SUCCESS
9866,221,65755,CREDIT,FAILED
9867,488,70457,CREDIT,SUCCESS
9868,157,81328,CREDIT,SUCCESS
9869,500,87677,DEBIT,SUCCESS
9870,477,37133,DEBIT,SUCCESS
9871,311,18584,CREDIT,FAILED
9872,406,66333,DEBIT,SUCCESS
9873,408,42796,DEBIT,FAILED
9874,354,73552,DEBIT,SUCCESS
9875,383,22061,DEBIT,SUCCESS
9876,345,82420,CREDIT,SUCCESS
9877,435,98781,DEBIT,SUCCESS
9878,268,95551,CREDIT,SUCCESS
9879,443,85663,DEBIT,SUCCESS
9880,150,13927,DEBIT,SUCCESS
9881,272,65938,DEBIT,FAILED
9882,329,77706,CREDIT,SUCCESS
9883,232,99917,CREDIT,SUCCESS
9884,182,91133,DEBIT,FAILED
9885,410,82231,DEBIT,SUCCESS
9886,218,6945,CREDIT,FAILED
9887,274,71750,CREDIT,FAILED
9888,485,77088,DEBIT,SUCCESS
9889,451,35380,DEBIT,SUCCESS
9890,408,64217,DEBIT,FAILED
9891,251,36766,CREDIT,SUCCESS
9892,382,9897,CREDIT,SUCCESS
9893,297,5635,DEBIT,SUCCESS
9894,273,72181,DEBIT,FAILED
9895,168,12341,DEBIT,FAILED
9896,173,67079,CREDIT,SUCCESS
9897,110,11854,CREDIT,SUCCESS
9898,394,85257,CREDIT,FAILED
9899,155,48165,CREDIT,SUCCESS
9900,480,31715,CREDIT,SUCCESS
9901,289,39109,DEBIT,SUCCESS
9902,170,99530,CREDIT,FAILED
9903,358,22442,CREDIT,FAILED
9904,452,98018,DEBIT,SUCCESS
9905,174,14365,DEBIT,SUCCESS
9906,334,83172,CREDIT,SUCCESS
9907,394,50950,DEBIT,SUCCESS
9908,264,3621,DEBIT,SUCCESS
9909,389,27005,CREDIT,SUCCESS
9910,470,3502,CREDIT,FAILED
9911,493,62374,DEBIT,SUCCESS
9912,128,98514,DEBIT,SUCCESS
9913,492,44502,DEBIT,SUCCESS
9914,303,74231,CREDIT,SUCCESS
9915,136,10044,DEBIT,FAILED
9916,335,77879,DEBIT,SUCCESS
9917,207,70974,DEBIT,FAILED
9918,350,54779,CREDIT,SUCCESS
9919,490,62188,DEBIT,SUCCESS
9920,310,90820,DEBIT,SUCCESS
9921,152,59410,CREDIT,SUCCESS
9922,421,32199,DEBIT,SUCCESS
9923,488,31519,DEBIT,FAILED
9924,196,48839,CREDIT,FAILED
9925,166,9663,CREDIT,SUCCESS
9926,219,20847,CREDIT,SUCCESS
9927,111,22970,DEBIT,SUCCESS
9928,124,2364,CREDIT,SUCCESS
9929,146,93309,DEBIT,FAILED
9930,415,50014,DEBIT,SUCCESS
9931,103,1977,DEBIT,SUCCESS
9932,145,69355,DEBIT,FAILED
9933,100,38010,CREDIT,SUCCESS
9934,242,24585,DEBIT,SUCCESS
9935,265,85007,CREDIT,SUCCESS
9936,212,45588,CREDIT,SUCCESS
9937,193,28166,DEBIT,SUCCESS
9938,390,96844,DEBIT,SUCCESS
9939,209,66292,DEBIT,FAILED
9940,473,76462,CREDIT,FAILED
9941,127,56375,DEBIT,SUCCESS
9942,239,61728,CREDIT,SUCCESS
9943,390,15009,DEBIT,SUCCESS
9944,268,94545,CREDIT,SUCCESS
9945,476,15679,DEBIT,SUCCESS
9946,483,66161,CREDIT,SUCCESS
9947,144,22619,DEBIT,SUCCESS
9948,161,71224,DEBIT,FAILED
9949,206,57715,DEBIT,FAILED
9950,129,15963,CREDIT,SUCCESS
9951,361,48393,CREDIT,SUCCESS
9952,242,39986,CREDIT,SUCCESS
9953,251,43402,DEBIT,SUCCESS
9954,173,41238,DEBIT,SUCCESS
9955,496,38312,DEBIT,SUCCESS
9956,347,12610,CREDIT,SUCCESS
9957,129,61477,DEBIT,FAILED
9958,324,63247,CREDIT,SUCCESS
9959,149,59935,CREDIT,SUCCESS
9960,417,23869,CREDIT,FAILED
9961,194,70452,DEBIT,SUCCESS
9962,324,41102,CREDIT,SUCCESS
9963,434,35891,DEBIT,SUCCESS
9964,374,23973,CREDIT,SUCCESS
9965,296,97721,DEBIT,FAILED
9966,267,75770,DEBIT,FAILED
9967,322,26101,DEBIT,SUCCESS
9968,208,22357,DEBIT,SUCCESS
9969,177,52856,CREDIT,SUCCESS
9970,439,28649,DEBIT,SUCCESS
9971,133,1741,DEBIT,FAILED
9972,216,99443,CREDIT,SUCCESS
9973,134,12275,CREDIT,SUCCESS
9974,402,2615,DEBIT,SUCCESS
9975,438,60182,DEBIT,SUCCESS
9976,159,97290,CREDIT,SUCCESS
9977,207,74518,CREDIT,SUCCESS
9978,485,77263,CREDIT,FAILED
9979,180,31789,DEBIT,SUCCESS
9980,306,25443,CREDIT,SUCCESS
9981,349,21118,DEBIT,SUCCESS
9982,340,99317,DEBIT,SUCCESS
9983,227,91998,CREDIT,SUCCESS
9984,371,94105,DEBIT,SUCCESS
9985,266,32703,CREDIT,SUCCESS
9986,257,57150,DEBIT,SUCCESS
9987,379,79548,DEBIT,FAILED
9988,396,71253,DEBIT,SUCCESS
9989,163,41761,CREDIT,SUCCESS
9990,254,88143,DEBIT,SUCCESS
9991,120,4928,DEBIT,SUCCESS
9992,372,65771,DEBIT,SUCCESS
9993,480,31485,CREDIT,SUCCESS
9994,263,88819,DEBIT,SUCCESS
9995,237,43475,DEBIT,FAILED
9996,388,72689,CREDIT,FAILED
9997,284,76011,DEBIT,FAILED
9998,171,17172,DEBIT,FAILED
9999,133,10951,DEBIT,SUCCESS
10000,147,94087,DEBIT,FAILED
